{
"type": "FeatureCollection",
"name": "cissbury_features",
"crs": { "type": "name", "properties": { "name": "urn:ogc:def:crs:OGC:1.3:CRS84" } },
"features": [
{ "type": "Feature", "properties": { "fid": 1, "pit_id": 1, "mon_name": "Circular enclosure", "site": "Cissbury Ring", "mon_type": "Circular enclosure", "nhle_id": "130719", "mon_uid": "MNA147470", "src_shot": "142656", "full_label": "Circular enclosure, Cissbury Ring", "area_m2": 561.33, "perim_m": 86.21, "diam_m": 26.73 }, "geometry": { "type": "Polygon", "coordinates": [ [ [ -0.385256537861382, 50.859057568560033 ], [ -0.38527294407365, 50.85905756852717 ], [ -0.38528774291793, 50.859057323591138 ], [ -0.385300934394003, 50.859056833752526 ], [ -0.385312518501699, 50.859056099011902 ], [ -0.385322495240899, 50.859055119369742 ], [ -0.38533086461154, 50.859053894826459 ], [ -0.385337626613609, 50.859052425382387 ], [ -0.385342781247142, 50.859050711037817 ], [ -0.385346328512231, 50.859048751792947 ], [ -0.385349598648138, 50.859047037453287 ], [ -0.385352591654943, 50.859045568018871 ], [ -0.385355307532721, 50.859044343489707 ], [ -0.385357746281535, 50.859043363865794 ], [ -0.385359907901442, 50.859042629147176 ], [ -0.385361792392488, 50.859042139333887 ], [ -0.38536339975471, 50.859041894425893 ], [ -0.385364729988138, 50.859041894423235 ], [ -0.385365949367509, 50.859041789461585 ], [ -0.385367057892814, 50.859041579540985 ], [ -0.385368055564047, 50.859041264661393 ], [ -0.385368942381206, 50.859040844822836 ], [ -0.385369718344284, 50.859040320025315 ], [ -0.385370383453281, 50.85903969026883 ], [ -0.385370937708197, 50.859038955553387 ], [ -0.385371381109034, 50.859038115878974 ], [ -0.385371935363939, 50.859037381163532 ], [ -0.385372600472911, 50.859036751407089 ], [ -0.38537337643595, 50.859036226609597 ], [ -0.385374263253059, 50.859035806771089 ], [ -0.385375260924239, 50.859035491891539 ], [ -0.385376369449496, 50.859035281970961 ], [ -0.385377588828835, 50.859035177009339 ], [ -0.385378919062265, 50.859035177006675 ], [ -0.385380304718757, 50.859034897112672 ], [ -0.385381745798287, 50.859034337327316 ], [ -0.385383242300826, 50.859033497650607 ], [ -0.385384794226345, 50.859032378082532 ], [ -0.385386401574811, 50.859030978623103 ], [ -0.385388064346189, 50.859029299272322 ], [ -0.385389782540445, 50.85902734003016 ], [ -0.385391556157537, 50.859025100896645 ], [ -0.385393274351135, 50.859023106668062 ], [ -0.385394937121271, 50.859021357344417 ], [ -0.385396544467979, 50.859019852925712 ], [ -0.38539809639129, 50.859018593411953 ], [ -0.385399592891234, 50.859017578803133 ], [ -0.385401033967838, 50.859016809099266 ], [ -0.385402419621125, 50.859016284300353 ], [ -0.385403749851122, 50.859016004406378 ], [ -0.385404913801076, 50.85901565453991 ], [ -0.385405911470986, 50.859015234700912 ], [ -0.385406742860853, 50.8590147448894 ], [ -0.385407407970676, 50.859014185105409 ], [ -0.385407906800459, 50.859013555348902 ], [ -0.385408239350207, 50.859012855619895 ], [ -0.385408405619925, 50.859012085918394 ], [ -0.385408405609621, 50.859011246244393 ], [ -0.38540857187937, 50.859010476542899 ], [ -0.385408904429164, 50.85900977681392 ], [ -0.385409403258998, 50.859009147057442 ], [ -0.385410068368868, 50.859008587273451 ], [ -0.38541089975877, 50.859008097461953 ], [ -0.385411897428704, 50.859007677622976 ], [ -0.385413061378669, 50.85900732775648 ], [ -0.385414391608665, 50.859007047862448 ], [ -0.38541566641016, 50.859006593036412 ], [ -0.385416885783139, 50.859005963278342 ], [ -0.385418049727591, 50.859005158588246 ], [ -0.385419158243505, 50.859004178966117 ], [ -0.385420211330871, 50.859003024411983 ], [ -0.385421208989683, 50.859001694925809 ], [ -0.385422151219933, 50.859000190507622 ], [ -0.385423038021614, 50.858998511157402 ], [ -0.385423980251809, 50.85899700673923 ], [ -0.38542497791052, 50.858995677253056 ], [ -0.385426030997755, 50.858994522698893 ], [ -0.385427139513522, 50.85899354307675 ], [ -0.385428303457831, 50.858992738386618 ], [ -0.385429522830691, 50.858992108628499 ], [ -0.385430797632115, 50.858991653802377 ], [ -0.385432127862114, 50.858991373908296 ], [ -0.38543334723805, 50.858990989055087 ], [ -0.385434455759915, 50.858990499242779 ], [ -0.385435453427706, 50.858989904471379 ], [ -0.385436340241419, 50.858989204740894 ], [ -0.385437116201054, 50.858988400051331 ], [ -0.385437781306611, 50.858987490402662 ], [ -0.385438335558093, 50.858986475794914 ], [ -0.385438778955501, 50.858985356228075 ], [ -0.385439277781008, 50.858984376606898 ], [ -0.385439832034618, 50.858983536931326 ], [ -0.385440441716328, 50.858982837201403 ], [ -0.385441106826143, 50.858982277417127 ], [ -0.38544182736407, 50.858981857578463 ], [ -0.385442603330112, 50.858981577685434 ], [ -0.385443434724274, 50.858981437738038 ], [ -0.385444321546563, 50.858981437736269 ], [ -0.385445319216638, 50.858981017896909 ], [ -0.385446427734466, 50.858980178219952 ], [ -0.385447647100012, 50.858978918705382 ], [ -0.385448977313235, 50.858977239353209 ], [ -0.385450418374084, 50.85897514016343 ], [ -0.385451970282505, 50.858972621136033 ], [ -0.385453633038439, 50.85896968227101 ], [ -0.385455406641815, 50.85896632356836 ], [ -0.385457069390644, 50.85896282491975 ], [ -0.385458621284933, 50.85895918632518 ], [ -0.385460062324695, 50.858955407784656 ], [ -0.385461392509943, 50.858951489298185 ], [ -0.385462611840688, 50.858947430865747 ], [ -0.385463720316952, 50.858943232487384 ], [ -0.385464717938752, 50.858938894163067 ], [ -0.385465604706108, 50.858934415892818 ], [ -0.385466269768532, 50.858930007595596 ], [ -0.38546671312609, 50.858925669271393 ], [ -0.385466934778847, 50.858921400920224 ], [ -0.385466934726861, 50.858917202542109 ], [ -0.385466712970197, 50.858913074137014 ], [ -0.38546626950891, 50.858909015704938 ], [ -0.385465604344972, 50.858905027247737 ], [ -0.38546471747753, 50.858901108764513 ], [ -0.385463830615825, 50.858897680091928 ], [ -0.385462943759831, 50.858894741229946 ], [ -0.38546205690952, 50.858892292178602 ], [ -0.385461170064868, 50.858890332937868 ], [ -0.385460283225847, 50.858888863507758 ], [ -0.38545939639243, 50.858887883888265 ], [ -0.385458509564591, 50.858887394079403 ], [ -0.385457622742299, 50.858887394081158 ], [ -0.385456791344365, 50.858887219150354 ], [ -0.385456015370796, 50.858886869286998 ], [ -0.385455294821601, 50.858886344491076 ], [ -0.385454629696782, 50.858885644762616 ], [ -0.38545401999635, 50.858884770101589 ], [ -0.385453465720305, 50.858883720508004 ], [ -0.385452966868649, 50.858882495981881 ], [ -0.385452523441383, 50.858881096523213 ], [ -0.385452024589753, 50.858879871997068 ], [ -0.385451470313756, 50.858878822403504 ], [ -0.38545086061339, 50.858877947742506 ], [ -0.38545019548865, 50.858877248014046 ], [ -0.385449474939534, 50.858876723218152 ], [ -0.385448698966036, 50.858876373354803 ], [ -0.385447867568146, 50.858876198424014 ], [ -0.385446980745857, 50.858876198425762 ], [ -0.385446149347925, 50.858876023494915 ], [ -0.385445373374359, 50.858875673631474 ], [ -0.385444652825166, 50.85887514883543 ], [ -0.385443987700353, 50.858874449106793 ], [ -0.385443377999923, 50.858873574445568 ], [ -0.385442823723881, 50.858872524851748 ], [ -0.385442324872229, 50.858871300325333 ], [ -0.385441881444968, 50.858869900866324 ], [ -0.38544138259334, 50.85886867633991 ], [ -0.385440828317347, 50.858867626746097 ], [ -0.385440218616985, 50.858866752084872 ], [ -0.385439553492249, 50.858866052356262 ], [ -0.385438832943136, 50.858865527560241 ], [ -0.385438056969641, 50.858865177696806 ], [ -0.385437225571753, 50.85886500276596 ], [ -0.385436338749465, 50.858865002767722 ], [ -0.385435507351536, 50.85886482783684 ], [ -0.385434731377973, 50.858864477973306 ], [ -0.385434010828783, 50.858863953177142 ], [ -0.385433345703972, 50.858863253448341 ], [ -0.385432736003547, 50.858862378786903 ], [ -0.385432181727508, 50.858861329192834 ], [ -0.385431682875861, 50.858860104666114 ], [ -0.385431239448604, 50.858858705206771 ], [ -0.385430740596981, 50.858857480680051 ], [ -0.385430186320992, 50.858856431085997 ], [ -0.385429576620632, 50.858855556424565 ], [ -0.3854289114959, 50.858854856695785 ], [ -0.38542819094679, 50.858854331899622 ], [ -0.385427414973296, 50.858853982036109 ], [ -0.385426583575411, 50.858853807105234 ], [ -0.385425696753128, 50.858853807106989 ], [ -0.385424865355201, 50.858853632176064 ], [ -0.38542408938164, 50.858853282312459 ], [ -0.385423368832452, 50.858852757516161 ], [ -0.385422703707646, 50.858852057787189 ], [ -0.385422094007223, 50.858851183125537 ], [ -0.385421539731189, 50.858850133531213 ], [ -0.385421040879545, 50.858848909004195 ], [ -0.385420597452293, 50.858847509544518 ], [ -0.385419433481266, 50.858846075099862 ], [ -0.385417548966533, 50.858844605670207 ], [ -0.385414943908169, 50.858843101255516 ], [ -0.385411618306251, 50.858841561855755 ], [ -0.385407572160859, 50.858839987470851 ], [ -0.385402805472078, 50.858838378100735 ], [ -0.385397318239996, 50.858836733745321 ], [ -0.385391110464704, 50.858835054404501 ], [ -0.385385678660869, 50.858833515007959 ], [ -0.385381022828362, 50.858832115555792 ], [ -0.385377142967069, 50.858830856048115 ], [ -0.38537403907689, 50.858829736484971 ], [ -0.385371711157739, 50.858828756866444 ], [ -0.385370159209544, 50.858827917192571 ], [ -0.385369383232248, 50.858827217463393 ], [ -0.385369383225811, 50.858826657678918 ], [ -0.38536893980733, 50.858826027922291 ], [ -0.385368052976826, 50.858825328193497 ], [ -0.385366722734324, 50.858824558492564 ], [ -0.385364949079852, 50.858823718819444 ], [ -0.385362732013443, 50.858822809174107 ], [ -0.385360071535132, 50.858821829556561 ], [ -0.385356967644962, 50.858820779966763 ], [ -0.385353420342977, 50.85881966040467 ], [ -0.38534859823706, 50.858818785751701 ], [ -0.385342501327211, 50.8588181560077 ], [ -0.38533512961339, 50.858817771172461 ], [ -0.385326483095517, 50.858817631245742 ], [ -0.385316561773475, 50.858817736227252 ], [ -0.385305365647102, 50.858818086116678 ], [ -0.385292894716202, 50.858818680913657 ], [ -0.385279148980534, 50.85881952061775 ], [ -0.385265902088151, 50.85882078015851 ], [ -0.385253154038724, 50.858822459536135 ], [ -0.385240904831959, 50.858824558750726 ], [ -0.385229154467584, 50.858827077802488 ], [ -0.385217902945355, 50.858830016691549 ], [ -0.385207150265058, 50.858833375418037 ], [ -0.385196896426501, 50.858837153982137 ], [ -0.385187141429522, 50.858841352383905 ], [ -0.385177996123181, 50.858845620756618 ], [ -0.385169460507598, 50.858849959100411 ], [ -0.385161534582902, 50.858854367415432 ], [ -0.385154218349232, 50.858858845701782 ], [ -0.385147511806725, 50.858863393959595 ], [ -0.38514141495553, 50.858868012188957 ], [ -0.385135927795798, 50.858872700389995 ], [ -0.385131050327686, 50.85887745856278 ], [ -0.38512639456576, 50.858882286707441 ], [ -0.385121960510067, 50.85888718482402 ], [ -0.385117748160657, 50.858892152912546 ], [ -0.38511375751758, 50.858897190973018 ], [ -0.38510998858089, 50.858902299005493 ], [ -0.385106441350643, 50.858907477009971 ], [ -0.385103115831266, 50.858912724990496 ], [ -0.385100012018623, 50.85891804294323 ], [ -0.385097296193336, 50.858923605799575 ], [ -0.3850949683555, 50.858929413559572 ], [ -0.385093028505216, 50.858935466223237 ], [ -0.385091476642603, 50.858941763790583 ], [ -0.38509031276779, 50.858948306261638 ], [ -0.385089536880919, 50.858955093636411 ], [ -0.385089148982143, 50.858962125914907 ], [ -0.385089149071628, 50.85896940309712 ], [ -0.385089260002648, 50.858975770631325 ], [ -0.385089481775247, 50.858981228517536 ], [ -0.385089814389462, 50.858985776755752 ], [ -0.385090257845309, 50.858989415345981 ], [ -0.385090812142796, 50.858992144288194 ], [ -0.38509147728191, 50.858993963582421 ], [ -0.385092253262631, 50.858994873228653 ], [ -0.38509314008492, 50.858994873226884 ], [ -0.385093971482946, 50.858995048157375 ], [ -0.385094747456716, 50.858995398020085 ], [ -0.385095468006241, 50.858995922815048 ], [ -0.385096133131522, 50.858996622542257 ], [ -0.385096742832568, 50.858997497201706 ], [ -0.385097297109381, 50.858998546793408 ], [ -0.385097795961963, 50.858999771317343 ], [ -0.385098239390315, 50.859001170773531 ], [ -0.385098738242921, 50.859002395297487 ], [ -0.38509929251978, 50.859003444889197 ], [ -0.385099902220892, 50.859004319548639 ], [ -0.385100567346249, 50.859005019275862 ], [ -0.38510128789585, 50.859005544070847 ], [ -0.385102063869688, 50.859005893933578 ], [ -0.385102895267756, 50.859006068864048 ], [ -0.385103782090044, 50.859006068862264 ], [ -0.385104613488069, 50.859006243792706 ], [ -0.385105389461839, 50.859006593655337 ], [ -0.385106110011362, 50.859007118450165 ], [ -0.385106775136643, 50.859007818177204 ], [ -0.385107384837688, 50.85900869283644 ], [ -0.385107939114499, 50.859009742427872 ], [ -0.385108437967079, 50.85901096695153 ], [ -0.385108881395429, 50.859012366407384 ], [ -0.385109380248034, 50.859013590931042 ], [ -0.385109934524891, 50.859014640522481 ], [ -0.385110544226001, 50.859015515181738 ], [ -0.385111209351357, 50.859016214908777 ], [ -0.385111929900957, 50.859016739703627 ], [ -0.385112705874795, 50.859017089566265 ], [ -0.385113537272861, 50.8590172644967 ], [ -0.385114424095148, 50.859017264494923 ], [ -0.385115255493172, 50.859017439425315 ], [ -0.385116031466941, 50.859017789287854 ], [ -0.385116752016463, 50.859018314082569 ], [ -0.385117417141743, 50.859019013809423 ], [ -0.385118026842785, 50.859019888468445 ], [ -0.385118581119596, 50.859020938059629 ], [ -0.385119079972174, 50.859022162582995 ], [ -0.385119523400525, 50.859023562038495 ], [ -0.385120077680359, 50.85902485653456 ], [ -0.385120742811685, 50.859026046071165 ], [ -0.385121518794507, 50.8590271306483 ], [ -0.385122405628827, 50.859028110265982 ], [ -0.385123403314648, 50.85902898492418 ], [ -0.385124511851967, 50.859029754622938 ], [ -0.385125731240784, 50.859030419362213 ], [ -0.385127061481096, 50.859030979142027 ], [ -0.385128225442677, 50.859031573908531 ], [ -0.385129223125525, 50.859032203661755 ], [ -0.385130054529634, 50.859032868401719 ], [ -0.385130719655, 50.859033568128396 ], [ -0.385131218501615, 50.859034302841799 ], [ -0.385131551069474, 50.859035072541921 ], [ -0.385131717358569, 50.859035877228798 ], [ -0.385131717368891, 50.859036716902388 ], [ -0.385131939084742, 50.859037556575544 ], [ -0.385132382506136, 50.859038396248245 ], [ -0.385133047633082, 50.859039235920491 ], [ -0.385133934465594, 50.859040075592283 ], [ -0.385135043003683, 50.859040915263634 ], [ -0.385136373247361, 50.859041754934516 ], [ -0.38513792519664, 50.859042594604929 ], [ -0.385139698851533, 50.859043434274852 ], [ -0.385142082197404, 50.859044343916501 ], [ -0.385145075234297, 50.859045323529863 ], [ -0.385148677962266, 50.859046373114857 ], [ -0.385152890381372, 50.859047492671436 ], [ -0.385157712491674, 50.859048682199543 ], [ -0.385163144293243, 50.859049941699119 ], [ -0.385169185786157, 50.859051271170017 ], [ -0.385175836970495, 50.859052670612222 ], [ -0.385183707533462, 50.859053895121164 ], [ -0.385192797475071, 50.859054944696602 ], [ -0.385203106795311, 50.859055819338259 ], [ -0.385214635494142, 50.859056519045815 ], [ -0.385227383571496, 50.859057043818915 ], [ -0.385241351027283, 50.859057393657125 ], [ -0.385256537861382, 50.859057568560033 ] ] ] } },
{ "type": "Feature", "properties": { "fid": 2, "pit_id": 2, "mon_name": "Flint Mine Pit", "site": "Cissbury Ring", "mon_type": "Flint mine pit", "nhle_id": null, "mon_uid": "MNA188897", "src_shot": "142509", "full_label": "Flint Mine Pit, Cissbury Ring", "area_m2": 690.51, "perim_m": 117.76, "diam_m": 29.65 }, "geometry": { "type": "Polygon", "coordinates": [ [ [ -0.386869897310409, 50.859716144156877 ], [ -0.386869897303604, 50.859715584382805 ], [ -0.386870784117996, 50.859714919649399 ], [ -0.386872557753541, 50.859714149956645 ], [ -0.386875218210185, 50.859713275304493 ], [ -0.386878765487863, 50.859712295692901 ], [ -0.386883199586494, 50.859711211121763 ], [ -0.386888520505991, 50.859710021591013 ], [ -0.386894728246253, 50.859708727100497 ], [ -0.38690182280717, 50.859707327650085 ], [ -0.386908030546808, 50.859706033158837 ], [ -0.386913351465283, 50.859704843626886 ], [ -0.386917785562693, 50.859703759054376 ], [ -0.386921332839128, 50.859702779441385 ], [ -0.386923993294666, 50.859701904788018 ], [ -0.386925766929374, 50.859701135094312 ], [ -0.386926653743305, 50.859700470360316 ], [ -0.386926653736502, 50.859699910586066 ], [ -0.386927097140875, 50.859699350810914 ], [ -0.386927983956408, 50.859698791034866 ], [ -0.386929314183083, 50.859698231257923 ], [ -0.386931087820887, 50.859697671480056 ], [ -0.386933304869805, 50.859697111701237 ], [ -0.386935965329818, 50.859696551921466 ], [ -0.386939069200916, 50.859695992140693 ], [ -0.38694261648308, 50.85969543235889 ], [ -0.38694572035407, 50.859694872577933 ], [ -0.386948380813901, 50.859694312797828 ], [ -0.386950597862588, 50.859693753018668 ], [ -0.386952371500146, 50.85969319324041 ], [ -0.386953701726591, 50.859692633463126 ], [ -0.386954588541939, 50.859692073686794 ], [ -0.386955031946204, 50.859691513911443 ], [ -0.386955031939402, 50.859690954137079 ], [ -0.386955253637774, 50.859690359376351 ], [ -0.386955697041312, 50.859689729629252 ], [ -0.386956362150003, 50.859689064895775 ], [ -0.386957248963839, 50.859688365175963 ], [ -0.386958357482806, 50.859687630469743 ], [ -0.386959687706893, 50.859686860777146 ], [ -0.386961239636086, 50.859686056098148 ], [ -0.386963013270368, 50.859685216432766 ], [ -0.386964897757859, 50.859684411753058 ], [ -0.386966893098553, 50.859683642059025 ], [ -0.386968999292453, 50.859682907350674 ], [ -0.386971216339558, 50.859682207627976 ], [ -0.386973544239866, 50.859681542890925 ], [ -0.38697598299338, 50.859680913139556 ], [ -0.386978532600099, 50.859680318373805 ], [ -0.386981193060027, 50.859679758593693 ], [ -0.386984463204693, 50.859678674023705 ], [ -0.386988343033946, 50.859677064663764 ], [ -0.386992832547595, 50.859674930513812 ], [ -0.386997931745403, 50.859672271573793 ], [ -0.387003640627097, 50.859669087843606 ], [ -0.387009959192359, 50.859665379323182 ], [ -0.387016887440835, 50.8596611460124 ], [ -0.387024425372123, 50.859656387911173 ], [ -0.387031131911535, 50.859652049642278 ], [ -0.387037007059476, 50.859648131205873 ], [ -0.387042050816316, 50.859644632602077 ], [ -0.387046263182375, 50.859641553830983 ], [ -0.387049644157927, 50.859638894892718 ], [ -0.387052193743208, 50.859636655787341 ], [ -0.387053911938403, 50.859634836514878 ], [ -0.387054798743657, 50.859633437075424 ], [ -0.387055740976978, 50.859632177579591 ], [ -0.387056738638371, 50.859631058027418 ], [ -0.387057791727843, 50.859630078418874 ], [ -0.387058900245397, 50.859629238753982 ], [ -0.387060064191044, 50.859628539032713 ], [ -0.387061283564788, 50.859627979255102 ], [ -0.387062558366641, 50.859627559421106 ], [ -0.387063888596614, 50.859627279530748 ], [ -0.387065163398524, 50.859626859696689 ], [ -0.387066382772363, 50.859626299918965 ], [ -0.387067546718122, 50.859625600197532 ], [ -0.387068655235793, 50.859624760532412 ], [ -0.387069708325369, 50.859623780923606 ], [ -0.387070705986843, 50.859622661371105 ], [ -0.38707164822021, 50.859621401874932 ], [ -0.387072535025466, 50.859620002435065 ], [ -0.387073754387963, 50.859618498036632 ], [ -0.38707530630766, 50.859616888679618 ], [ -0.387077190784514, 50.859615174363974 ], [ -0.387079407818474, 50.859613355089742 ], [ -0.387081957409488, 50.859611430856859 ], [ -0.387084839557498, 50.85960940166531 ], [ -0.38708805426244, 50.859607267515088 ], [ -0.38709160152425, 50.85960502840615 ], [ -0.387095037935635, 50.85960299921318 ], [ -0.387098363496656, 50.859601179936149 ], [ -0.387101578207373, 50.859599570575092 ], [ -0.387104682067839, 50.85959817113001 ], [ -0.387107675078106, 50.859596981600909 ], [ -0.387110557238223, 50.859596001987832 ], [ -0.387113328548236, 50.859595232290744 ], [ -0.387115989008186, 50.859594672509658 ], [ -0.387118316909754, 50.859594112729219 ], [ -0.38712031225295, 50.859593552949448 ], [ -0.387121975037785, 50.859592993170345 ], [ -0.387123305264269, 50.859592433391931 ], [ -0.387124302932418, 50.859591873614242 ], [ -0.38712496804224, 50.859591313837235 ], [ -0.387125300593748, 50.859590754060953 ], [ -0.387125300586954, 50.859590194285403 ], [ -0.387125688564536, 50.859589599523083 ], [ -0.387126464526476, 50.859588969774009 ], [ -0.387127628472761, 50.859588305038159 ], [ -0.387129180403371, 50.859587605315539 ], [ -0.387131120318282, 50.85958687060613 ], [ -0.387133448217475, 50.859586100909894 ], [ -0.387136164100925, 50.859585296226825 ], [ -0.387139267968607, 50.859584456556874 ], [ -0.387141983851903, 50.859583651873656 ], [ -0.387144311750836, 50.859582882177165 ], [ -0.387146251665433, 50.859582147467449 ], [ -0.387147803595713, 50.859581447744517 ], [ -0.3871489675417, 50.859580783008383 ], [ -0.387149743503409, 50.859580153259046 ], [ -0.387150131480859, 50.859579558496542 ], [ -0.387150131474067, 50.859578998720842 ], [ -0.3871502977473, 50.859578508916776 ], [ -0.387150630300555, 50.859578089084337 ], [ -0.387151129133828, 50.859577739223496 ], [ -0.387151794247117, 50.85957745933429 ], [ -0.387152625640425, 50.859577249416695 ], [ -0.387153623313752, 50.859577109470699 ], [ -0.3871547872671, 50.859577039496315 ], [ -0.387156117500474, 50.85957703949353 ], [ -0.387157614006931, 50.859576514700521 ], [ -0.387159276786413, 50.85957546511726 ], [ -0.387161105838853, 50.859573890743725 ], [ -0.387163101164174, 50.859571791579931 ], [ -0.387165262762282, 50.859569167625878 ], [ -0.387167590633076, 50.859566018881537 ], [ -0.387170084776443, 50.859562345346902 ], [ -0.387172745192257, 50.859558147021943 ], [ -0.387175073049833, 50.859553983683313 ], [ -0.387177068349267, 50.859549855330989 ], [ -0.38717873109065, 50.859545761965002 ], [ -0.387180061274073, 50.859541703585371 ], [ -0.387181058899625, 50.859537680192098 ], [ -0.387181723967393, 50.859533691785195 ], [ -0.387182056477465, 50.859529738364678 ], [ -0.387182056429926, 50.859525819930532 ], [ -0.387182000960638, 50.859522286342674 ], [ -0.387181890069616, 50.85951913760109 ], [ -0.387181723756871, 50.859516373705802 ], [ -0.387181502022409, 50.859513994656794 ], [ -0.387181224866234, 50.85951200045406 ], [ -0.387180892288349, 50.859510391097601 ], [ -0.387180504288752, 50.859509166587451 ], [ -0.387180060867436, 50.859508326923574 ], [ -0.387179506594618, 50.85950759221803 ], [ -0.387178841470298, 50.859506962470832 ], [ -0.387178065494476, 50.859506437681958 ], [ -0.387177178667151, 50.859506017851416 ], [ -0.387176180988319, 50.85950570297922 ], [ -0.387175072457976, 50.859505493065335 ], [ -0.387173853076118, 50.859505388109781 ], [ -0.387172522842736, 50.859505388112559 ], [ -0.38717119260718, 50.859505213185116 ], [ -0.387169862369463, 50.85950486332748 ], [ -0.387168532129603, 50.859504338539651 ], [ -0.387167201887612, 50.8595036388216 ], [ -0.387165871643507, 50.859502764173357 ], [ -0.387164541397301, 50.85950171459492 ], [ -0.387163211149009, 50.859500490086269 ], [ -0.387161880898645, 50.859499090647418 ], [ -0.387160495223622, 50.859497831152858 ], [ -0.387159054123933, 50.859496711602581 ], [ -0.387157557599568, 50.859495731996553 ], [ -0.387156005650518, 50.859494892334808 ], [ -0.387154398276772, 50.859494192617333 ], [ -0.387152735478318, 50.859493632844142 ], [ -0.387151017255145, 50.859493213015185 ], [ -0.387149243607238, 50.859492933130511 ], [ -0.387147636235931, 50.85949244332916 ], [ -0.387146195141242, 50.859491743611109 ], [ -0.38714492032318, 50.859490833976409 ], [ -0.387143811781753, 50.859489714425031 ], [ -0.387142869516964, 50.859488384956997 ], [ -0.387142093528813, 50.859486845572299 ], [ -0.38714148381729, 50.859485096270959 ], [ -0.387141040382384, 50.859483137052955 ], [ -0.387141317492059, 50.859481282791684 ], [ -0.387142315146229, 50.859479533487153 ], [ -0.387144033344822, 50.859477889139342 ], [ -0.387146472087774, 50.859476349748199 ], [ -0.387149631375033, 50.859474915313697 ], [ -0.387153511206555, 50.859473585835765 ], [ -0.387158111582307, 50.859472361314353 ], [ -0.387163432502263, 50.859471241749361 ], [ -0.387168088306194, 50.859470192157659 ], [ -0.387172078994161, 50.859469212539317 ], [ -0.387175404566223, 50.85946830289442 ], [ -0.387178065022433, 50.859467463223034 ], [ -0.387180060362836, 50.859466693525185 ], [ -0.387181390587475, 50.859465993800924 ], [ -0.387182055696384, 50.859465364050251 ], [ -0.387182055689593, 50.859464804273195 ], [ -0.387182332815202, 50.859464279481649 ], [ -0.387182887073204, 50.859463789675623 ], [ -0.387183718463592, 50.859463334855072 ], [ -0.387184826986359, 50.859462915020039 ], [ -0.387186212641499, 50.859462530170497 ], [ -0.387187875429011, 50.85946218030643 ], [ -0.387189815348893, 50.859461865427818 ], [ -0.387192032401141, 50.859461585534682 ], [ -0.387194138599777, 50.859461235669592 ], [ -0.387196133944793, 50.859460815832591 ], [ -0.387198018436183, 50.859460326023651 ], [ -0.38719979207394, 50.859459766242807 ], [ -0.387201454858063, 50.859459136490031 ], [ -0.387203006788546, 50.859458436765358 ], [ -0.387204447865391, 50.85945766706876 ], [ -0.387205778088592, 50.859456827400287 ], [ -0.387207052881646, 50.859455672857109 ], [ -0.38720827224453, 50.859454203439256 ], [ -0.387209436177225, 50.85945241914672 ], [ -0.387210544679711, 50.859450319979501 ], [ -0.387211597751974, 50.859447905937593 ], [ -0.387212595394001, 50.859445177021009 ], [ -0.387213537605777, 50.859442133229742 ], [ -0.387214424387295, 50.859438774563806 ], [ -0.387215034038367, 50.859435555842637 ], [ -0.387215366559059, 50.859432477066235 ], [ -0.387215421949427, 50.859429538234622 ], [ -0.387215200209524, 50.859426739347796 ], [ -0.387214701339399, 50.859424080405752 ], [ -0.387213925339093, 50.859421561408482 ], [ -0.387212872208648, 50.859419182355992 ], [ -0.387211541948097, 50.859416943248235 ], [ -0.387210211690586, 50.85941494904322 ], [ -0.387208881436096, 50.859413199740885 ], [ -0.387207551184608, 50.859411695341251 ], [ -0.387206220936101, 50.859410435844318 ], [ -0.387204890690555, 50.859409421250092 ], [ -0.38720356044795, 50.859408651558546 ], [ -0.387202230208262, 50.859408126769729 ], [ -0.387200899971475, 50.859407846883606 ], [ -0.387199736013018, 50.859407497024883 ], [ -0.387198738332894, 50.859407077193602 ], [ -0.387197906931101, 50.859406587389742 ], [ -0.387197241807639, 50.859406027613296 ], [ -0.387196742962504, 50.859405397864307 ], [ -0.387196410395691, 50.85940469814274 ], [ -0.387196244107196, 50.8594039284486 ], [ -0.38719624409701, 50.85940308878191 ], [ -0.387196022382084, 50.859402319087913 ], [ -0.387195578962432, 50.859401619366601 ], [ -0.387194913838059, 50.859400989617981 ], [ -0.387194027008974, 50.85940042984204 ], [ -0.387192918475178, 50.859399940038777 ], [ -0.387191588236674, 50.859399520208186 ], [ -0.387190036293463, 50.859399170350258 ], [ -0.387188262645543, 50.859398890464995 ], [ -0.387186322715761, 50.859398400663352 ], [ -0.387184216504148, 50.859397700945351 ], [ -0.387181944010742, 50.859396791310957 ], [ -0.387179505235579, 50.859395671760176 ], [ -0.387176900178707, 50.859394342293001 ], [ -0.387174128840173, 50.85939280290939 ], [ -0.387171191220032, 50.859391053609372 ], [ -0.387168087318339, 50.85938909439291 ], [ -0.387165371403711, 50.859387310106172 ], [ -0.387163043476071, 50.859385700749193 ], [ -0.387161103535353, 50.859384266321989 ], [ -0.387159551581498, 50.859383006824594 ], [ -0.387158387614462, 50.859381922257008 ], [ -0.387157611634201, 50.859381012619259 ], [ -0.387157223640686, 50.859380277911335 ], [ -0.387157223633893, 50.859379718133241 ], [ -0.387156558509861, 50.859379123370516 ], [ -0.387155228268615, 50.859378493623105 ], [ -0.387153232910187, 50.85937782889102 ], [ -0.387150572434611, 50.859377129174192 ], [ -0.387147246841922, 50.859376394472605 ], [ -0.387143256132161, 50.859375624786196 ], [ -0.38713860030537, 50.859374820114894 ], [ -0.387133279361597, 50.859373980458614 ], [ -0.387128512684048, 50.859373315731688 ], [ -0.387124300272645, 50.859372825934173 ], [ -0.387120642127323, 50.859372511066155 ], [ -0.387117538248026, 50.859372371127655 ], [ -0.387114988634717, 50.859372406118744 ], [ -0.387112993287366, 50.85937261603943 ], [ -0.387111552205957, 50.859373000889761 ], [ -0.387110665390489, 50.859373560669759 ], [ -0.38710944601537, 50.859374015492072 ], [ -0.387107894080598, 50.859374365356729 ], [ -0.387106009586179, 50.8593746102637 ], [ -0.38710379253212, 50.859374750212943 ], [ -0.387101242918432, 50.859374785204494 ], [ -0.387098360745133, 50.859374715238282 ], [ -0.387095146012244, 50.859374540314299 ], [ -0.387091598719791, 50.859374260432524 ], [ -0.387087940576378, 50.859374120495545 ], [ -0.387084171581975, 50.859374120503354 ], [ -0.387080291736547, 50.859374260455958 ], [ -0.387076301040059, 50.859374540353315 ], [ -0.387072199492474, 50.859374960195431 ], [ -0.387067987093753, 50.859375519982315 ], [ -0.387063663843852, 50.859376219713923 ], [ -0.387059229742729, 50.859377059390255 ], [ -0.387054906498464, 50.859378213941362 ], [ -0.387050694110975, 50.859379683367251 ], [ -0.387046592580187, 50.859381467667973 ], [ -0.387042601906029, 50.859383566843491 ], [ -0.387038722088435, 50.859385980893848 ], [ -0.387034953127343, 50.859388709819058 ], [ -0.387031295022694, 50.859391753619093 ], [ -0.387027747774434, 50.859395112294003 ], [ -0.3870245330834, 50.859398400995723 ], [ -0.387021650949675, 50.859401619724274 ], [ -0.387019101373341, 50.859404768479706 ], [ -0.387016884354477, 50.859407847262027 ], [ -0.387014999893156, 50.859410856071243 ], [ -0.387013447989451, 50.85941379490739 ], [ -0.387012228643433, 50.859416663770475 ], [ -0.387011341855169, 50.859419462660497 ], [ -0.387010676776973, 50.859422646396645 ], [ -0.387010233408875, 50.859426214978903 ], [ -0.38701001175091, 50.859430168407322 ], [ -0.387010011803129, 50.859434506681843 ], [ -0.38701023356559, 50.859439229802476 ], [ -0.387010677038362, 50.859444337769254 ], [ -0.387011342221526, 50.859449830582129 ], [ -0.387012229115174, 50.859455708241128 ], [ -0.387012229180362, 50.859461026124784 ], [ -0.387011342416794, 50.859465784233073 ], [ -0.387009568824235, 50.859469982566004 ], [ -0.387006908402516, 50.859473621123506 ], [ -0.387003361151529, 50.859476699905557 ], [ -0.386998927071232, 50.859479218912057 ], [ -0.386993606161644, 50.859481178142893 ], [ -0.38698739842285, 50.859482577597966 ], [ -0.386981079833706, 50.859484151983494 ], [ -0.386974650394129, 50.859485901299443 ], [ -0.386968110104035, 50.859487825545813 ], [ -0.386961458963339, 50.85948992472256 ], [ -0.386954696971949, 50.859492198829706 ], [ -0.386947824129775, 50.85949464786718 ], [ -0.386940840436721, 50.859497271835004 ], [ -0.386933745892692, 50.859500070733141 ], [ -0.386925819951745, 50.859502764675511 ], [ -0.386917062613798, 50.85950535366193 ], [ -0.386907473878775, 50.859507837692213 ], [ -0.386897053746611, 50.859510216766175 ], [ -0.386885802217258, 50.859512490883574 ], [ -0.386873719290678, 50.859514660044184 ], [ -0.386860804966838, 50.859516724247726 ], [ -0.386847059245726, 50.859518683493938 ], [ -0.38683481003515, 50.859520537777662 ], [ -0.386824057335363, 50.859522287099381 ], [ -0.386814801146591, 50.859523931459513 ], [ -0.386807041469048, 50.859525470858387 ], [ -0.386800778302927, 50.85952690529632 ], [ -0.3867960116484, 50.85952823477357 ], [ -0.386792741505625, 50.859529459290279 ], [ -0.386790967874736, 50.859530578846609 ], [ -0.386789415949356, 50.859531698402421 ], [ -0.386788085729498, 50.859532817957742 ], [ -0.386786977215182, 50.859533937512566 ], [ -0.386786090406419, 50.859535057066893 ], [ -0.386785425303229, 50.859536176620736 ], [ -0.386784981905625, 50.859537296174118 ], [ -0.386784760213625, 50.859538415727009 ], [ -0.386784760227242, 50.859539535279417 ], [ -0.38678420597935, 50.859540829763034 ], [ -0.386783097469895, 50.859542299177861 ], [ -0.386781434698813, 50.859543943523867 ], [ -0.386779217666027, 50.859545762801048 ], [ -0.38677644637145, 50.859547757009345 ], [ -0.386773120814976, 50.859549926148738 ], [ -0.386769240996498, 50.859552270219162 ], [ -0.386764806915884, 50.859554789220574 ], [ -0.386760649971552, 50.859557658080909 ], [ -0.386756770163455, 50.859560876800188 ], [ -0.386753167491564, 50.859564445378439 ], [ -0.386749841955856, 50.859568363815676 ], [ -0.386746793556327, 50.859572632111934 ], [ -0.386744022292978, 50.859577250267215 ], [ -0.386741528165829, 50.85958221828156 ], [ -0.386739311174907, 50.859587536154997 ], [ -0.386737426739365, 50.859592644111466 ], [ -0.386735874859337, 50.859597542150993 ], [ -0.386734655534948, 50.859602230273602 ], [ -0.386733768766318, 50.859606708479312 ], [ -0.386733214553553, 50.859610976768067 ], [ -0.386732992896754, 50.859615035139967 ], [ -0.386733103796011, 50.859618883594933 ], [ -0.386733547251406, 50.859622522133023 ], [ -0.38673415698625, 50.859626195656396 ], [ -0.386734933000583, 50.859629904165075 ], [ -0.386735875294448, 50.859633647659038 ], [ -0.386736983867885, 50.859637426138306 ], [ -0.386738258720939, 50.859641239602837 ], [ -0.38673969985365, 50.859645088052645 ], [ -0.386741307266065, 50.859648971487729 ], [ -0.386743080958227, 50.859652889908084 ], [ -0.386744910072223, 50.859656423483059 ], [ -0.386746794608026, 50.859659572212657 ], [ -0.386748734565597, 50.859662336096861 ], [ -0.386750729944904, 50.859664715135715 ], [ -0.386752780745906, 50.859666709329161 ], [ -0.38675488696856, 50.859668318677237 ], [ -0.386757048612823, 50.859669543179912 ], [ -0.386759265678645, 50.859670382837201 ], [ -0.38676120561257, 50.859671222495017 ], [ -0.38676286841458, 50.859672062153393 ], [ -0.386764254084663, 50.859672901812324 ], [ -0.386765362622802, 50.859673741471823 ], [ -0.386766194028982, 50.859674581131898 ], [ -0.386766748303189, 50.859675420792556 ], [ -0.386767025445407, 50.85967626045381 ], [ -0.386767025455619, 50.85967710011564 ], [ -0.386767302597732, 50.859677939776901 ], [ -0.386767856871757, 50.859678779437594 ], [ -0.38676868827771, 50.859679619097669 ], [ -0.386769796815607, 50.859680458757175 ], [ -0.38677118248546, 50.859681298416056 ], [ -0.386772845287288, 50.859682138074369 ], [ -0.386774785221104, 50.859682977732021 ], [ -0.386777002286922, 50.859683817389069 ], [ -0.386778942220843, 50.859684657046643 ], [ -0.386780605022851, 50.859685496704756 ], [ -0.386781990692931, 50.859686336363453 ], [ -0.386783099231068, 50.859687176022703 ], [ -0.386783930637246, 50.859688015682522 ], [ -0.38678448491145, 50.859688855342945 ], [ -0.386784762053667, 50.859689695003937 ], [ -0.386784762063879, 50.859690534665532 ], [ -0.386784928352396, 50.859691304354975 ], [ -0.386785260919222, 50.859692004072279 ], [ -0.386785759764366, 50.859692633817424 ], [ -0.386786424887829, 50.85969319359041 ], [ -0.386787256289619, 50.859693683391271 ], [ -0.386788253969735, 50.859694103219965 ], [ -0.386789417928176, 50.859694453076493 ], [ -0.386790748164943, 50.859694732960854 ], [ -0.386792022976576, 50.859695117803 ], [ -0.386793242363083, 50.859695607602923 ], [ -0.38679440632447, 50.859696202360652 ], [ -0.386795514860744, 50.859696902076152 ], [ -0.386796567971907, 50.859697706749451 ], [ -0.386797565657967, 50.859698616380527 ], [ -0.386798507918922, 50.859699630969416 ], [ -0.386799394754779, 50.859700750516083 ], [ -0.386801223839771, 50.859701940032799 ], [ -0.386803995173979, 50.859703199519551 ], [ -0.386807708757494, 50.859704528976224 ], [ -0.386812364590412, 50.859705928402768 ], [ -0.386817962672843, 50.859707397799049 ], [ -0.386824503004903, 50.859708937164925 ], [ -0.386831985586716, 50.85971054650026 ], [ -0.386840410418418, 50.859712225804842 ], [ -0.386847782145845, 50.859713625224117 ], [ -0.386854100768766, 50.859714744758229 ], [ -0.38685936628699, 50.859715584407418 ], [ -0.386863578700362, 50.859716144171756 ], [ -0.386866738008768, 50.859716424051392 ], [ -0.38686884421213, 50.859716424046425 ], [ -0.386869897310409, 50.859716144156877 ] ] ] } },
{ "type": "Feature", "properties": { "fid": 3, "pit_id": 3, "mon_name": "Flint Mine Pit Group 1", "site": "Cissbury Ring", "mon_type": "Flint mine pit group", "nhle_id": null, "mon_uid": "MNA188960", "src_shot": "142400", "full_label": "Flint Mine Pit Group 1, Cissbury Ring", "area_m2": 72.81, "perim_m": 30.66, "diam_m": 9.63 }, "geometry": { "type": "Polygon", "coordinates": [ [ [ -0.384752849579897, 50.861223036548395 ], [ -0.384755066626344, 50.861222476788477 ], [ -0.384757394523431, 50.861221742104533 ], [ -0.384759833271125, 50.861220832496585 ], [ -0.384762382869396, 50.861219747964597 ], [ -0.384765043318204, 50.86121848850857 ], [ -0.384767814617513, 50.861217054128495 ], [ -0.384770696767281, 50.86121544482436 ], [ -0.384773689767463, 50.861213660596178 ], [ -0.384776793618014, 50.861211701443899 ], [ -0.384779620337197, 50.861209777276748 ], [ -0.38478216992505, 50.861207888094718 ], [ -0.384784442381614, 50.861206033897837 ], [ -0.384786437706927, 50.861204214686133 ], [ -0.384788155901023, 50.861202430459613 ], [ -0.38478959696394, 50.861200681218271 ], [ -0.384790760895711, 50.861198966962156 ], [ -0.384791647696368, 50.86119728769124 ], [ -0.384792368215806, 50.861195433496555 ], [ -0.384792922454035, 50.861193404378071 ], [ -0.384793310411069, 50.861191200335838 ], [ -0.384793532086929, 50.861188821369815 ], [ -0.384793587481635, 50.861186267480022 ], [ -0.384793476595213, 50.861183538666459 ], [ -0.384793199427693, 50.861180634929134 ], [ -0.384792755979107, 50.861177556268025 ], [ -0.384791979974087, 50.861174617546595 ], [ -0.384790871412688, 50.861171818764817 ], [ -0.384789430294959, 50.861169159922696 ], [ -0.384787656620945, 50.861166641020219 ], [ -0.384785550390686, 50.861164262057379 ], [ -0.384783111604214, 50.861162023034133 ], [ -0.384780340261554, 50.861159923950495 ], [ -0.384777236362731, 50.861157964806416 ], [ -0.384774520450161, 50.861156145600816 ], [ -0.384772192523776, 50.861154466333758 ], [ -0.384770252583515, 50.861152927005229 ], [ -0.384768700629321, 50.861151527615256 ], [ -0.384767536661145, 50.861150268163861 ], [ -0.384766760678946, 50.861149148651045 ], [ -0.38476637268269, 50.861148169076841 ], [ -0.384766372672348, 50.861147329441224 ], [ -0.38476615095707, 50.861146524790804 ], [ -0.384765707536865, 50.861145755125584 ], [ -0.384765042411745, 50.861145020445541 ], [ -0.384764155581719, 50.861144320750689 ], [ -0.384763047046794, 50.861143656041023 ], [ -0.384761716806979, 50.86114302631654 ], [ -0.384760164862278, 50.861142431577221 ], [ -0.384758391212699, 50.861141871823058 ], [ -0.384755897022117, 50.861141417024818 ], [ -0.38475268229054, 50.86114106718248 ], [ -0.384748747017963, 50.861140822295972 ], [ -0.384744091204373, 50.861140682365196 ], [ -0.384738714849748, 50.861140647390116 ], [ -0.384732617954054, 50.861140717370574 ], [ -0.38472580051725, 50.861140892306501 ], [ -0.384718262539286, 50.861141172197762 ], [ -0.384711223401103, 50.86114166199679 ], [ -0.384704683102624, 50.861142361703706 ], [ -0.384698641643777, 50.861143271318554 ], [ -0.384693099024509, 50.861144390841446 ], [ -0.384688055244781, 50.861145720272425 ], [ -0.384683510304564, 50.861147259611577 ], [ -0.384679464203844, 50.861149008858959 ], [ -0.384675916942623, 50.861150968014613 ], [ -0.384672702237931, 50.861152822215139 ], [ -0.384669820089827, 50.861154571460567 ], [ -0.384667270498369, 50.861156215750938 ], [ -0.384665053463609, 50.861157755086253 ], [ -0.384663168985591, 50.861159189466555 ], [ -0.384661617064364, 50.861160518891836 ], [ -0.384660397699961, 50.861161743362132 ], [ -0.38465951089242, 50.861162862877421 ], [ -0.384658734941418, 50.861164297255627 ], [ -0.384658069846952, 50.861166046496677 ], [ -0.384657515609017, 50.86116811060063 ], [ -0.384657072227616, 50.861170489567485 ], [ -0.384656739702757, 50.861173183397213 ], [ -0.384656518034451, 50.861176192089843 ], [ -0.384656407222713, 50.86117951564534 ], [ -0.384656407267563, 50.861183154063738 ], [ -0.384656518159446, 50.861186337679648 ], [ -0.384656739898383, 50.86118906649309 ], [ -0.38465707248439, 50.861191340504035 ], [ -0.384657515917474, 50.861193159712492 ], [ -0.384658070197637, 50.861194524118467 ], [ -0.384658735324873, 50.861195433721946 ], [ -0.384659511299169, 50.861195888522943 ], [ -0.384660398120508, 50.861195888521465 ], [ -0.384661174090468, 50.861195993474482 ], [ -0.384661839209053, 50.861196203382022 ], [ -0.384662393476269, 50.861196518244093 ], [ -0.384662836892113, 50.861196938060694 ], [ -0.384663169456588, 50.861197462831797 ], [ -0.384663391169691, 50.861198092557437 ], [ -0.38466350203142, 50.861198827237615 ], [ -0.38466350204177, 50.861199666872302 ], [ -0.384664056318186, 50.86120075139948 ], [ -0.384665164860717, 50.861202080819155 ], [ -0.384666827669428, 50.861203655131284 ], [ -0.384669044744398, 50.861205474335868 ], [ -0.384671816085729, 50.861207538432858 ], [ -0.384675141693536, 50.861209847422224 ], [ -0.384679021567953, 50.861212401303924 ], [ -0.384683455709133, 50.861215200077886 ], [ -0.384688056125318, 50.861217649003947 ], [ -0.384692822816431, 50.861219748082149 ], [ -0.384697755782392, 50.861221497312393 ], [ -0.384702855023109, 50.861222896694699 ], [ -0.384708120538485, 50.861223946229032 ], [ -0.384713552328415, 50.861224645915364 ], [ -0.384719150392782, 50.861224995753702 ], [ -0.384724914731469, 50.861224995743989 ], [ -0.384730235658678, 50.86122492576532 ], [ -0.384735113174388, 50.861224785817761 ], [ -0.384739547278578, 50.861224575901375 ], [ -0.384743537971231, 50.861224296016204 ], [ -0.384747085252341, 50.861223946162291 ], [ -0.384750189121896, 50.861223526339671 ], [ -0.384752849579897, 50.861223036548395 ] ] ] } },
{ "type": "Feature", "properties": { "fid": 4, "pit_id": 4, "mon_name": "Flint Mine Pit Group 1", "site": "Cissbury Ring", "mon_type": "Flint mine pit group", "nhle_id": null, "mon_uid": "MNA188960", "src_shot": "142400", "full_label": "Flint Mine Pit Group 1, Cissbury Ring", "area_m2": 61.75, "perim_m": 28.02, "diam_m": 8.87 }, "geometry": { "type": "Polygon", "coordinates": [ [ [ -0.384844191390194, 50.861159084208744 ], [ -0.384848182082784, 50.861158804323551 ], [ -0.38485217277258, 50.861158279544661 ], [ -0.384856163459522, 50.861157509872037 ], [ -0.384860154144037, 50.861156495305316 ], [ -0.384864144828668, 50.861155235842581 ], [ -0.384868135510253, 50.86115373148612 ], [ -0.384872126188731, 50.861151982235945 ], [ -0.384876116864037, 50.861149988092038 ], [ -0.384880107536109, 50.86114774905441 ], [ -0.384883710224137, 50.861145579987173 ], [ -0.384886924928191, 50.861143480890334 ], [ -0.384889751648337, 50.861141451763942 ], [ -0.384892190384636, 50.861139492608025 ], [ -0.384894241137149, 50.861137603422613 ], [ -0.384895903905932, 50.861135784207704 ], [ -0.384897178691036, 50.861134034963335 ], [ -0.384898065492511, 50.861132355689506 ], [ -0.384898730585332, 50.861130431522191 ], [ -0.384899173969514, 50.861128262461413 ], [ -0.384899395645082, 50.861125848507143 ], [ -0.384899395612066, 50.861123189659388 ], [ -0.384899173870501, 50.861120285918147 ], [ -0.38489873042043, 50.861117137283443 ], [ -0.384898065261907, 50.861113743755233 ], [ -0.384897178394986, 50.861110105333559 ], [ -0.384895737265623, 50.861106606852502 ], [ -0.384893741873927, 50.861103248312048 ], [ -0.384891192220003, 50.861100029712198 ], [ -0.384888088303942, 50.861096951052872 ], [ -0.384884430125831, 50.861094012334057 ], [ -0.384880217685738, 50.861091213555696 ], [ -0.384875450983729, 50.861088554717732 ], [ -0.384870130019857, 50.86108603582008 ], [ -0.384864809061178, 50.861083901755926 ], [ -0.384859488107661, 50.861082152525213 ], [ -0.384854167163765, 50.861080788124532 ], [ -0.384848846224669, 50.861079808557378 ], [ -0.384843525290247, 50.861079213823722 ], [ -0.384838204360365, 50.861079003923557 ], [ -0.384832883434894, 50.861079178856897 ], [ -0.384827562513702, 50.861079738623722 ], [ -0.384822463299671, 50.861080438329537 ], [ -0.384817585792765, 50.861081277974328 ], [ -0.384812929992951, 50.861082257558138 ], [ -0.384808495900199, 50.86108337708103 ], [ -0.384804283514486, 50.861084636542991 ], [ -0.384800292835791, 50.861086035944041 ], [ -0.384796523864097, 50.86108757528423 ], [ -0.384792976599393, 50.861089254563538 ], [ -0.38478976189257, 50.861090933842178 ], [ -0.384786879743664, 50.861092613120135 ], [ -0.38478433015271, 50.861094292397453 ], [ -0.384782113119743, 50.861095971674153 ], [ -0.3847802286448, 50.861097650950242 ], [ -0.384778676727915, 50.861099330225755 ], [ -0.384777457369124, 50.861101009500707 ], [ -0.38477657056846, 50.861102688775077 ], [ -0.384775850049752, 50.861104612942931 ], [ -0.384775295813004, 50.861106782004242 ], [ -0.384774907858232, 50.861109195959045 ], [ -0.384774686185453, 50.861111854807305 ], [ -0.384774630794692, 50.861114758549064 ], [ -0.384774741685978, 50.86111790718428 ], [ -0.384775018859344, 50.861121300713002 ], [ -0.384775462314831, 50.861124939135152 ], [ -0.384775961191077, 50.861128122754387 ], [ -0.384776515488085, 50.86113085157065 ], [ -0.384777125205845, 50.861133125583947 ], [ -0.384777790344353, 50.861134944794301 ], [ -0.384778510903596, 50.861136309201697 ], [ -0.384779286883558, 50.861137218806128 ], [ -0.384780118284222, 50.861137673607594 ], [ -0.384781005105565, 50.861137673606102 ], [ -0.384782058208823, 50.861137918498073 ], [ -0.384783277594014, 50.861138408283551 ], [ -0.384784663261164, 50.861139142962458 ], [ -0.384786215210301, 50.861140122534827 ], [ -0.38478793344146, 50.861141347000661 ], [ -0.384789817954681, 50.861142816359923 ], [ -0.384791868750008, 50.861144530612627 ], [ -0.384794085827492, 50.861146489758767 ], [ -0.38479646918228, 50.861148308965362 ], [ -0.384799018814368, 50.861149988232413 ], [ -0.384801734723756, 50.861151527559883 ], [ -0.384804616910432, 50.861152926947803 ], [ -0.38480766537439, 50.861154186396121 ], [ -0.384810880115613, 50.861155305904852 ], [ -0.384814261134087, 50.861156285473967 ], [ -0.384817808429791, 50.861157125103453 ], [ -0.384821411150218, 50.861157824793629 ], [ -0.384825069295335, 50.861158384544481 ], [ -0.384828782865115, 50.861158804355995 ], [ -0.384832551859523, 50.861159084228191 ], [ -0.384836376278528, 50.861159224161064 ], [ -0.384840256122096, 50.861159224154576 ], [ -0.384844191390194, 50.861159084208744 ] ] ] } },
{ "type": "Feature", "properties": { "fid": 5, "pit_id": 5, "mon_name": "Flint Mine Pit Group 1", "site": "Cissbury Ring", "mon_type": "Flint mine pit group", "nhle_id": null, "mon_uid": "MNA188960", "src_shot": "142400", "full_label": "Flint Mine Pit Group 1, Cissbury Ring", "area_m2": 48.55, "perim_m": 25.02, "diam_m": 7.86 }, "geometry": { "type": "Polygon", "coordinates": [ [ [ -0.385021554546044, 50.861056648171868 ], [ -0.385025545228495, 50.861055248767144 ], [ -0.385029203351297, 50.861053744408366 ], [ -0.385032528914456, 50.861052135095562 ], [ -0.385035521917983, 50.861050420828768 ], [ -0.385038182361894, 50.861048601608005 ], [ -0.385040510246208, 50.861046677433293 ], [ -0.385042505570951, 50.861044648304656 ], [ -0.385044168336151, 50.861042514222099 ], [ -0.385045498541843, 50.861040275185665 ], [ -0.385046662469153, 50.86103810611931 ], [ -0.385047660118109, 50.861036007023067 ], [ -0.38504849148874, 50.861033977896938 ], [ -0.385049156581071, 50.8610320187409 ], [ -0.385049655395125, 50.861030129554976 ], [ -0.385049987930924, 50.861028310339172 ], [ -0.38505015418849, 50.861026561093489 ], [ -0.385050154167844, 50.861024881817919 ], [ -0.385049987869294, 50.86102330749744 ], [ -0.385049655292857, 50.861021838132061 ], [ -0.385049156438549, 50.861020473721773 ], [ -0.385048491306377, 50.861019214266562 ], [ -0.385047659896353, 50.861018059766458 ], [ -0.385046662208484, 50.861017010221438 ], [ -0.385045498242774, 50.861016065631489 ], [ -0.385044167999227, 50.861015225996624 ], [ -0.385043004034431, 50.861014351376419 ], [ -0.38504200634838, 50.861013441770865 ], [ -0.385041174941066, 50.861012497179999 ], [ -0.385040509812482, 50.861011517603806 ], [ -0.385040010962618, 50.861010503042294 ], [ -0.385039678391463, 50.861009453495441 ], [ -0.385039512099009, 50.86100836896329 ], [ -0.385039512085243, 50.861007249445819 ], [ -0.385039401220422, 50.861006269868284 ], [ -0.385039179504551, 50.861005430230698 ], [ -0.385038846937635, 50.861004730533054 ], [ -0.385038403519676, 50.861004170775374 ], [ -0.385037849250674, 50.861003750957593 ], [ -0.385037184130627, 50.86100347107979 ], [ -0.385036408159531, 50.861003331141916 ], [ -0.38503552133738, 50.861003331143969 ], [ -0.385034579087087, 50.861003191206471 ], [ -0.385033581408659, 50.861002911329358 ], [ -0.385032528302106, 50.861002491512693 ], [ -0.38503141976744, 50.861001931756448 ], [ -0.385030255804673, 50.861001232060595 ], [ -0.385029036413816, 50.861000392425176 ], [ -0.385027761594884, 50.860999412850163 ], [ -0.385026431347891, 50.860998293335562 ], [ -0.385024657690632, 50.86099724379195 ], [ -0.385022440623128, 50.860996264219288 ], [ -0.385019780145398, 50.860995354617565 ], [ -0.385016676257459, 50.860994514986757 ], [ -0.385013128959318, 50.860993745326816 ], [ -0.385009138250984, 50.860993045637706 ], [ -0.38500470413246, 50.860992415919377 ], [ -0.384999826603744, 50.860991856171772 ], [ -0.384995281636098, 50.860991506332887 ], [ -0.384991069229451, 50.860991366402743 ], [ -0.384987189383743, 50.860991436381383 ], [ -0.384983642098921, 50.860991716268828 ], [ -0.384980427374947, 50.860992206065113 ], [ -0.384977545211782, 50.860992905770267 ], [ -0.384974995609406, 50.860993815384326 ], [ -0.384972778567799, 50.860994934907289 ], [ -0.384970672377165, 50.860995914490253 ], [ -0.384968677037528, 50.860996754133211 ], [ -0.38496679254891, 50.860997453836184 ], [ -0.384965018911336, 50.860998013599179 ], [ -0.384963356124824, 50.860998433422182 ], [ -0.384961804189392, 50.860998713305214 ], [ -0.384960363105056, 50.860998853248276 ], [ -0.384959032871832, 50.860998853251367 ], [ -0.38495770264037, 50.860998993194158 ], [ -0.384956372410659, 50.860999273076658 ], [ -0.384955042182689, 50.860999692898844 ], [ -0.384953711956445, 50.861000252660737 ], [ -0.384952381731918, 50.861000952362346 ], [ -0.384951051509095, 50.861001792003634 ], [ -0.384949721287964, 50.86100277158463 ], [ -0.384948391068512, 50.861003891105334 ], [ -0.38494711627587, 50.861005045610781 ], [ -0.384945896910038, 50.861006235100987 ], [ -0.384944732971017, 50.861007459575951 ], [ -0.384943624458811, 50.861008719035659 ], [ -0.384942571373418, 50.861010013480147 ], [ -0.384941573714845, 50.861011342909386 ], [ -0.384940631483091, 50.861012707323383 ], [ -0.38493974467816, 50.861014106722159 ], [ -0.384938968727693, 50.861015646060224 ], [ -0.384938303631694, 50.861017325337585 ], [ -0.384937749390168, 50.861019144554277 ], [ -0.384937306003122, 50.861021103710264 ], [ -0.384936973470567, 50.861023202805548 ], [ -0.384936751792514, 50.861025441840155 ], [ -0.384936640968977, 50.861027820814066 ], [ -0.38493664099997, 50.861030339727286 ], [ -0.384936918162309, 50.861032823654853 ], [ -0.384937472456038, 50.861035272596773 ], [ -0.384938303881199, 50.861037686553047 ], [ -0.384939412437834, 50.86104006552366 ], [ -0.384940798125981, 50.861042409508613 ], [ -0.38494246094568, 50.861044718507884 ], [ -0.38494440089697, 50.861046992521459 ], [ -0.384946617979884, 50.861049231549345 ], [ -0.384949389324034, 50.861051260666763 ], [ -0.384952714929456, 50.861053079873663 ], [ -0.38495659479617, 50.861054689170018 ], [ -0.384961028924184, 50.861056088555756 ], [ -0.384966017313489, 50.86105727803082 ], [ -0.384971559964062, 50.861058257595147 ], [ -0.384977656875866, 50.861059027248643 ], [ -0.384984308048849, 50.861059586991232 ], [ -0.384990626660816, 50.861059901840243 ], [ -0.384996612711662, 50.861059971795719 ], [ -0.385002266201288, 50.861059796857724 ], [ -0.38500758712961, 50.861059377026294 ], [ -0.385012575496552, 50.861058712301478 ], [ -0.385017231302048, 50.86105780268332 ], [ -0.385021554546044, 50.861056648171868 ] ] ] } },
{ "type": "Feature", "properties": { "fid": 6, "pit_id": 6, "mon_name": "Flint Mine Pit Group 1", "site": "Cissbury Ring", "mon_type": "Flint mine pit group", "nhle_id": null, "mon_uid": "MNA188960", "src_shot": "142400", "full_label": "Flint Mine Pit Group 1, Cissbury Ring", "area_m2": 68.96, "perim_m": 34.28, "diam_m": 9.37 }, "geometry": { "type": "Polygon", "coordinates": [ [ [ -0.38510358487096, 50.86099773339722 ], [ -0.385106688720968, 50.860995494354533 ], [ -0.385109681720615, 50.86099346522164 ], [ -0.385112563869959, 50.860991645998531 ], [ -0.385115335169049, 50.860990036685244 ], [ -0.385117995617936, 50.860988637281764 ], [ -0.385120545216664, 50.860987447788112 ], [ -0.385122983965278, 50.860986468204274 ], [ -0.385125311863816, 50.860985698530286 ], [ -0.385127528912315, 50.860985138766132 ], [ -0.385129690532764, 50.860984439062328 ], [ -0.385131796725146, 50.860983599418823 ], [ -0.385133847489442, 50.860982619835674 ], [ -0.38513584282564, 50.860981500312853 ], [ -0.385137782733725, 50.860980240850381 ], [ -0.385139667213682, 50.860978841448251 ], [ -0.385141496265502, 50.86097730210647 ], [ -0.385143269889171, 50.86097562282503 ], [ -0.385144988088945, 50.860974153453384 ], [ -0.385146650864854, 50.860972893991516 ], [ -0.385148258216925, 50.860971844439447 ], [ -0.385149810145181, 50.860971004797165 ], [ -0.38515130664965, 50.860970375064682 ], [ -0.385152747730349, 50.860969955241984 ], [ -0.385154133387305, 50.860969745329093 ], [ -0.385155463620534, 50.860969745326024 ], [ -0.385156960129625, 50.860969465442928 ], [ -0.385158622914547, 50.860968905679826 ], [ -0.385160451975266, 50.860968066036698 ], [ -0.38516244731174, 50.860966946513564 ], [ -0.385164608923919, 50.860965547110396 ], [ -0.385166936811751, 50.860963867827166 ], [ -0.385169430975175, 50.860961908663896 ], [ -0.385172091414127, 50.860959669620556 ], [ -0.385174585577174, 50.860957710457228 ], [ -0.385176913464383, 50.860956031173899 ], [ -0.385179075075815, 50.860954631770596 ], [ -0.385181070411522, 50.86095351224732 ], [ -0.385182899471554, 50.860952672604071 ], [ -0.385184562255953, 50.860952112840877 ], [ -0.385186058764751, 50.860951832957731 ], [ -0.385187388997983, 50.860951832954648 ], [ -0.385188719229118, 50.860951658026721 ], [ -0.38519004945814, 50.860951308173988 ], [ -0.385191379685037, 50.860950783396397 ], [ -0.385192709909794, 50.860950083693993 ], [ -0.385194040132395, 50.860949209066739 ], [ -0.385195370352823, 50.860948159514663 ], [ -0.385196700571067, 50.860946935037759 ], [ -0.385198030787109, 50.860945535636027 ], [ -0.385199527282767, 50.860944171218868 ], [ -0.385201190058031, 50.860942841786276 ], [ -0.385203019112892, 50.86094154733825 ], [ -0.385205014447338, 50.86094028787479 ], [ -0.385207176061363, 50.860939063395882 ], [ -0.385209503954958, 50.860937873901484 ], [ -0.385211998128116, 50.860936719391653 ], [ -0.38521465858083, 50.860935599866316 ], [ -0.385216986475579, 50.860934515326676 ], [ -0.38521898181239, 50.860933465772717 ], [ -0.385220644591288, 50.860932451204484 ], [ -0.3852219748123, 50.860931471621967 ], [ -0.385222972475449, 50.860930527025197 ], [ -0.385223637580758, 50.860929617414172 ], [ -0.385223970128246, 50.8609287427889 ], [ -0.385223970117933, 50.860927903149381 ], [ -0.385223803829748, 50.860927168465203 ], [ -0.385223471263694, 50.860926538736344 ], [ -0.38522297241978, 50.860926013962832 ], [ -0.385222307298007, 50.860925594144639 ], [ -0.385221475898373, 50.860925279281766 ], [ -0.385220478220878, 50.860925069374218 ], [ -0.385219314265517, 50.860924964421983 ], [ -0.385217984032283, 50.860924964425067 ], [ -0.38521682007734, 50.860924894457767 ], [ -0.385215822400691, 50.860924754520127 ], [ -0.385214991002338, 50.860924544612125 ], [ -0.385214325882285, 50.860924264733768 ], [ -0.385213827040529, 50.860923914885063 ], [ -0.385213494477071, 50.860923495066011 ], [ -0.385213328191906, 50.860923005276611 ], [ -0.385213328185031, 50.86092244551687 ], [ -0.385213161899855, 50.860921955727477 ], [ -0.385212829336384, 50.860921535908453 ], [ -0.38521233049462, 50.860921186059784 ], [ -0.385211665374563, 50.860920906181477 ], [ -0.385210833976217, 50.860920696273517 ], [ -0.385209836299577, 50.860920556335905 ], [ -0.385208672344643, 50.860920486368634 ], [ -0.385207342111409, 50.860920486371725 ], [ -0.385206178156465, 50.860920416404419 ], [ -0.385205180479815, 50.860920276466757 ], [ -0.385204349081462, 50.860920066558734 ], [ -0.385203683961408, 50.860919786680356 ], [ -0.385203185119652, 50.860919436831615 ], [ -0.385202852556193, 50.86091901701252 ], [ -0.385202686271028, 50.860918527223085 ], [ -0.385202686264152, 50.860917967463287 ], [ -0.385202519978976, 50.860917477673851 ], [ -0.385202187415504, 50.860917057854799 ], [ -0.38520168857374, 50.86091670800608 ], [ -0.385201023453684, 50.860916428127744 ], [ -0.385200192055336, 50.860916218219785 ], [ -0.385199194378697, 50.860916078282145 ], [ -0.385198030423763, 50.860916008314874 ], [ -0.385196700190527, 50.860916008317957 ], [ -0.385195536235584, 50.860915938350644 ], [ -0.385194538558932, 50.860915798412975 ], [ -0.38519370716058, 50.860915588504923 ], [ -0.385193042040525, 50.86091530862651 ], [ -0.385192543198769, 50.860914958777734 ], [ -0.385192210635309, 50.860914538958603 ], [ -0.385192044350144, 50.860914049169111 ], [ -0.385192044343267, 50.860913489409256 ], [ -0.385191878057652, 50.860912964634792 ], [ -0.385191545493306, 50.860912474845684 ], [ -0.385191046650231, 50.86091202004198 ], [ -0.385190381528432, 50.860911600223631 ], [ -0.385189550127911, 50.860911215390658 ], [ -0.385188552448671, 50.860910865543055 ], [ -0.385187388490714, 50.860910550680835 ], [ -0.385186058254041, 50.860910270803956 ], [ -0.385184229180334, 50.860910025913341 ], [ -0.385181901269597, 50.860909816009006 ], [ -0.385179074521832, 50.860909641090878 ], [ -0.385175748937042, 50.860909501158929 ], [ -0.385171924515221, 50.860909396213117 ], [ -0.385167601256368, 50.860909326253406 ], [ -0.385162779160475, 50.860909291279725 ], [ -0.385157458227533, 50.860909291292032 ], [ -0.385152746985715, 50.860909361272704 ], [ -0.385148645435, 50.860909501221855 ], [ -0.385145153575375, 50.860909711139513 ], [ -0.385142271406829, 50.860909991025757 ], [ -0.38513999892936, 50.860910340880622 ], [ -0.385138336142971, 50.860910760704144 ], [ -0.38513728304767, 50.860911250496365 ], [ -0.38513683964347, 50.860911810257264 ], [ -0.385135731124128, 50.860912474974825 ], [ -0.385133957489609, 50.860913244648984 ], [ -0.385131518739868, 50.86091411927972 ], [ -0.385128414874851, 50.860915098867018 ], [ -0.3851246458945, 50.860916183410779 ], [ -0.385120211798741, 50.860917372910997 ], [ -0.385115112587498, 50.860918667367542 ], [ -0.385109348260685, 50.860920066780352 ], [ -0.385103916493918, 50.860921606132102 ], [ -0.385098817287182, 50.860923285422828 ], [ -0.385094050640465, 50.860925104652587 ], [ -0.385089616553765, 50.8609270638214 ], [ -0.385085515027078, 50.860929162929324 ], [ -0.385081746060414, 50.86093140197638 ], [ -0.385078309653784, 50.860933780962604 ], [ -0.385075205807208, 50.860936299888024 ], [ -0.385072379088426, 50.860938503947978 ], [ -0.385069829497532, 50.860940393142471 ], [ -0.385067557034616, 50.860941967471511 ], [ -0.385065561699749, 50.860943226935134 ], [ -0.385063843492993, 50.860944171533362 ], [ -0.385062402414401, 50.860944801266172 ], [ -0.385061238464014, 50.8609451161336 ], [ -0.385060351641861, 50.860945116135646 ], [ -0.385059575678093, 50.860945570941887 ], [ -0.385058910572693, 50.860946480552307 ], [ -0.385058356325647, 50.860947844966901 ], [ -0.385057912936946, 50.860949664185704 ], [ -0.38505758040659, 50.860951938208693 ], [ -0.385057358734586, 50.860954667035863 ], [ -0.385057247920942, 50.860957850667212 ], [ -0.385057247965675, 50.860961489102763 ], [ -0.385057580568029, 50.860965092552355 ], [ -0.385058245728079, 50.860968661015995 ], [ -0.385059243445899, 50.860972194493677 ], [ -0.385060573721564, 50.860975692985392 ], [ -0.385062236555143, 50.860979156491112 ], [ -0.385064231946709, 50.860982585010838 ], [ -0.38506655989633, 50.860985978544562 ], [ -0.385069220404074, 50.860989337092249 ], [ -0.385071770054984, 50.860992345790784 ], [ -0.385074208848982, 50.860995004640166 ], [ -0.385076536785997, 50.860997313640425 ], [ -0.38507875386596, 50.860999272791545 ], [ -0.38508086008881, 50.861000882093549 ], [ -0.385082855454489, 50.861002141546429 ], [ -0.385084739962943, 50.861003051150192 ], [ -0.385086513614124, 50.861003610904859 ], [ -0.385088453540355, 50.861003820809891 ], [ -0.385090559741595, 50.861003680865274 ], [ -0.385092832217795, 50.861003191071006 ], [ -0.385095270968899, 50.861002351427075 ], [ -0.385097875994842, 50.861001161933487 ], [ -0.385100647295557, 50.860999622590199 ], [ -0.38510358487096, 50.86099773339722 ] ] ] } },
{ "type": "Feature", "properties": { "fid": 7, "pit_id": 7, "mon_name": "Flint Mine Pit Group 1", "site": "Cissbury Ring", "mon_type": "Flint mine pit group", "nhle_id": null, "mon_uid": "MNA188960", "src_shot": "142400", "full_label": "Flint Mine Pit Group 1, Cissbury Ring", "area_m2": 80.76, "perim_m": 37.41, "diam_m": 10.14 }, "geometry": { "type": "Polygon", "coordinates": [ [ [ -0.385248800995655, 50.860916288077227 ], [ -0.385248800988782, 50.860915728317401 ], [ -0.385249244392632, 50.860915133571616 ], [ -0.385250131207188, 50.860914503839844 ], [ -0.385251461432432, 50.860913839122098 ], [ -0.38525323506834, 50.860913139418322 ], [ -0.385255452114891, 50.860912404728523 ], [ -0.385258112572059, 50.860911635052695 ], [ -0.385261216439815, 50.860910830390786 ], [ -0.385264763718133, 50.860909990742755 ], [ -0.385267867585714, 50.860909186080654 ], [ -0.385270528042584, 50.860908416404492 ], [ -0.385272745088776, 50.86090768171433 ], [ -0.385274518724311, 50.860906982010171 ], [ -0.385275848949214, 50.860906317292063 ], [ -0.385276735763506, 50.860905687559978 ], [ -0.385277179167207, 50.860905092813958 ], [ -0.385277179160333, 50.860904533054011 ], [ -0.385277511711812, 50.860903973293311 ], [ -0.385278176821627, 50.860903413531858 ], [ -0.38527917448977, 50.860902853769673 ], [ -0.385280504716226, 50.860902294006706 ], [ -0.385282167500986, 50.860901734242972 ], [ -0.385284162844038, 50.86090117447845 ], [ -0.385286490745369, 50.860900614713124 ], [ -0.38528915120497, 50.860900054946974 ], [ -0.385291479106221, 50.860899495181535 ], [ -0.385293474449133, 50.860898935416813 ], [ -0.385295137233719, 50.860898375652852 ], [ -0.38529646745999, 50.860897815889658 ], [ -0.385297465127958, 50.860897256127238 ], [ -0.385298130237635, 50.8608966963656 ], [ -0.385298462789031, 50.860896136604744 ], [ -0.385298462782159, 50.86089557684469 ], [ -0.385298629055305, 50.860895087054246 ], [ -0.385298961608466, 50.860894667233445 ], [ -0.385299460441638, 50.860894317382289 ], [ -0.38530012555482, 50.860894037500735 ], [ -0.385300956948012, 50.860893827588825 ], [ -0.385301954621215, 50.860893687646531 ], [ -0.385303118574433, 50.86089361767386 ], [ -0.38530444880767, 50.860893617670769 ], [ -0.3853056127609, 50.860893547698069 ], [ -0.385306610434116, 50.860893407755711 ], [ -0.385307441827316, 50.860893197843737 ], [ -0.3853081069405, 50.860892917962133 ], [ -0.385308605773666, 50.860892568110891 ], [ -0.385308938326816, 50.86089214829002 ], [ -0.385309104599954, 50.86089165849954 ], [ -0.385309104593082, 50.860891098739422 ], [ -0.385309270866229, 50.860890608948949 ], [ -0.385309603419391, 50.860890189128121 ], [ -0.385310102252564, 50.860889839276915 ], [ -0.385310767365746, 50.860889559395339 ], [ -0.385311598758938, 50.860889349483408 ], [ -0.385312596432142, 50.860889209541106 ], [ -0.38531376038536, 50.860889139568414 ], [ -0.385315090618598, 50.86088913956533 ], [ -0.385316254571826, 50.860889069592631 ], [ -0.385317252245044, 50.860888929650265 ], [ -0.385318083638245, 50.860888719738256 ], [ -0.385318748751429, 50.860888439856616 ], [ -0.385319247584595, 50.860888090005353 ], [ -0.385319580137747, 50.860887670184439 ], [ -0.385319746410884, 50.860887180393895 ], [ -0.385319746404014, 50.860886620633735 ], [ -0.385319912677162, 50.860886130843213 ], [ -0.385320245230323, 50.860885711022334 ], [ -0.385320744063497, 50.8608853611711 ], [ -0.38532140917668, 50.86088508128951 ], [ -0.385322240569872, 50.86088487137755 ], [ -0.385323238243077, 50.860884731435235 ], [ -0.385324402196294, 50.860884661462542 ], [ -0.385325732429533, 50.860884661459473 ], [ -0.385326896382762, 50.860884591486759 ], [ -0.385327894055978, 50.860884451544386 ], [ -0.385328725449181, 50.860884241632355 ], [ -0.385329390562366, 50.860883961750687 ], [ -0.385329889395533, 50.860883611899389 ], [ -0.385330221948684, 50.860883192078433 ], [ -0.385330388221822, 50.86088270228786 ], [ -0.385330388214953, 50.860882142527636 ], [ -0.3853305544881, 50.860881652737071 ], [ -0.385330887041263, 50.860881232916157 ], [ -0.385331385874436, 50.860880883064887 ], [ -0.38533205098762, 50.860880603183261 ], [ -0.385332882380812, 50.860880393271287 ], [ -0.385333880054017, 50.860880253328951 ], [ -0.385335044007236, 50.860880183356258 ], [ -0.385336374240474, 50.860880183353196 ], [ -0.385337538193705, 50.860880113380453 ], [ -0.385338535866922, 50.860879973438074 ], [ -0.385339367260125, 50.860879763526036 ], [ -0.38534003237331, 50.860879483644339 ], [ -0.385340531206477, 50.860879133793006 ], [ -0.385340863759629, 50.860878713972021 ], [ -0.385341030032768, 50.860878224181384 ], [ -0.385341030025899, 50.86087766442111 ], [ -0.385341196299047, 50.86087717463051 ], [ -0.385341528852209, 50.86087675480956 ], [ -0.385342027685384, 50.860876404958262 ], [ -0.385342692798567, 50.860876125076615 ], [ -0.38534352419176, 50.86087591516462 ], [ -0.385344521864967, 50.860875775222269 ], [ -0.385345685818186, 50.860875705249562 ], [ -0.385347016051425, 50.860875705246507 ], [ -0.385348180004655, 50.860875635273764 ], [ -0.385349177677874, 50.860875495331364 ], [ -0.385350009071077, 50.860875285419297 ], [ -0.385350674184262, 50.860875005537579 ], [ -0.38535117301743, 50.860874655686217 ], [ -0.385351505570583, 50.86087423586519 ], [ -0.385351671843721, 50.860873746074525 ], [ -0.385351671836852, 50.860873186314201 ], [ -0.385351838110001, 50.860872696523543 ], [ -0.385352170663164, 50.860872276702551 ], [ -0.385352669496339, 50.860871926851217 ], [ -0.385353334609523, 50.860871646969542 ], [ -0.385354166002718, 50.860871437057526 ], [ -0.385355163675922, 50.860871297115175 ], [ -0.385356327629143, 50.860871227142461 ], [ -0.385357657862383, 50.860871227139398 ], [ -0.385358821815614, 50.860871157166649 ], [ -0.385359819488832, 50.860871017224248 ], [ -0.385360650882036, 50.86087080731216 ], [ -0.385361315995221, 50.860870527430414 ], [ -0.38536181482839, 50.86087017757901 ], [ -0.385362147381544, 50.860869757757939 ], [ -0.385362313654683, 50.860869267967232 ], [ -0.385362313647814, 50.860868708206851 ], [ -0.385362757051671, 50.860868113460484 ], [ -0.385363643866236, 50.860867483728093 ], [ -0.38536497409149, 50.860866819009686 ], [ -0.385366747727412, 50.860866119305236 ], [ -0.385368964773977, 50.860865384614733 ], [ -0.385371625231161, 50.860864614938158 ], [ -0.385374729098936, 50.860863810275468 ], [ -0.385378276377274, 50.860862970626627 ], [ -0.385381546522808, 50.860862061008284 ], [ -0.385384539535539, 50.860861081420431 ], [ -0.38538725541547, 50.860860031863119 ], [ -0.385389694162608, 50.860858912336347 ], [ -0.38539185577696, 50.860857722840137 ], [ -0.385393740258538, 50.860856463374517 ], [ -0.385395347607355, 50.860855133939488 ], [ -0.385396677823428, 50.860853734535063 ], [ -0.38539750920011, 50.860852195191541 ], [ -0.385397841737443, 50.860850515908943 ], [ -0.385397675435478, 50.860848696687285 ], [ -0.385397010294272, 50.860846737526543 ], [ -0.385395846313896, 50.860844638426705 ], [ -0.385394183494426, 50.860842399387806 ], [ -0.385392021835948, 50.860840020409753 ], [ -0.385389361338558, 50.860837501492561 ], [ -0.385386867124395, 50.86083529744036 ], [ -0.385384539193387, 50.860833408253178 ], [ -0.385382377545466, 50.860831833931009 ], [ -0.385380382180575, 50.860830574473873 ], [ -0.385378553098658, 50.860829629881778 ], [ -0.38537689029967, 50.860829000154723 ], [ -0.385375393783572, 50.860828685292724 ], [ -0.385374063550328, 50.860828685295779 ], [ -0.385372899595376, 50.860828615328344 ], [ -0.385371901918721, 50.860828475390385 ], [ -0.385371070520364, 50.860828265481928 ], [ -0.38537040540031, 50.860827985603002 ], [ -0.385369906558554, 50.860827635753587 ], [ -0.385369573995099, 50.860827215933661 ], [ -0.385369407709938, 50.860826726143266 ], [ -0.38536940770307, 50.860826166382381 ], [ -0.385369185990632, 50.860825606622001 ], [ -0.385368742572634, 50.860825046862146 ], [ -0.385368077449083, 50.860824487102803 ], [ -0.385367190619986, 50.860823927343972 ], [ -0.385366082085354, 50.860823367585645 ], [ -0.385364751845192, 50.860822807827802 ], [ -0.385363199899509, 50.860822248070455 ], [ -0.385361426248314, 50.860821688313585 ], [ -0.385359153760986, 50.860821233513185 ], [ -0.385356382437527, 50.860820883669241 ], [ -0.385353112277927, 50.860820638781682 ], [ -0.385349343282174, 50.860820498850501 ], [ -0.385345075450251, 50.860820463875619 ], [ -0.385340308782128, 50.860820533857002 ], [ -0.385335043277775, 50.860820708794598 ], [ -0.38532927893715, 50.860820988688303 ], [ -0.385323736302983, 50.860821338551524 ], [ -0.385318415375256, 50.860821758384269 ], [ -0.385313316153946, 50.860822248186558 ], [ -0.385308438639038, 50.860822807958471 ], [ -0.385303782830519, 50.860823437699977 ], [ -0.385299348728374, 50.860824137411136 ], [ -0.385295136332595, 50.860824907091974 ], [ -0.38529114564317, 50.860825746742506 ], [ -0.385287653790684, 50.860826551406696 ], [ -0.385284660775169, 50.860827321084635 ], [ -0.385282166596654, 50.860828055776317 ], [ -0.385280171255169, 50.860828755481791 ], [ -0.385278674750739, 50.860829420201092 ], [ -0.385277677083388, 50.860830049934222 ], [ -0.38527717825314, 50.860830644681208 ], [ -0.385277178260012, 50.860831204442043 ], [ -0.385277011986875, 50.860831694233184 ], [ -0.385276679433724, 50.860832114054581 ], [ -0.385276180600556, 50.860832463906263 ], [ -0.385275515487371, 50.860832743788244 ], [ -0.385274684094167, 50.860832953700495 ], [ -0.385273686420945, 50.860833093643009 ], [ -0.385272522467711, 50.860833163615801 ], [ -0.385271192234468, 50.860833163618864 ], [ -0.385269363168393, 50.860833513473615 ], [ -0.385267035269434, 50.860834213180055 ], [ -0.385264208537518, 50.860835262738142 ], [ -0.385260882972548, 50.860836662147832 ], [ -0.385257058574406, 50.860838411409105 ], [ -0.385252735342949, 50.860840510521882 ], [ -0.385247913278014, 50.860842959486142 ], [ -0.385242592379418, 50.860845758301799 ], [ -0.385237936593946, 50.860848312220369 ], [ -0.385233945921782, 50.86085062124198 ], [ -0.385230620363083, 50.86085268536668 ], [ -0.385227959917992, 50.860854504594521 ], [ -0.385225964586626, 50.860856078925543 ], [ -0.385224634369081, 50.860857408359799 ], [ -0.385223969265436, 50.860858492897307 ], [ -0.385223969275749, 50.86085933253807 ], [ -0.385223858432442, 50.860860102209024 ], [ -0.385223636735511, 50.860860801910171 ], [ -0.385223304184952, 50.86086143164151 ], [ -0.385222860780763, 50.86086199140302 ], [ -0.38522230652294, 50.860862481194744 ], [ -0.385221641411484, 50.860862901016645 ], [ -0.385220865446394, 50.860863250868739 ], [ -0.385219978627671, 50.860863530751011 ], [ -0.385219258093243, 50.860864230453082 ], [ -0.385218703843096, 50.860865349974958 ], [ -0.385218315877227, 50.860866889316632 ], [ -0.385218094195641, 50.860868848478127 ], [ -0.385218038798352, 50.860871227459427 ], [ -0.38521814968538, 50.860874026260525 ], [ -0.38521842685676, 50.860877244881436 ], [ -0.385218870312527, 50.860880883322146 ], [ -0.385219369189972, 50.860884136927538 ], [ -0.38521992348909, 50.86088700569757 ], [ -0.385220533209884, 50.860889489632285 ], [ -0.385221198352345, 50.860891588731654 ], [ -0.385221918916469, 50.860893302995684 ], [ -0.385222694902245, 50.860894632424383 ], [ -0.385223526309656, 50.860895577017743 ], [ -0.385224413138688, 50.860896136775764 ], [ -0.385225189115822, 50.86089676650402 ], [ -0.385225854241054, 50.860897466202509 ], [ -0.385226408514384, 50.860898235871268 ], [ -0.385226851935807, 50.860899075510254 ], [ -0.385227184505321, 50.860899985119488 ], [ -0.385227406222921, 50.860900964698956 ], [ -0.385227517088598, 50.860902014248687 ], [ -0.385227517102348, 50.860903133768659 ], [ -0.385227627967565, 50.86090414833339 ], [ -0.385227849684257, 50.860905057942844 ], [ -0.385228182252429, 50.860905862597043 ], [ -0.385228625672085, 50.860906562295987 ], [ -0.385229179943224, 50.860907157039691 ], [ -0.385229845065851, 50.860907646828132 ], [ -0.385230621039963, 50.860908031661282 ], [ -0.385231507865557, 50.860908311539212 ], [ -0.385232283839672, 50.860908696372341 ], [ -0.385232948962314, 50.860909186160676 ], [ -0.385233503233478, 50.860909780904251 ], [ -0.385233946653165, 50.860910480603039 ], [ -0.385234279221376, 50.860911285257053 ], [ -0.385234500938104, 50.860912194866302 ], [ -0.385234611803346, 50.86091320943077 ], [ -0.385234611817096, 50.860914328950464 ], [ -0.38523483353465, 50.860915308529705 ], [ -0.385235276956022, 50.860916148168478 ], [ -0.385235942081221, 50.860916847866797 ], [ -0.385236828910249, 50.860917407624626 ], [ -0.385237937443109, 50.860917827441988 ], [ -0.385239267679795, 50.860918107318867 ], [ -0.385240819620301, 50.86091824725527 ], [ -0.385242593264613, 50.86091824725117 ], [ -0.385244145202534, 50.860918177277583 ], [ -0.38524547543406, 50.860918037334514 ], [ -0.385246583959184, 50.860917827421972 ], [ -0.385247470777904, 50.86091754753997 ], [ -0.385248135890221, 50.860917197688515 ], [ -0.385248579296137, 50.860916777867594 ], [ -0.385248800995655, 50.860916288077227 ] ] ] } },
{ "type": "Feature", "properties": { "fid": 8, "pit_id": 8, "mon_name": "Flint Mine Pit Group 2", "site": "Cissbury Ring", "mon_type": "Flint mine pit group", "nhle_id": null, "mon_uid": "MNA188890", "src_shot": "142418", "full_label": "Flint Mine Pit Group 2, Cissbury Ring", "area_m2": 136.9, "perim_m": 42.18, "diam_m": 13.2 }, "geometry": { "type": "Polygon", "coordinates": [ [ [ -0.385018669334718, 50.860809374359597 ], [ -0.385024877069213, 50.860807695061951 ], [ -0.385030641386839, 50.860805525973724 ], [ -0.385035962287475, 50.860802867094947 ], [ -0.385040839771026, 50.860799718425717 ], [ -0.385045273837426, 50.860796079966057 ], [ -0.385049264486636, 50.860791951716031 ], [ -0.385052811718639, 50.860787333675695 ], [ -0.385055915533458, 50.860782225845057 ], [ -0.385058575931131, 50.860776628224187 ], [ -0.385060848344049, 50.860771065588615 ], [ -0.385062732772353, 50.860765537938377 ], [ -0.385064229216186, 50.86076004527348 ], [ -0.385065337675688, 50.860754587593945 ], [ -0.385066058150993, 50.860749164899779 ], [ -0.385066390642244, 50.860743777191004 ], [ -0.38506633514957, 50.86073842446762 ], [ -0.385065891673105, 50.860733106729612 ], [ -0.385064561376254, 50.860727998904281 ], [ -0.38506234425929, 50.860723100991557 ], [ -0.385059240322463, 50.860718412991432 ], [ -0.385055249566001, 50.860713934903814 ], [ -0.385050371990108, 50.860709666728603 ], [ -0.385044607594963, 50.860705608465722 ], [ -0.385037956380725, 50.86070176011502 ], [ -0.385030418347528, 50.860698121676336 ], [ -0.385023157453149, 50.86069497302902 ], [ -0.385016173697307, 50.860692314173072 ], [ -0.385009467079737, 50.860690145108578 ], [ -0.385003037600191, 50.860688465835587 ], [ -0.384996885258438, 50.860687276354113 ], [ -0.384991010054263, 50.860686576664222 ], [ -0.384985411987472, 50.860686366765961 ], [ -0.384980091057882, 50.860686646659346 ], [ -0.384975047262043, 50.860687066492645 ], [ -0.384970280599918, 50.86068762626585 ], [ -0.38496579107147, 50.860688325979005 ], [ -0.384961578676674, 50.860689165632145 ], [ -0.384957643415503, 50.860690145225306 ], [ -0.384953985287941, 50.860691264758522 ], [ -0.384950604293973, 50.86069252423178 ], [ -0.384947500433591, 50.860693923645158 ], [ -0.38494461827646, 50.86069514813218 ], [ -0.384941957822631, 50.860696197692882 ], [ -0.384939519072149, 50.860697072327284 ], [ -0.384937302025052, 50.860697772035373 ], [ -0.384935306681376, 50.860698296817183 ], [ -0.384933533041151, 50.860698646672724 ], [ -0.384931981104398, 50.860698821602007 ], [ -0.384930650871142, 50.860698821605027 ], [ -0.384929486917908, 50.860698891577982 ], [ -0.384928489244695, 50.860699031520831 ], [ -0.384927657851497, 50.860699241433608 ], [ -0.384926992738313, 50.86069952131632 ], [ -0.384926493905144, 50.860699871168968 ], [ -0.384926161351991, 50.860700290991531 ], [ -0.384925995078856, 50.860700780784029 ], [ -0.384925995085744, 50.860701340546456 ], [ -0.384925828812618, 50.860701830338975 ], [ -0.384925496259477, 50.860702250161566 ], [ -0.384924997426314, 50.860702600014243 ], [ -0.384924332313128, 50.860702879896991 ], [ -0.384923500919922, 50.860703089809824 ], [ -0.384922503246695, 50.860703229752716 ], [ -0.384921339293452, 50.860703299725678 ], [ -0.384920009060195, 50.860703299728705 ], [ -0.38491878968189, 50.8607034746572 ], [ -0.384917681158522, 50.86070382451117 ], [ -0.384916683490083, 50.860704349290614 ], [ -0.384915796676565, 50.860705048995548 ], [ -0.384915020717962, 50.860705923625936 ], [ -0.384914355614272, 50.860706973181834 ], [ -0.384913801365494, 50.8607081976632 ], [ -0.384913357971631, 50.860709597070077 ], [ -0.384912859149215, 50.860710821551329 ], [ -0.384912304898249, 50.860711871106979 ], [ -0.384911695218734, 50.86071274573704 ], [ -0.384911030110677, 50.860713445441476 ], [ -0.38491030957408, 50.860713970220324 ], [ -0.38490953360895, 50.860714320073562 ], [ -0.384908702215296, 50.86071449500119 ], [ -0.384907815393127, 50.860714495003208 ], [ -0.384907039425025, 50.860714599960382 ], [ -0.384906374310987, 50.860714809872732 ], [ -0.38490582005101, 50.860715124740238 ], [ -0.384905376645093, 50.860715544562915 ], [ -0.384905044093234, 50.860716069340747 ], [ -0.384904822395437, 50.860716699073748 ], [ -0.384904711551702, 50.860717433761934 ], [ -0.384904711562036, 50.860718273405276 ], [ -0.384904545293245, 50.860719113048994 ], [ -0.384904212745317, 50.860719952693088 ], [ -0.384903713918248, 50.860720792337553 ], [ -0.384903048812026, 50.860721631982379 ], [ -0.384902217426642, 50.860722471627568 ], [ -0.384901219762088, 50.860723311273112 ], [ -0.384900055818356, 50.860724150919026 ], [ -0.384898725595435, 50.860724990565288 ], [ -0.384897450803278, 50.860726180062592 ], [ -0.38489623144186, 50.860727719410924 ], [ -0.384895067511157, 50.860729608610328 ], [ -0.384893959011148, 50.860731847660745 ], [ -0.384892905941817, 50.860734436562232 ], [ -0.384891908303148, 50.860737375314756 ], [ -0.384890966095126, 50.860740663918335 ], [ -0.384890079317741, 50.86074430237295 ], [ -0.384889303390007, 50.860747695931366 ], [ -0.384888638311961, 50.860750844593575 ], [ -0.384888084083636, 50.860753748359599 ], [ -0.384887640705065, 50.86075640722941 ], [ -0.384887308176272, 50.860758821203042 ], [ -0.384887086497282, 50.860760990280475 ], [ -0.384886975668114, 50.860762914461716 ], [ -0.384886975688784, 50.860764593746772 ], [ -0.384887474549178, 50.860766482941187 ], [ -0.384888472249362, 50.860768582044976 ], [ -0.384889968789416, 50.860770891058117 ], [ -0.384891964169435, 50.860773409980609 ], [ -0.384894458389524, 50.860776138812383 ], [ -0.384897451449805, 50.860779077553453 ], [ -0.384900943350411, 50.860782226203746 ], [ -0.38490493409149, 50.860785584763249 ], [ -0.38490964537356, 50.860788803381006 ], [ -0.38491507719673, 50.860791882056901 ], [ -0.384921229561096, 50.860794820790872 ], [ -0.384928102466743, 50.860797619582776 ], [ -0.384935695913739, 50.8608002784325 ], [ -0.384944009902145, 50.860802797339929 ], [ -0.384953044432005, 50.860805176304851 ], [ -0.384962799503355, 50.860807415327145 ], [ -0.384972111158603, 50.860809164559093 ], [ -0.384980979397406, 50.860810424000846 ], [ -0.384989404219452, 50.860811193652466 ], [ -0.384997385624452, 50.860811473514069 ], [ -0.385004923612147, 50.860811263585724 ], [ -0.385012018182303, 50.860810563867553 ], [ -0.385018669334718, 50.860809374359597 ] ] ] } },
{ "type": "Feature", "properties": { "fid": 9, "pit_id": 9, "mon_name": "Flint Mine Pit Group 2", "site": "Cissbury Ring", "mon_type": "Flint mine pit group", "nhle_id": null, "mon_uid": "MNA188890", "src_shot": "142418", "full_label": "Flint Mine Pit Group 2, Cissbury Ring", "area_m2": 141.14, "perim_m": 42.68, "diam_m": 13.41 }, "geometry": { "type": "Polygon", "coordinates": [ [ [ -0.385252345524639, 50.860691404023321 ], [ -0.385259440091704, 50.860690564363402 ], [ -0.385265924966809, 50.86068958476389 ], [ -0.38527180014993, 50.860688465224897 ], [ -0.385277065641059, 50.860687205746494 ], [ -0.385281721440193, 50.860685806328796 ], [ -0.385285767547345, 50.860684266971852 ], [ -0.385289203962535, 50.860682587675726 ], [ -0.385292030685798, 50.860680768440488 ], [ -0.385294247717177, 50.860678809266155 ], [ -0.385296520176192, 50.860676955047175 ], [ -0.385298848062858, 50.860675205783537 ], [ -0.385301231377179, 50.860673561475252 ], [ -0.385303670119166, 50.860672022122301 ], [ -0.385306164288834, 50.860670587724677 ], [ -0.385308713886193, 50.860669258282371 ], [ -0.385311318911254, 50.860668033795413 ], [ -0.385313979364031, 50.860666914263774 ], [ -0.385316307258412, 50.860665794732817 ], [ -0.38531830259442, 50.860664675202543 ], [ -0.385319965372076, 50.860663555673007 ], [ -0.385321295591405, 50.860662436144189 ], [ -0.385322293252432, 50.860661316616117 ], [ -0.385322958355178, 50.860660197088798 ], [ -0.385323290899668, 50.860659077562225 ], [ -0.385323290885927, 50.86065795803642 ], [ -0.385323512576528, 50.860656733554499 ], [ -0.385323955971453, 50.860655404116493 ], [ -0.385324621070679, 50.860653969722371 ], [ -0.385325507874182, 50.860652430372184 ], [ -0.385326616381935, 50.86065078606584 ], [ -0.385327946593907, 50.860649036803395 ], [ -0.385329498510062, 50.86064718258482 ], [ -0.385331272130364, 50.860645223410117 ], [ -0.385332824042049, 50.860643019339314 ], [ -0.38533415424512, 50.860640570372411 ], [ -0.385335262739593, 50.860637876509429 ], [ -0.385336149525485, 50.860634937750355 ], [ -0.385336814602824, 50.86063175409523 ], [ -0.385337257971643, 50.860628325544042 ], [ -0.385337479631983, 50.860624652096753 ], [ -0.38533747958389, 50.860620733753414 ], [ -0.385337368689006, 50.860617305203256 ], [ -0.385337146947354, 50.860614366446256 ], [ -0.38533681435895, 50.860611917482416 ], [ -0.385336370923804, 50.860609958311755 ], [ -0.385335816641915, 50.860608488934261 ], [ -0.385335151513279, 50.860607509349947 ], [ -0.385334375537881, 50.860607019558792 ], [ -0.385333488715705, 50.860607019560788 ], [ -0.385332712745436, 50.860606949592103 ], [ -0.385332047627081, 50.860606809652715 ], [ -0.385331493360641, 50.860606599742638 ], [ -0.385331049946117, 50.860606319861851 ], [ -0.385330717383511, 50.860605970010376 ], [ -0.385330495672817, 50.860605550188204 ], [ -0.385330384814037, 50.860605060395343 ], [ -0.385330384807165, 50.860604500631801 ], [ -0.385329996813752, 50.860603800928246 ], [ -0.385329220833816, 50.860602961284677 ], [ -0.385328056867387, 50.860601981701073 ], [ -0.385326504914498, 50.860600862177428 ], [ -0.385324564975191, 50.860599602713748 ], [ -0.385322237049515, 50.860598203309998 ], [ -0.385319521137526, 50.860596663966149 ], [ -0.385316417239289, 50.860594984682187 ], [ -0.385312814503381, 50.860593305399476 ], [ -0.385308712929858, 50.860591626118001 ], [ -0.385304112518775, 50.860589946837706 ], [ -0.385299013270189, 50.860588267558505 ], [ -0.385293415184151, 50.860586588280363 ], [ -0.385287318260719, 50.860584909003194 ], [ -0.385280722499949, 50.86058322972692 ], [ -0.385273627901894, 50.860581550451464 ], [ -0.385266311601675, 50.860580116073336 ], [ -0.385258773599199, 50.860578926592495 ], [ -0.385251013894365, 50.860577982008898 ], [ -0.385243032487068, 50.860577282322517 ], [ -0.385234829377193, 50.860576827533265 ], [ -0.385226404564619, 50.860576617641151 ], [ -0.385217758049221, 50.860576652646103 ], [ -0.385208889830861, 50.860576932548057 ], [ -0.38520068673285, 50.860577492329959 ], [ -0.385193148755063, 50.860578331991988 ], [ -0.385186275897395, 50.860579451534257 ], [ -0.38518006815977, 50.860580850956858 ], [ -0.385174525542131, 50.860582530259926 ], [ -0.385169648044449, 50.860584489443539 ], [ -0.385165435666717, 50.860586728507791 ], [ -0.385161888408952, 50.860589247452751 ], [ -0.385158618286081, 50.860592011293335 ], [ -0.3851556252981, 50.860595020029571 ], [ -0.385152909445015, 50.860598273661459 ], [ -0.385150470726837, 50.860601772189042 ], [ -0.385148309143591, 50.860605515612328 ], [ -0.385146424695307, 50.860609503931336 ], [ -0.385144817382022, 50.86061373714606 ], [ -0.385143487203788, 50.86061821525653 ], [ -0.385142822143976, 50.860622903276123 ], [ -0.385142822202775, 50.860627801204835 ], [ -0.385143487380395, 50.860632909042678 ], [ -0.385144817677056, 50.860638226789632 ], [ -0.385146813093003, 50.860643754445704 ], [ -0.385149473628499, 50.860649492010801 ], [ -0.38515279928382, 50.860655439484923 ], [ -0.385156790059265, 50.860661596867999 ], [ -0.385161168812389, 50.86066715950215 ], [ -0.38516593554317, 50.860672127387325 ], [ -0.385171090251554, 50.860676500523496 ], [ -0.385176632937459, 50.860680278910586 ], [ -0.385182563600774, 50.860683462548565 ], [ -0.385188882241355, 50.860686051437369 ], [ -0.385195588859031, 50.860688045576914 ], [ -0.385202683453599, 50.860689444967171 ], [ -0.385209778045172, 50.860690564476144 ], [ -0.385216872633625, 50.860691404103854 ], [ -0.38522396721883, 50.860691963850293 ], [ -0.38523106180066, 50.860692243715455 ], [ -0.385238156378991, 50.86069224369934 ], [ -0.385245250953692, 50.860691963801976 ], [ -0.385252345524639, 50.860691404023321 ] ] ] } },
{ "type": "Feature", "properties": { "fid": 10, "pit_id": 10, "mon_name": "Flint Mine Pit Group 2", "site": "Cissbury Ring", "mon_type": "Flint mine pit group", "nhle_id": null, "mon_uid": "MNA188890", "src_shot": "142418", "full_label": "Flint Mine Pit Group 2, Cissbury Ring", "area_m2": 193.22, "perim_m": 49.97, "diam_m": 15.69 }, "geometry": { "type": "Polygon", "coordinates": [ [ [ -0.385470279844513, 50.860509760243993 ], [ -0.385477817829651, 50.860509480344732 ], [ -0.385484912402892, 50.860509130475627 ], [ -0.385491563564214, 50.860508710636744 ], [ -0.385497771313597, 50.860508220828194 ], [ -0.385503535651026, 50.860507661050015 ], [ -0.385508856576489, 50.860507031302276 ], [ -0.38551373408998, 50.860506331585057 ], [ -0.385518168191494, 50.860505561898393 ], [ -0.385522158881032, 50.860504722242339 ], [ -0.385526204994205, 50.860503637689021 ], [ -0.385530306530944, 50.860502308238416 ], [ -0.385534463491183, 50.860500733890518 ], [ -0.385538675874847, 50.860498914645326 ], [ -0.385542943681865, 50.860496850502827 ], [ -0.385547266912163, 50.860494541463027 ], [ -0.385551645565662, 50.860491987525918 ], [ -0.385556079642287, 50.860489188691474 ], [ -0.385560181160386, 50.860486389857506 ], [ -0.38556395012002, 50.86048359102405 ], [ -0.385567386521246, 50.860480792191154 ], [ -0.385570490364123, 50.860477993358813 ], [ -0.385573261648712, 50.860475194527076 ], [ -0.38557570037507, 50.860472395695979 ], [ -0.385577806543256, 50.860469596865514 ], [ -0.385579580153331, 50.860466798035702 ], [ -0.385581132055172, 50.860463789294101 ], [ -0.385582462248801, 50.86046057064069 ], [ -0.385583570734246, 50.860457142075461 ], [ -0.385584457511535, 50.860453503598464 ], [ -0.38558512258071, 50.860449655209692 ], [ -0.385585565941816, 50.860445596909116 ], [ -0.385585787594901, 50.860441328696766 ], [ -0.385585787540024, 50.860436850572654 ], [ -0.385585621210177, 50.860432722302249 ], [ -0.385585288605403, 50.860428943885537 ], [ -0.385584789725739, 50.860425515322561 ], [ -0.38558412457121, 50.860422436613277 ], [ -0.385583293141837, 50.860419707757714 ], [ -0.38558229543763, 50.860417328755844 ], [ -0.385581131458595, 50.860415299607673 ], [ -0.385579801204728, 50.860413620313203 ], [ -0.385578360098044, 50.860411941018945 ], [ -0.385576808138556, 50.860410261724873 ], [ -0.385575145326276, 50.860408582430992 ], [ -0.385573371661214, 50.86040690313731 ], [ -0.385571487143385, 50.860405223843806 ], [ -0.3855694917728, 50.860403544550486 ], [ -0.38556738554947, 50.860401865257344 ], [ -0.385565168473408, 50.860400185964352 ], [ -0.385563228530684, 50.860398611626813 ], [ -0.385561565721257, 50.860397142244736 ], [ -0.385560180045092, 50.860395777818127 ], [ -0.385559071502153, 50.860394518346993 ], [ -0.38555824009241, 50.860393363831363 ], [ -0.385557685815839, 50.860392314271223 ], [ -0.385557408672417, 50.860391369666573 ], [ -0.385557408662126, 50.860390530017426 ], [ -0.385557297800341, 50.860389795324693 ], [ -0.385557076087067, 50.860389165588323 ], [ -0.385556743522308, 50.860388640808367 ], [ -0.385556300106064, 50.860388220984788 ], [ -0.385555745838337, 50.860387906117609 ], [ -0.385555080719125, 50.860387696206807 ], [ -0.385554304748425, 50.86038759125239 ], [ -0.385553417926231, 50.860387591254359 ], [ -0.38555258652826, 50.860387416329267 ], [ -0.385551810554519, 50.860387066477109 ], [ -0.385551090005015, 50.860386541697885 ], [ -0.385550424879756, 50.860385841991608 ], [ -0.385549815178745, 50.860384967358264 ], [ -0.385549260901986, 50.860383917797868 ], [ -0.38554876204948, 50.860382693310392 ], [ -0.385548318621228, 50.860381293895863 ], [ -0.385547376355335, 50.860379894482499 ], [ -0.385545935251845, 50.860378495070265 ], [ -0.385543995310801, 50.86037709565916 ], [ -0.385541556532249, 50.86037569624915 ], [ -0.385538618916235, 50.860374296840206 ], [ -0.385535182462804, 50.860372897432292 ], [ -0.385531247172003, 50.860371498025366 ], [ -0.385526813043876, 50.86037009861937 ], [ -0.385521935507414, 50.860368909126969 ], [ -0.385516614562586, 50.860367929548104 ], [ -0.38551085020935, 50.860367159882713 ], [ -0.385504642447653, 50.860366600130746 ], [ -0.385497991277429, 50.860366250292124 ], [ -0.3854908966986, 50.860366110366776 ], [ -0.385483358711077, 50.860366180354589 ], [ -0.38547537731476, 50.860366460255506 ], [ -0.385468282741492, 50.860366810124823 ], [ -0.385462074991255, 50.860367229962705 ], [ -0.385456754064046, 50.860367719769279 ], [ -0.385452319959863, 50.860368279544687 ], [ -0.385448772678717, 50.860368909289015 ], [ -0.385446112220626, 50.860369609002333 ], [ -0.385444338585615, 50.860370378684721 ], [ -0.38544345177372, 50.860371218336212 ], [ -0.385442398681807, 50.860371988017299 ], [ -0.385441179309871, 50.860372687727974 ], [ -0.385439793657912, 50.860373317468238 ], [ -0.38543824172593, 50.860373877238054 ], [ -0.385436523513924, 50.860374367037473 ], [ -0.3854346390219, 50.860374786866458 ], [ -0.385432588249858, 50.86037513672499 ], [ -0.385430371197807, 50.86037541661306 ], [ -0.385428431278108, 50.860375731485874 ], [ -0.385426768490764, 50.860376081343439 ], [ -0.385425382835774, 50.860376466185762 ], [ -0.385424274313144, 50.860376886012872 ], [ -0.385423442922879, 50.860377340824755 ], [ -0.385422888664982, 50.860377830621424 ], [ -0.385422611539464, 50.860378355402879 ], [ -0.385422611546329, 50.86037891516915 ], [ -0.385422278995805, 50.860379544906927 ], [ -0.385421613887875, 50.860380244616245 ], [ -0.385420616222519, 50.860381014297083 ], [ -0.38541928599972, 50.860381853949441 ], [ -0.385417623219451, 50.860382763573298 ], [ -0.385415627881689, 50.860383743168633 ], [ -0.385413299986401, 50.860384792735466 ], [ -0.385410639533557, 50.860385912273735 ], [ -0.385408200786647, 50.860387066796825 ], [ -0.385405983745679, 50.860388256304738 ], [ -0.385403988410669, 50.860389480797494 ], [ -0.385402214781628, 50.860390740275101 ], [ -0.385400662858568, 50.860392034737572 ], [ -0.385399332641503, 50.860393364184937 ], [ -0.385398224130452, 50.860394728617159 ], [ -0.385397337325431, 50.860396128034274 ], [ -0.385396339666344, 50.860397422495502 ], [ -0.38539523115319, 50.860398612000843 ], [ -0.385394011785971, 50.860399696550274 ], [ -0.385392681564684, 50.860400676143811 ], [ -0.385391240489334, 50.860401550781461 ], [ -0.385389688559922, 50.860402320463201 ], [ -0.385388025776456, 50.86040298518904 ], [ -0.38538625213894, 50.860403544958942 ], [ -0.385384644784487, 50.860404419596705 ], [ -0.385383203713071, 50.860405609102308 ], [ -0.385381928924676, 50.860407113475802 ], [ -0.385380820419291, 50.860408932717128 ], [ -0.385379878196914, 50.860411066826344 ], [ -0.385379102257544, 50.860413515803423 ], [ -0.385378492601195, 50.860416279648376 ], [ -0.385378049227878, 50.860419358361206 ], [ -0.385377550424291, 50.860422122205875 ], [ -0.385376996190435, 50.860424571182413 ], [ -0.385376386526314, 50.860426705290777 ], [ -0.385375721431933, 50.860428524531002 ], [ -0.3853750009073, 50.86043002890306 ], [ -0.385374224952425, 50.860431218406966 ], [ -0.38537339356732, 50.860432093042718 ], [ -0.385372506752, 50.86043265281031 ], [ -0.385371786222681, 50.860433772342851 ], [ -0.385371231979348, 50.860435451640321 ], [ -0.385370844021998, 50.860437690702739 ], [ -0.385370622350641, 50.860440489530106 ], [ -0.385370566965293, 50.860443848122401 ], [ -0.385370677865988, 50.860447766479652 ], [ -0.385370955052766, 50.860452244601845 ], [ -0.385371398525682, 50.860457282488987 ], [ -0.385372229979191, 50.860462005507081 ], [ -0.385373449413394, 50.860466413656148 ], [ -0.385375056828379, 50.860470506936167 ], [ -0.385377052224217, 50.860474285347124 ], [ -0.385379435600965, 50.860477748888997 ], [ -0.385382206958661, 50.860480897561771 ], [ -0.385385366297331, 50.860483731365413 ], [ -0.385388913616985, 50.860486250299878 ], [ -0.385392682641273, 50.860488699263222 ], [ -0.385396673370214, 50.860491078255421 ], [ -0.385400885803826, 50.860493387276428 ], [ -0.385405319942123, 50.86049562632622 ], [ -0.385409975785117, 50.860497795404804 ], [ -0.385414853332819, 50.860499894512124 ], [ -0.385419952585239, 50.860501923648179 ], [ -0.385425273542383, 50.860503882812914 ], [ -0.385430871628337, 50.860505562094787 ], [ -0.385436746843031, 50.860506961493812 ], [ -0.385442899186389, 50.860508081009876 ], [ -0.385449328658319, 50.860508920642985 ], [ -0.385456035258724, 50.860509480393063 ], [ -0.385463018987496, 50.860509760260086 ], [ -0.385470279844513, 50.860509760243993 ] ] ] } },
{ "type": "Feature", "properties": { "fid": 11, "pit_id": 11, "mon_name": "Flint Mine Pit Group 2", "site": "Cissbury Ring", "mon_type": "Flint mine pit group", "nhle_id": null, "mon_uid": "MNA188890", "src_shot": "142418", "full_label": "Flint Mine Pit Group 2, Cissbury Ring", "area_m2": 197.13, "perim_m": 50.41, "diam_m": 15.84 }, "geometry": { "type": "Polygon", "coordinates": [ [ [ -0.384770804138803, 50.860932941980295 ], [ -0.384776125063503, 50.860932662091564 ], [ -0.384781556839345, 50.860932242262763 ], [ -0.384787099466275, 50.860931682493877 ], [ -0.384792752944243, 50.8609309827849 ], [ -0.384798517273191, 50.860930143135789 ], [ -0.384804392453063, 50.860929163546558 ], [ -0.384810378483798, 50.860928044017179 ], [ -0.384816475365337, 50.860926784547637 ], [ -0.384822683097614, 50.860925385137897 ], [ -0.384828558268209, 50.860923670863485 ], [ -0.384834100877034, 50.86092164172446 ], [ -0.384839310924022, 50.860919297720869 ], [ -0.384844188409114, 50.860916638852729 ], [ -0.384848733332267, 50.860913665120115 ], [ -0.38485294569345, 50.86091037652303 ], [ -0.384856825492645, 50.860906773061537 ], [ -0.384860372730551, 50.860902854735166 ], [ -0.384863587408169, 50.860898586556964 ], [ -0.38486646952303, 50.860893968528721 ], [ -0.384869019075164, 50.860889000650467 ], [ -0.384871236064615, 50.86088368292225 ], [ -0.384873120491447, 50.860878015344035 ], [ -0.384874672355732, 50.860871997915851 ], [ -0.384875891657561, 50.860865630637747 ], [ -0.384876778397039, 50.860858913509688 ], [ -0.384877443438442, 50.860852826112541 ], [ -0.384877886781888, 50.860847368446322 ], [ -0.384878108427478, 50.860842540511015 ], [ -0.384878108375292, 50.860838342306643 ], [ -0.384877886625396, 50.860834773833183 ], [ -0.384877443177834, 50.860831835090664 ], [ -0.384876778032632, 50.860829526079073 ], [ -0.3848758911898, 50.860827846798387 ], [ -0.384874948921441, 50.860826237487927 ], [ -0.384873951227556, 50.860824698147667 ], [ -0.384872898108148, 50.860823228777619 ], [ -0.384871789563217, 50.860821829377777 ], [ -0.384870625592764, 50.860820499948147 ], [ -0.384869406196787, 50.860819240488723 ], [ -0.384868131375287, 50.860818050999498 ], [ -0.38486680112826, 50.860816931480457 ], [ -0.384865470882999, 50.860815951901699 ], [ -0.384864140639489, 50.860815112263204 ], [ -0.384862810397719, 50.86081441256497 ], [ -0.384861480157678, 50.860813852806977 ], [ -0.384860149919353, 50.860813432989261 ], [ -0.384858819683424, 50.860813153111295 ], [ -0.384857489449692, 50.860813013173257 ], [ -0.384856159217642, 50.860813013175495 ], [ -0.384854440997567, 50.860812733297841 ], [ -0.384852334789506, 50.860812173540317 ], [ -0.384849840593511, 50.860811333902866 ], [ -0.384846958409645, 50.860810214385509 ], [ -0.384843688237991, 50.860808814988175 ], [ -0.384840030078641, 50.86080713571085 ], [ -0.384835983931702, 50.860805176553519 ], [ -0.384831549797296, 50.860802937516112 ], [ -0.384826783108552, 50.860800978360025 ], [ -0.38482168386543, 50.860799299085215 ], [ -0.384816252067874, 50.86079789969164 ], [ -0.38481048771582, 50.86079678017925 ], [ -0.38480439080919, 50.860795940548002 ], [ -0.384797961347893, 50.860795380797832 ], [ -0.384791199331829, 50.860795100928698 ], [ -0.384784104760883, 50.860795100940535 ], [ -0.384777786159543, 50.860795170920909 ], [ -0.384772243527779, 50.860795310869925 ], [ -0.384767476865573, 50.860795520787732 ], [ -0.384763486172911, 50.860795800674389 ], [ -0.384760271449787, 50.860796150529993 ], [ -0.384757832696203, 50.860796570354609 ], [ -0.384756169912166, 50.860797060148286 ], [ -0.384755283097694, 50.860797619911047 ], [ -0.384754285429678, 50.86079810970385 ], [ -0.384753176908119, 50.860798529526676 ], [ -0.384751957533021, 50.860798879379537 ], [ -0.384750627304384, 50.860799159262442 ], [ -0.384749186222214, 50.860799369175346 ], [ -0.384747634286515, 50.860799509118287 ], [ -0.384745971497295, 50.860799579091228 ], [ -0.384744197854559, 50.860799579094198 ], [ -0.384742590491704, 50.860799649067019 ], [ -0.384741149408724, 50.860799789009711 ], [ -0.384739874605614, 50.860799998922261 ], [ -0.38473876608237, 50.860800278804689 ], [ -0.384737823838989, 50.860800628657003 ], [ -0.384737047875472, 50.860801048479196 ], [ -0.384736438191819, 50.860801538271268 ], [ -0.384735994788032, 50.860802098033233 ], [ -0.384735052547286, 50.860802657796128 ], [ -0.384733611469564, 50.860803217559912 ], [ -0.384731671554849, 50.860803777324584 ], [ -0.384729232803123, 50.860804337090116 ], [ -0.384726295214369, 50.860804896856457 ], [ -0.384722858788571, 50.860805456623602 ], [ -0.38471892352571, 50.860806016391479 ], [ -0.384714489425771, 50.860806576160051 ], [ -0.384710110754016, 50.86080727586878 ], [ -0.384705787510407, 50.860808115517642 ], [ -0.384701519694908, 50.86080909510666 ], [ -0.384697307307485, 50.860810214635833 ], [ -0.384693150348104, 50.860811474105191 ], [ -0.38468904881673, 50.86081287351471 ], [ -0.384685002713333, 50.8608144128644 ], [ -0.384681012037882, 50.860816092154259 ], [ -0.384677298495355, 50.860817876398684 ], [ -0.384673862085758, 50.860819765597682 ], [ -0.384670702809102, 50.860821759751268 ], [ -0.384667820665399, 50.860823858859483 ], [ -0.384665215654668, 50.860826062922328 ], [ -0.384662887776927, 50.860828371939839 ], [ -0.384660837032203, 50.860830785912022 ], [ -0.384659063420523, 50.860833304838906 ], [ -0.384657511516673, 50.860836033675412 ], [ -0.384656181320668, 50.860838972421547 ], [ -0.384655072832532, 50.860842121077354 ], [ -0.384654186052292, 50.860845479642812 ], [ -0.384653520979985, 50.86084904811792 ], [ -0.384653077615649, 50.860852826502686 ], [ -0.384652855959333, 50.860856814797138 ], [ -0.384652856011086, 50.860861013001234 ], [ -0.384653299475159, 50.860865386129227 ], [ -0.384654186351677, 50.86086993418111 ], [ -0.384655516640779, 50.860874657156884 ], [ -0.384657290342614, 50.860879555056506 ], [ -0.384659507457338, 50.860884627879976 ], [ -0.384662167985118, 50.860889875627279 ], [ -0.384665271926135, 50.860895298298338 ], [ -0.384668819280576, 50.860900895893181 ], [ -0.384673031744971, 50.860906003697025 ], [ -0.384677909319411, 50.860910621709813 ], [ -0.384683452003946, 50.860914749931482 ], [ -0.384689659798581, 50.86091838836191 ], [ -0.384696532703283, 50.860921537001012 ], [ -0.384704070717975, 50.860924195848646 ], [ -0.384712273842539, 50.860926364904707 ], [ -0.384721142076816, 50.86092804416905 ], [ -0.384729566897908, 50.860929478538957 ], [ -0.384737548305641, 50.860930668014518 ], [ -0.384745086299856, 50.860931612595842 ], [ -0.384752180880405, 50.860932312283005 ], [ -0.384758832047155, 50.860932767076079 ], [ -0.38476503979999, 50.860932976975157 ], [ -0.384770804138803, 50.860932941980295 ] ] ] } },
{ "type": "Feature", "properties": { "fid": 12, "pit_id": 12, "mon_name": "Flint Mine Pit Group 2", "site": "Cissbury Ring", "mon_type": "Flint mine pit group", "nhle_id": null, "mon_uid": "MNA188890", "src_shot": "142418", "full_label": "Flint Mine Pit Group 2, Cissbury Ring", "area_m2": 79.12, "perim_m": 32.97, "diam_m": 10.04 }, "geometry": { "type": "Polygon", "coordinates": [ [ [ -0.384385480618035, 50.860962050117202 ], [ -0.384388141078646, 50.860961770233075 ], [ -0.384390690685331, 50.860961385394241 ], [ -0.384393129438079, 50.86096089560067 ], [ -0.384395457336874, 50.860960300852398 ], [ -0.384397674381704, 50.860959601149432 ], [ -0.384399780572561, 50.860958796491758 ], [ -0.384401775909436, 50.860957886879397 ], [ -0.384403660392319, 50.86095687231235 ], [ -0.384405434021208, 50.860955752790609 ], [ -0.384407373925453, 50.860954318403792 ], [ -0.384409480105002, 50.860952569151891 ], [ -0.38441175255979, 50.860950505034886 ], [ -0.38441419128975, 50.860948126052783 ], [ -0.384416796294808, 50.860945432205547 ], [ -0.384419567574882, 50.860942423493171 ], [ -0.38442250512988, 50.860939099915655 ], [ -0.38442560895971, 50.860935461472998 ], [ -0.384428435656802, 50.860931753060427 ], [ -0.384430985221209, 50.860927974677985 ], [ -0.384433257652985, 50.860924126325678 ], [ -0.384435252952186, 50.86092020800352 ], [ -0.384436971118874, 50.860916219711562 ], [ -0.384438412153113, 50.860912161449761 ], [ -0.384439576054964, 50.86090803321818 ], [ -0.384440462824496, 50.860903835016778 ], [ -0.384441072468655, 50.860900161590834 ], [ -0.384441404987529, 50.860897012940349 ], [ -0.384441460381188, 50.860894389065322 ], [ -0.384441238649682, 50.86089228996574 ], [ -0.384440739793042, 50.860890715641624 ], [ -0.384439963811281, 50.860889666092952 ], [ -0.384438910704393, 50.860889141319745 ], [ -0.384437580472351, 50.860889141321962 ], [ -0.384436416518012, 50.86088903636886 ], [ -0.384435418841381, 50.860888826460418 ], [ -0.384434587442463, 50.860888511596649 ], [ -0.38443392232126, 50.860888091777568 ], [ -0.384433423477772, 50.860887567003175 ], [ -0.384433090911997, 50.860886937273463 ], [ -0.38443292462393, 50.860886202588432 ], [ -0.384432924613563, 50.860885362948089 ], [ -0.38443281375138, 50.860884593277952 ], [ -0.384432592037384, 50.860883893578027 ], [ -0.384432259471582, 50.860883263848336 ], [ -0.384431816053973, 50.860882704088844 ], [ -0.384431261784562, 50.860882214299558 ], [ -0.384430596663349, 50.860881794480484 ], [ -0.384429820690335, 50.860881444631623 ], [ -0.384428933865517, 50.860881164752954 ], [ -0.384427049366597, 50.860880884876316 ], [ -0.384424167193595, 50.860880605001633 ], [ -0.384420287346526, 50.860880325128839 ], [ -0.384415409825416, 50.860880045257836 ], [ -0.384409534630281, 50.860879765388525 ], [ -0.384402661761143, 50.860879485520705 ], [ -0.384394791218026, 50.860879205654236 ], [ -0.384385923000952, 50.860878925788896 ], [ -0.384377719901361, 50.860878750877085 ], [ -0.384370181919188, 50.860878680918972 ], [ -0.384363309054376, 50.860878715914659 ], [ -0.384357101306879, 50.860878855864243 ], [ -0.384351558676657, 50.860879100767882 ], [ -0.384346681163682, 50.860879450625632 ], [ -0.384342468767934, 50.860879905437585 ], [ -0.384338921489402, 50.860880465203806 ], [ -0.384335762195611, 50.860881059954323 ], [ -0.384332990886568, 50.860881689689123 ], [ -0.384330607562283, 50.860882354408261 ], [ -0.384328612222765, 50.86088305411176 ], [ -0.384327004868026, 50.860883788799633 ], [ -0.384325785498081, 50.860884558471902 ], [ -0.384324954112946, 50.860885363128581 ], [ -0.384324510712639, 50.860886202769677 ], [ -0.384323845606141, 50.860886972441108 ], [ -0.384322958793443, 50.860887672142908 ], [ -0.38432185027454, 50.860888301875065 ], [ -0.384320520049429, 50.860888861637576 ], [ -0.384318968118107, 50.860889351430416 ], [ -0.384317194480575, 50.860889771253582 ], [ -0.384315199136833, 50.860890121107076 ], [ -0.384312982086889, 50.860890400990876 ], [ -0.384310820467302, 50.860890995739574 ], [ -0.38430871427803, 50.860891905353178 ], [ -0.384306663519037, 50.860893129831723 ], [ -0.384304668190281, 50.860894669175153 ], [ -0.384302728291728, 50.860896523383516 ], [ -0.384300843823347, 50.860898692456786 ], [ -0.384299014785102, 50.860901176394975 ], [ -0.384297241176967, 50.860903975198092 ], [ -0.384295578417461, 50.860906459135983 ], [ -0.384294026506636, 50.860908628208655 ], [ -0.384292585444541, 50.860910482416095 ], [ -0.384291255231216, 50.860912021758338 ], [ -0.384290035866702, 50.860913246235384 ], [ -0.384288927351031, 50.860914155847198 ], [ -0.384287929684234, 50.860914750593828 ], [ -0.384287042866333, 50.860915030475248 ], [ -0.384286433183928, 50.860915625221047 ], [ -0.384286100637017, 50.860916534831226 ], [ -0.384286045225607, 50.860917759305792 ], [ -0.384286266949722, 50.86091929864476 ], [ -0.384286765809388, 50.860921152848078 ], [ -0.38428754180465, 50.860923321915806 ], [ -0.384288594935561, 50.860925805847884 ], [ -0.384289925202186, 50.860928604644329 ], [ -0.384291366318907, 50.860931193530661 ], [ -0.384292918285725, 50.86093357250688 ], [ -0.384294581102636, 50.860935741572966 ], [ -0.384296354769634, 50.860937700728925 ], [ -0.384298239286711, 50.860939449974751 ], [ -0.384300234653853, 50.860940989310429 ], [ -0.384302340871047, 50.860942318735951 ], [ -0.384304557938274, 50.860943438251347 ], [ -0.384306497873039, 50.860944487797198 ], [ -0.384308160675318, 50.860945467373568 ], [ -0.384309546345082, 50.860946376980422 ], [ -0.384310654882313, 50.860947216617774 ], [ -0.384311486286989, 50.860947986285652 ], [ -0.384312040559092, 50.860948685984063 ], [ -0.384312317698608, 50.860949315713 ], [ -0.384312317705524, 50.860949875472464 ], [ -0.384312483990574, 50.860950365261722 ], [ -0.384312816553764, 50.860950785080782 ], [ -0.384313315395095, 50.860951134929628 ], [ -0.384313980514571, 50.860951414808262 ], [ -0.384314811912189, 50.860951624716705 ], [ -0.384315809587949, 50.860951764654914 ], [ -0.384316973541849, 50.860951834622917 ], [ -0.384318303773883, 50.860951834620685 ], [ -0.384319634007605, 50.860951974558297 ], [ -0.384320964243026, 50.860952254435773 ], [ -0.384322294480159, 50.860952674253078 ], [ -0.384323624719016, 50.860953234010246 ], [ -0.384324954959606, 50.860953933707243 ], [ -0.384326285201943, 50.860954773344098 ], [ -0.384327615446038, 50.860955752920781 ], [ -0.384328945691903, 50.860956872437328 ], [ -0.384330553067325, 50.860957817028662 ], [ -0.384332437572309, 50.86095858669475 ], [ -0.384334599206842, 50.860959181435604 ], [ -0.384337037970911, 50.860959601251217 ], [ -0.3843397538645, 50.860959846141554 ], [ -0.384342746887581, 50.860959916106601 ], [ -0.384346017040124, 50.860959811146323 ], [ -0.38434956432209, 50.860959531260725 ], [ -0.384352889899949, 50.860959356330291 ], [ -0.384355993773726, 50.860959286355076 ], [ -0.38435887594344, 50.860959321335088 ], [ -0.38436153640911, 50.860959461270348 ], [ -0.384363975170755, 50.860959706160855 ], [ -0.384366192228385, 50.860960056006647 ], [ -0.384368187582009, 50.860960510807701 ], [ -0.384369961231633, 50.860961070564059 ], [ -0.384371845732675, 50.860961525365369 ], [ -0.384373841085123, 50.860961875211657 ], [ -0.384375947288967, 50.860962120102897 ], [ -0.384378164344194, 50.860962260039059 ], [ -0.384380492250791, 50.86096229502018 ], [ -0.384382931008744, 50.860962225046222 ], [ -0.384385480618035, 50.860962050117202 ] ] ] } },
{ "type": "Feature", "properties": { "fid": 13, "pit_id": 13, "mon_name": "Flint Mine Pit Group 3", "site": "Cissbury Ring", "mon_type": "Flint mine pit group", "nhle_id": null, "mon_uid": "MNA188892", "src_shot": "142431", "full_label": "Flint Mine Pit Group 3, Cissbury Ring", "area_m2": 182.11, "perim_m": 48.65, "diam_m": 15.23 }, "geometry": { "type": "Polygon", "coordinates": [ [ [ -0.386037179605564, 50.860401584329914 ], [ -0.386042500525038, 50.860400464786203 ], [ -0.386047322605272, 50.860399205301881 ], [ -0.386051645846262, 50.860397805876978 ], [ -0.386055470248013, 50.860396266511593 ], [ -0.386058795810537, 50.860394587205732 ], [ -0.386061622533856, 50.860392767959468 ], [ -0.386063950418006, 50.860390808772827 ], [ -0.386065779463022, 50.860388709645832 ], [ -0.386067109668955, 50.860386470578518 ], [ -0.38606843987739, 50.86038444142347 ], [ -0.386069770088343, 50.860382622180694 ], [ -0.386071100301834, 50.860381012850191 ], [ -0.386072430517882, 50.860379613431931 ], [ -0.386073760736504, 50.860378423925937 ], [ -0.386075090957717, 50.860377444332244 ], [ -0.38607642118154, 50.86037667465078 ], [ -0.386077751407993, 50.860376114881603 ], [ -0.386079081629446, 50.860375135287562 ], [ -0.386080411845865, 50.860373735868677 ], [ -0.38608174205721, 50.860371916624949 ], [ -0.386083072263447, 50.860369677556363 ], [ -0.386084402464537, 50.860367018662913 ], [ -0.386085732660443, 50.860363939944619 ], [ -0.386087062851129, 50.860360441401461 ], [ -0.386088393036556, 50.86035652303346 ], [ -0.386089335236932, 50.860352604665991 ], [ -0.386089889452352, 50.860348686299034 ], [ -0.386090055682916, 50.860344767932617 ], [ -0.38608983392872, 50.860340849566761 ], [ -0.386089224189862, 50.860336931201424 ], [ -0.386088226466438, 50.860333012836634 ], [ -0.386086840758546, 50.860329094472362 ], [ -0.386085067066284, 50.86032517610861 ], [ -0.386083127097403, 50.86032146765767 ], [ -0.386081020851919, 50.860317969119514 ], [ -0.386078748329839, 50.860314680494135 ], [ -0.386076309531172, 50.860311601781554 ], [ -0.386073704455917, 50.860308732981743 ], [ -0.386070933104074, 50.86030607409468 ], [ -0.386067995475631, 50.860303625120366 ], [ -0.386064891570577, 50.860301386058801 ], [ -0.386062009374714, 50.860299426880225 ], [ -0.386059348887963, 50.860297747584696 ], [ -0.386056910110253, 50.860296348172213 ], [ -0.386054693041519, 50.860295228642791 ], [ -0.386052697681709, 50.860294388996451 ], [ -0.386050924030771, 50.860293829233186 ], [ -0.386049372088669, 50.86029354935301 ], [ -0.386048041855369, 50.860293549355944 ], [ -0.386046822473546, 50.860293444402274 ], [ -0.386045713943209, 50.860293234491984 ], [ -0.386044716264361, 50.860292919625081 ], [ -0.386043829437009, 50.86029249980156 ], [ -0.386043053461154, 50.860291975021461 ], [ -0.386042388336798, 50.860291345284743 ], [ -0.38604183406394, 50.860290610591441 ], [ -0.38604139064258, 50.860289770941534 ], [ -0.38604033753038, 50.860288896307601 ], [ -0.386038674727376, 50.860287986689663 ], [ -0.386036402233609, 50.860287042087663 ], [ -0.386033520049122, 50.860286062501594 ], [ -0.386030028173958, 50.860285047931384 ], [ -0.386025926608168, 50.860283998376993 ], [ -0.386021215351803, 50.860282913838354 ], [ -0.386015894404918, 50.860281794315391 ], [ -0.386010074622383, 50.860280814735667 ], [ -0.386003756004178, 50.860279975099125 ], [ -0.385996938550277, 50.860279275405674 ], [ -0.385989622260643, 50.860278715655205 ], [ -0.38598180713523, 50.86027829584765 ], [ -0.385973493173985, 50.860278015982921 ], [ -0.385964680376845, 50.86027787606087 ], [ -0.385955368743736, 50.860277876081426 ], [ -0.385946833081458, 50.86027798105615 ], [ -0.385939073389954, 50.860278190985234 ], [ -0.385932089669178, 50.860278505868841 ], [ -0.385925881919098, 50.860278925707078 ], [ -0.385920450139688, 50.860279450500094 ], [ -0.385915794330935, 50.860280080247996 ], [ -0.385911914492838, 50.860280814950869 ], [ -0.385908810625406, 50.860281654608784 ], [ -0.385905595907966, 50.860282704179674 ], [ -0.385902270340465, 50.860283963663505 ], [ -0.385898833922853, 50.86028543306027 ], [ -0.385895286655072, 50.860287112369967 ], [ -0.385891628537061, 50.860289001592591 ], [ -0.38588785956876, 50.860291100728126 ], [ -0.3858839797501, 50.860293409776553 ], [ -0.385879989081014, 50.860295928737862 ], [ -0.385876552683305, 50.860299077435151 ], [ -0.385873670556941, 50.860302855868461 ], [ -0.385871342701937, 50.860307264037814 ], [ -0.38586956911835, 50.860312301943281 ], [ -0.385868349806281, 50.860317969584855 ], [ -0.385867684765877, 50.860324266962557 ], [ -0.38586757399733, 50.860331194076423 ], [ -0.385868017500871, 50.860338750926417 ], [ -0.385868627273271, 50.860345468125843 ], [ -0.385869403314573, 50.860351345674744 ], [ -0.385870345624808, 50.860356383573105 ], [ -0.385871454203987, 50.860360581820899 ], [ -0.385872729052096, 50.860363940418146 ], [ -0.385874170169109, 50.860366459364826 ], [ -0.385875777554979, 50.860368138660974 ], [ -0.385877551209639, 50.860368978306525 ], [ -0.385879214012385, 50.860369887923085 ], [ -0.385880765963216, 50.860370867510632 ], [ -0.385882207062134, 50.86037191706918 ], [ -0.385883537309136, 50.860373036598723 ], [ -0.385884756704221, 50.860374226099275 ], [ -0.385885865247387, 50.860375485570842 ], [ -0.385886862938628, 50.860376815013403 ], [ -0.385887749777939, 50.860378214427001 ], [ -0.385888969174655, 50.860379543869129 ], [ -0.3858905211288, 50.860380803339744 ], [ -0.385892405640395, 50.860381992838853 ], [ -0.385894622709456, 50.860383112366442 ], [ -0.385897172335998, 50.860384161922497 ], [ -0.385900054520032, 50.860385141506981 ], [ -0.385903269261567, 50.860386051119882 ], [ -0.385906816560609, 50.860386890761163 ], [ -0.385909920448219, 50.860387695417955 ], [ -0.385912580924366, 50.860388465090288 ], [ -0.385914797989021, 50.860389199778197 ], [ -0.385916571642158, 50.86038989948171 ], [ -0.385917901883754, 50.860390564200834 ], [ -0.385918788713784, 50.860391193935598 ], [ -0.385919232132233, 50.86039178868598 ], [ -0.385919232139078, 50.860392348452031 ], [ -0.385919564704615, 50.86039294320274 ], [ -0.385920229828859, 50.860393572938094 ], [ -0.385921227511822, 50.860394237658085 ], [ -0.385922557753522, 50.86039493736272 ], [ -0.385924220553978, 50.860395672051986 ], [ -0.385926215913208, 50.860396441725868 ], [ -0.385928543831235, 50.860397246384338 ], [ -0.385931204308079, 50.860398086027374 ], [ -0.385934751606575, 50.860398890683477 ], [ -0.385939185726758, 50.860399660352584 ], [ -0.385944506668668, 50.860400395034567 ], [ -0.385950714432336, 50.860401094729319 ], [ -0.385957809017791, 50.860401759436677 ], [ -0.38596579042506, 50.860402389156498 ], [ -0.385974658654162, 50.860402983888605 ], [ -0.385984413705118, 50.860403543632799 ], [ -0.385993614490021, 50.860403893465573 ], [ -0.386002261008728, 50.860404033387105 ], [ -0.38601035326112, 50.860403963397509 ], [ -0.386017891247085, 50.860403683496891 ], [ -0.386024874966531, 50.860403193685357 ], [ -0.386031304419379, 50.860402493963001 ], [ -0.386037179605564, 50.860401584329914 ] ] ] } },
{ "type": "Feature", "properties": { "fid": 14, "pit_id": 14, "mon_name": "Flint Mine Pit Group 3", "site": "Cissbury Ring", "mon_type": "Flint mine pit group", "nhle_id": null, "mon_uid": "MNA188892", "src_shot": "142431", "full_label": "Flint Mine Pit Group 3, Cissbury Ring", "area_m2": 257.14, "perim_m": 78.14, "diam_m": 18.09 }, "geometry": { "type": "Polygon", "coordinates": [ [ [ -0.385940518801048, 50.860631927655717 ], [ -0.385940518794204, 50.860631367892559 ], [ -0.385941128477282, 50.860630773142887 ], [ -0.385942347850257, 50.860630143406723 ], [ -0.385944176913103, 50.860629478684046 ], [ -0.38594661566579, 50.860628778974814 ], [ -0.385949664108286, 50.86062804427899 ], [ -0.385953322240556, 50.860627274596546 ], [ -0.385957590062565, 50.860626469927411 ], [ -0.385962467574272, 50.860625630271507 ], [ -0.38596673539604, 50.860624825602009 ], [ -0.385970393527909, 50.860624055918997 ], [ -0.385973441969913, 50.860623321222526 ], [ -0.38597588072209, 50.860622621512597 ], [ -0.385977709784472, 50.860621956789295 ], [ -0.385978929157085, 50.860621327052669 ], [ -0.38597953883996, 50.860620732302678 ], [ -0.385979538833116, 50.860620172539392 ], [ -0.385979815957825, 50.860619577790253 ], [ -0.385980370214072, 50.860618948055304 ], [ -0.385981201601846, 50.860618283334517 ], [ -0.385982310121133, 50.860617583627892 ], [ -0.385983695771918, 50.860616848935429 ], [ -0.385985358554188, 50.860616079257113 ], [ -0.385987298467921, 50.860615274592917 ], [ -0.385989515513101, 50.86061443494286 ], [ -0.385991455426301, 50.860613595293358 ], [ -0.385993118207532, 50.860612755644475 ], [ -0.385994503856813, 50.860611915996174 ], [ -0.385995612374153, 50.860611076348484 ], [ -0.385996443759572, 50.860610236701426 ], [ -0.385996998013081, 50.860609397054994 ], [ -0.385997275134698, 50.860608557409201 ], [ -0.385997275124435, 50.860607717764026 ], [ -0.385997441393782, 50.860606913103688 ], [ -0.38599777394273, 50.860606143428193 ], [ -0.385998272771272, 50.860605408737534 ], [ -0.385998937879401, 50.860604709031705 ], [ -0.38599976926711, 50.860604044310719 ], [ -0.386000766934397, 50.860603414574555 ], [ -0.386001930881256, 50.860602819823207 ], [ -0.38600326110768, 50.860602260056687 ], [ -0.386004425046438, 50.860601000585703 ], [ -0.386005422697486, 50.860599041410239 ], [ -0.3860062540608, 50.860596382530325 ], [ -0.386006919136367, 50.860593023945952 ], [ -0.386007417924189, 50.860588965657122 ], [ -0.386007750424286, 50.860584207663841 ], [ -0.386007916636684, 50.860578749966088 ], [ -0.386007916561429, 50.860572592563884 ], [ -0.386007639361337, 50.860567029911287 ], [ -0.386007085036501, 50.860562062008292 ], [ -0.386006253586991, 50.860557688854904 ], [ -0.386005145012859, 50.860553910451095 ], [ -0.38600375931413, 50.860550726796887 ], [ -0.386002096490812, 50.860548137892259 ], [ -0.386000156542893, 50.860546143737196 ], [ -0.385997939470333, 50.860544744331676 ], [ -0.385995944103823, 50.860543379910872 ], [ -0.385994170443339, 50.860542050474784 ], [ -0.385992618488857, 50.860540756023418 ], [ -0.385991288240357, 50.860539496556783 ], [ -0.385990179697816, 50.860538272074876 ], [ -0.385989292861217, 50.860537082577721 ], [ -0.385988627730537, 50.860535928065325 ], [ -0.385988184305761, 50.860534808537679 ], [ -0.385987186616066, 50.860533619040787 ], [ -0.385985634661496, 50.860532359574641 ], [ -0.385983528442104, 50.860531030139221 ], [ -0.385980867957949, 50.86052963073449 ], [ -0.385977653209091, 50.860528161360421 ], [ -0.385973884195597, 50.860526622016963 ], [ -0.385969560917542, 50.860525012704059 ], [ -0.385964683375002, 50.860523333421646 ], [ -0.385959972114432, 50.860521864050476 ], [ -0.385955427135755, 50.860520604590555 ], [ -0.385951048438894, 50.860519555041897 ], [ -0.385946836023781, 50.860518715404531 ], [ -0.385942789890349, 50.860518085678486 ], [ -0.385938910038537, 50.860517665863753 ], [ -0.385935196468289, 50.860517455960363 ], [ -0.385931649179552, 50.860517455968321 ], [ -0.385928545298432, 50.860517176092884 ], [ -0.385925884824977, 50.860516616334074 ], [ -0.385923667759216, 50.860515776691905 ], [ -0.385921894101165, 50.860514657166433 ], [ -0.385920563850822, 50.860513257757653 ], [ -0.385919677008171, 50.860511578465591 ], [ -0.385919233573179, 50.860509619290255 ], [ -0.385919233545799, 50.860507380231638 ], [ -0.385919510650489, 50.860505141172339 ], [ -0.385920064887212, 50.860502902112309 ], [ -0.385920896255928, 50.860500663051582 ], [ -0.385922004756596, 50.860498423990123 ], [ -0.385923390389178, 50.860496184927946 ], [ -0.385925053153634, 50.860493945865045 ], [ -0.385926993049925, 50.860491706801362 ], [ -0.385929210078012, 50.860489467736926 ], [ -0.385931260830199, 50.860487508555281 ], [ -0.385933145306546, 50.860485829256412 ], [ -0.385934863507105, 50.860484429840355 ], [ -0.385936415431921, 50.860483310307089 ], [ -0.385937801081035, 50.860482470656635 ], [ -0.385939020454481, 50.860481910888993 ], [ -0.385940073552286, 50.860481631004177 ], [ -0.385940960374473, 50.860481631002187 ], [ -0.385941736338352, 50.860481176191279 ], [ -0.385942401443902, 50.860480266571393 ], [ -0.385942955691111, 50.860478902142603 ], [ -0.38594339907997, 50.860477082904886 ], [ -0.385943731610481, 50.860474808858228 ], [ -0.385943953282644, 50.860472080002644 ], [ -0.385944064096475, 50.860468896338119 ], [ -0.385944064051988, 50.860465257864682 ], [ -0.38594367602203, 50.860461584406501 ], [ -0.385942900006693, 50.860457875963576 ], [ -0.385941736006071, 50.860454132535914 ], [ -0.38594018402026, 50.860450354123493 ], [ -0.385938244049356, 50.860446540726294 ], [ -0.38593591609346, 50.860442692344321 ], [ -0.385933200152671, 50.86043880897752 ], [ -0.385930096227094, 50.860434890625882 ], [ -0.385926992305127, 50.860431252156893 ], [ -0.385923888386719, 50.860427893570559 ], [ -0.385920784471812, 50.86042481486686 ], [ -0.385917680560357, 50.860422016045831 ], [ -0.385914576652294, 50.860419497107458 ], [ -0.38591147274757, 50.860417258051733 ], [ -0.385908368846133, 50.860415298878664 ], [ -0.385905264947924, 50.860413619588236 ], [ -0.385901883918605, 50.860412010269222 ], [ -0.385898225758187, 50.860410470921586 ], [ -0.385894290466683, 50.8604090015453 ], [ -0.385890078044101, 50.860407602140342 ], [ -0.385885588490449, 50.860406272706662 ], [ -0.385880821805732, 50.860405013244261 ], [ -0.385875777989948, 50.860403823753082 ], [ -0.385870457043102, 50.860402704233103 ], [ -0.385864858967142, 50.860401794626107 ], [ -0.385858983762011, 50.860401094932072 ], [ -0.385852831427646, 50.86040060515095 ], [ -0.385846401963972, 50.860400325282704 ], [ -0.385839695370909, 50.860400255327257 ], [ -0.38583271164837, 50.8604003952846 ], [ -0.38582545079626, 50.860400745154678 ], [ -0.385817912814475, 50.860401304937405 ], [ -0.385810873674759, 50.860402214572325 ], [ -0.385804333376981, 50.860403474059567 ], [ -0.385798291921032, 50.860405083399179 ], [ -0.385792749306825, 50.860407042591234 ], [ -0.385787705534296, 50.860409351635823 ], [ -0.385783160603405, 50.860412010532968 ], [ -0.385779114514129, 50.860415019282783 ], [ -0.385775567266475, 50.860418377885289 ], [ -0.3857724634322, 50.860421946398432 ], [ -0.385769803011362, 50.86042572482225 ], [ -0.385767586004031, 50.860429713156755 ], [ -0.385765812410292, 50.860433911401991 ], [ -0.385764482230233, 50.860438319557964 ], [ -0.385763595463961, 50.860442937624704 ], [ -0.385763152111596, 50.860447765602203 ], [ -0.385763152173264, 50.860452803490475 ], [ -0.385763484787505, 50.860457386568577 ], [ -0.385764149954407, 50.860461514836508 ], [ -0.385765147674043, 50.86046518829427 ], [ -0.385766477946464, 50.86046840694182 ], [ -0.385768140771704, 50.860471170779185 ], [ -0.385770136149775, 50.860473479806345 ], [ -0.385772464080668, 50.86047533402327 ], [ -0.385775124564357, 50.860476733429955 ], [ -0.385777452488986, 50.860478062866669 ], [ -0.385779447854514, 50.860479322333454 ], [ -0.385781110660906, 50.860480511830318 ], [ -0.385782440908129, 50.860481631357267 ], [ -0.385783438596152, 50.860482680914338 ], [ -0.38578410372495, 50.860483660501515 ], [ -0.385784436294497, 50.8604845701188 ], [ -0.385784436304773, 50.86048540976622 ], [ -0.385784602593338, 50.860486179442653 ], [ -0.385784935160197, 50.860486879148091 ], [ -0.385785434005357, 50.860487508882542 ], [ -0.385786099128823, 50.860488068646013 ], [ -0.385786930530598, 50.860488558438483 ], [ -0.385787928210683, 50.860488978259959 ], [ -0.385789092169078, 50.860489328110418 ], [ -0.385790422405783, 50.860489607989884 ], [ -0.385791586363763, 50.860489922855024 ], [ -0.385792584043021, 50.860490272705796 ], [ -0.38579341544355, 50.860490657542265 ], [ -0.385794080565353, 50.860491077364401 ], [ -0.385794579408423, 50.860491532172212 ], [ -0.385794911972759, 50.860492021965698 ], [ -0.385795078258354, 50.860492546744865 ], [ -0.385795078265205, 50.860493106509715 ], [ -0.385795244550353, 50.860493596303606 ], [ -0.385795577113805, 50.860494016126495 ], [ -0.385796075955562, 50.860494365978425 ], [ -0.385796741075624, 50.860494645859376 ], [ -0.385797572473995, 50.860494855769375 ], [ -0.385798570150672, 50.860494995708365 ], [ -0.385799734105652, 50.860495065676375 ], [ -0.385801064338932, 50.860495065673391 ], [ -0.385802228293901, 50.860495135641365 ], [ -0.385803225970568, 50.860495275580305 ], [ -0.385804057368932, 50.860495485490226 ], [ -0.385804722488998, 50.860495765371098 ], [ -0.385805221330763, 50.860496115222965 ], [ -0.385805553894226, 50.860496535045804 ], [ -0.385805720179386, 50.860497024839624 ], [ -0.385805720186236, 50.86049758460441 ], [ -0.385805997324568, 50.860498109383308 ], [ -0.385806551594393, 50.860498599176296 ], [ -0.385807382995714, 50.860499053983382 ], [ -0.385808491528544, 50.860499473804538 ], [ -0.385809877192882, 50.86049985863977 ], [ -0.385811539988734, 50.860500208489086 ], [ -0.385813479916103, 50.860500523352442 ], [ -0.385815696974992, 50.860500803229854 ], [ -0.385817747755569, 50.860501153078182 ], [ -0.385819632257839, 50.860501572897455 ], [ -0.385821350481807, 50.860502062687679 ], [ -0.385822902427474, 50.860502622448855 ], [ -0.385824288094842, 50.860503252180997 ], [ -0.385825507483909, 50.860503951884105 ], [ -0.385826560594674, 50.860504721558193 ], [ -0.385827447427133, 50.860505561203254 ], [ -0.385829054801703, 50.860506330876298 ], [ -0.38583138271841, 50.860507030577295 ], [ -0.385834431177281, 50.860507660306226 ], [ -0.385838200178331, 50.860508220063004 ], [ -0.385842689721569, 50.860508709847572 ], [ -0.385847899807003, 50.860509129659853 ], [ -0.385853830434627, 50.86050947949974 ], [ -0.385860481604436, 50.86050975936714 ], [ -0.385866301380167, 50.860510179177211 ], [ -0.385871289761846, 50.860510738930095 ], [ -0.385875446749485, 50.86051143862592 ], [ -0.385878772343081, 50.860512278264736 ], [ -0.385881266542619, 50.860513257846641 ], [ -0.385882929348068, 50.860514377371686 ], [ -0.38588376075938, 50.860515636839907 ], [ -0.385883760776496, 50.860517036251309 ], [ -0.385883594512326, 50.860518260736661 ], [ -0.385883261966858, 50.86051931029597 ], [ -0.385882763140086, 50.860520184929243 ], [ -0.385882098032003, 50.860520884636458 ], [ -0.385881266642613, 50.860521409417622 ], [ -0.38588026897192, 50.860521759272743 ], [ -0.385879105019929, 50.860521934201792 ], [ -0.385877774786653, 50.860521934204783 ], [ -0.385876555407451, 50.860522039163349 ], [ -0.385875446882312, 50.860522249077491 ], [ -0.385874449211234, 50.860522563947214 ], [ -0.385873562394211, 50.860522983772533 ], [ -0.385872786431239, 50.860523508553428 ], [ -0.385872121322316, 50.860524138289925 ], [ -0.385871567067445, 50.860524872981998 ], [ -0.385871123666624, 50.860525712629681 ], [ -0.385870403133922, 50.860526552278003 ], [ -0.385869405469326, 50.860527391926944 ], [ -0.385868130672818, 50.860528231576538 ], [ -0.385866578744386, 50.860529071226722 ], [ -0.385864749684014, 50.860529910877531 ], [ -0.385862643491687, 50.860530750528937 ], [ -0.385860260167393, 50.860531590180912 ], [ -0.385857599711114, 50.860532429833462 ], [ -0.385854994684785, 50.860533549367936 ], [ -0.385852445088363, 50.860534948784327 ], [ -0.385849950921805, 50.860536628082656 ], [ -0.385847512185073, 50.860538587262916 ], [ -0.38584512887813, 50.860540826325114 ], [ -0.385842801000937, 50.860543345269242 ], [ -0.385840528553463, 50.860546144095338 ], [ -0.385838311535674, 50.860549222803357 ], [ -0.385836371651361, 50.860552441451446 ], [ -0.385834708900559, 50.860555800039606 ], [ -0.385833323283315, 50.860559298567871 ], [ -0.385832214799676, 50.860562937036207 ], [ -0.385831383449695, 50.860566715444676 ], [ -0.385830829233431, 50.860570633793238 ], [ -0.385830552150949, 50.860574692081919 ], [ -0.385830552202318, 50.860578890310698 ], [ -0.385830663100426, 50.860582598745886 ], [ -0.385830884845301, 50.860585817387424 ], [ -0.385831217436961, 50.860588546235356 ], [ -0.385831660875417, 50.860590785289666 ], [ -0.385832215160673, 50.860592534550349 ], [ -0.385832880292725, 50.860593794017412 ], [ -0.385833656271562, 50.86059456369086 ], [ -0.385834543097165, 50.860594843570659 ], [ -0.385835374498081, 50.86059526339146 ], [ -0.385836150474316, 50.860595823153282 ], [ -0.385836871025872, 50.860596522856099 ], [ -0.385837536152757, 50.860597362499931 ], [ -0.385838145854972, 50.860598342084756 ], [ -0.385838700132518, 50.860599461610597 ], [ -0.385839198985396, 50.860600721077439 ], [ -0.385839642413607, 50.860602120485296 ], [ -0.385840473826803, 50.860603554877493 ], [ -0.385841693225024, 50.860605024254021 ], [ -0.385843300608308, 50.860606528614881 ], [ -0.385845295976696, 50.860608067960051 ], [ -0.385847679330231, 50.860609642289504 ], [ -0.385850450668958, 50.86061125160321 ], [ -0.385853609992924, 50.86061289590117 ], [ -0.385857157302178, 50.860614575183313 ], [ -0.385860261198826, 50.860616114525534 ], [ -0.385862921682797, 50.860617513927828 ], [ -0.385865138754028, 50.860618773390236 ], [ -0.385866912412461, 50.860619892912794 ], [ -0.38586824265805, 50.860620872495524 ], [ -0.385869129490754, 50.860621712138425 ], [ -0.385869572910541, 50.860622411841518 ], [ -0.385869572917388, 50.860622971604805 ], [ -0.385870016336081, 50.860623601337522 ], [ -0.38587090316664, 50.860624301039678 ], [ -0.385872233409089, 50.860625070711265 ], [ -0.385874007063454, 50.860625910352248 ], [ -0.38587622412977, 50.860626819962619 ], [ -0.385878884608072, 50.860627799542364 ], [ -0.385881988498401, 50.860628849091427 ], [ -0.385885535800799, 50.860629968609807 ], [ -0.385889304807125, 50.860630948186966 ], [ -0.38589329551736, 50.860631787822868 ], [ -0.385897507931478, 50.860632487517528 ], [ -0.385901942049454, 50.860633047270888 ], [ -0.385906597871257, 50.860633467082934 ], [ -0.385911475396852, 50.860633746953638 ], [ -0.3859165746262, 50.860633886882979 ], [ -0.385921895559257, 50.860633886870914 ], [ -0.385926551374851, 50.860633816889774 ], [ -0.385930542072965, 50.860633676939614 ], [ -0.385933867653582, 50.860633467020527 ], [ -0.385936528116698, 50.860633187132557 ], [ -0.38593852346231, 50.860632837275737 ], [ -0.385939853690423, 50.86063241745012 ], [ -0.385940518801048, 50.860631927655717 ] ] ] } },
{ "type": "Feature", "properties": { "fid": 15, "pit_id": 15, "mon_name": "Flint Mine Pit Group 4", "site": "Cissbury Ring", "mon_type": "Flint mine pit group", "nhle_id": null, "mon_uid": "MNA188894", "src_shot": "142455", "full_label": "Flint Mine Pit Group 4, Cissbury Ring", "area_m2": 347.12, "perim_m": 70.13, "diam_m": 21.02 }, "geometry": { "type": "Polygon", "coordinates": [ [ [ -0.386699631200574, 50.860025138790789 ], [ -0.386699631193763, 50.860024579020404 ], [ -0.386700074598519, 50.860024054234763 ], [ -0.386700961414831, 50.860023564433853 ], [ -0.386702291642686, 50.860023109617657 ], [ -0.386704065282074, 50.860022689786192 ], [ -0.38670628233299, 50.860022304939406 ], [ -0.386708942795425, 50.860021955077293 ], [ -0.386712046669379, 50.86002164019979 ], [ -0.386715593954849, 50.860021360306895 ], [ -0.386718919531894, 50.86002083551481 ], [ -0.386722023400472, 50.860020065823548 ], [ -0.386724905560541, 50.860019051233131 ], [ -0.386727566012073, 50.860017791743559 ], [ -0.38673000475504, 50.86001628735486 ], [ -0.386732221789427, 50.860014538067041 ], [ -0.38673421711522, 50.860012543880138 ], [ -0.386735990732417, 50.860010304794123 ], [ -0.386737708925684, 50.860008275622171 ], [ -0.386739371695049, 50.860006456364275 ], [ -0.386740979040543, 50.86000484702042 ], [ -0.386742530962193, 50.860003447590614 ], [ -0.386744027460025, 50.860002258074879 ], [ -0.386745468534065, 50.860001278473206 ], [ -0.386746854184334, 50.860000508785596 ], [ -0.386748184410854, 50.859999949012057 ], [ -0.386749348353116, 50.859998969410647 ], [ -0.386750346011097, 50.85999756998141 ], [ -0.386751177384785, 50.859995750724337 ], [ -0.386751842474177, 50.859993511639431 ], [ -0.386752341279275, 50.859990852726689 ], [ -0.386752673800093, 50.859987773986113 ], [ -0.386752840036654, 50.859984275417709 ], [ -0.386752839988987, 50.859980357021485 ], [ -0.386752396518685, 50.859975563982509 ], [ -0.386751509625902, 50.859969896300782 ], [ -0.386750179310839, 50.859963353976312 ], [ -0.386748405573751, 50.859955937009062 ], [ -0.386746188414936, 50.859947645399004 ], [ -0.386743527834746, 50.85993847914613 ], [ -0.386740423833575, 50.859928438250378 ], [ -0.386736876411873, 50.85991752271174 ], [ -0.386733661566345, 50.859907971615563 ], [ -0.386730779296525, 50.859899784961911 ], [ -0.386728229602006, 50.859892962750799 ], [ -0.386726012482431, 50.859887504982254 ], [ -0.386724127937504, 50.859883411656284 ], [ -0.38672257596698, 50.859880682772925 ], [ -0.386721356570669, 50.859879318332204 ], [ -0.38672046974844, 50.859879318334094 ], [ -0.386719638350452, 50.859879143407049 ], [ -0.386718862376711, 50.859878793551104 ], [ -0.386718141827225, 50.859878268766195 ], [ -0.386717476702001, 50.859877569052372 ], [ -0.386716867001044, 50.8598766944096 ], [ -0.386716312724356, 50.859875644837921 ], [ -0.386715813871941, 50.859874420337292 ], [ -0.386715370443797, 50.859873020907756 ], [ -0.386714760737307, 50.859871691450081 ], [ -0.386713984752482, 50.859870431964282 ], [ -0.386713042489331, 50.859869242450358 ], [ -0.386711933947864, 50.859868122908296 ], [ -0.386710659128087, 50.859867073338087 ], [ -0.386709218030007, 50.859866093739747 ], [ -0.386707610653627, 50.859865184113239 ], [ -0.38670583699895, 50.859864344458565 ], [ -0.386704285049872, 50.8598635048034 ], [ -0.386702954806383, 50.859862665147716 ], [ -0.386701846268468, 50.859861825491542 ], [ -0.386700959436116, 50.859860985834885 ], [ -0.386700294309316, 50.859860146177731 ], [ -0.386699850888055, 50.859859306520114 ], [ -0.386699629172322, 50.859858466862008 ], [ -0.386699629162104, 50.859857627203425 ], [ -0.386698964031888, 50.859856542645858 ], [ -0.386697633781728, 50.859855213189284 ], [ -0.386695638411704, 50.859853638833691 ], [ -0.386692977921913, 50.859851819579035 ], [ -0.386689652312475, 50.85984975542528 ], [ -0.386685661583532, 50.859847446372363 ], [ -0.386681005735242, 50.859844892420227 ], [ -0.386675684767792, 50.859842093568773 ], [ -0.386671028920484, 50.859839539616161 ], [ -0.386667038193141, 50.859837230562469 ], [ -0.386663712585599, 50.859835166407784 ], [ -0.386661052097719, 50.859833347152119 ], [ -0.386659056729378, 50.859831772795587 ], [ -0.386657726480482, 50.859830443338168 ], [ -0.386657061350953, 50.859829358779869 ], [ -0.386657061340732, 50.859828519120761 ], [ -0.386656950478573, 50.859827749433485 ], [ -0.386656728764481, 50.859827049718028 ], [ -0.38665639619846, 50.859826419974411 ], [ -0.386655952780513, 50.859825860202605 ], [ -0.386655398510643, 50.859825370402653 ], [ -0.386654733388849, 50.859824950574499 ], [ -0.386653957415134, 50.85982460071817 ], [ -0.386653070589494, 50.859824320833667 ], [ -0.386651130661896, 50.859824005965976 ], [ -0.386648137632367, 50.859823656115076 ], [ -0.386644091500937, 50.859823271280845 ], [ -0.386638992267644, 50.859822851463207 ], [ -0.386632839932533, 50.859822396662004 ], [ -0.386625634495651, 50.85982190687708 ], [ -0.386617375957051, 50.859821382108237 ], [ -0.386608064316793, 50.859820822355239 ], [ -0.386599029811924, 50.85982050750205 ], [ -0.386590272442296, 50.859820437548755 ], [ -0.38658179220777, 50.859820612495362 ], [ -0.386573589108216, 50.859821032341962 ], [ -0.386565663143508, 50.859821697088613 ], [ -0.386558014313535, 50.859822606735385 ], [ -0.38655064261819, 50.859823761282307 ], [ -0.386543548057378, 50.859825160729436 ], [ -0.386537118613942, 50.859826630146365 ], [ -0.386531354287911, 50.859828169533237 ], [ -0.386526255079325, 50.859829778890116 ], [ -0.386521820988224, 50.859831458217101 ], [ -0.386518052014661, 50.859833207514264 ], [ -0.386514948158692, 50.859835026781681 ], [ -0.386512509420376, 50.85983691601939 ], [ -0.386510735799786, 50.859838875227432 ], [ -0.386508962176992, 50.85984065950651 ], [ -0.386507188552017, 50.859842268856625 ], [ -0.38650541492488, 50.859843703277775 ], [ -0.386503641295603, 50.859844962769955 ], [ -0.386501867664203, 50.859846047333164 ], [ -0.386500094030705, 50.859846956967409 ], [ -0.386498320395124, 50.859847691672691 ], [ -0.386496546757484, 50.859848251449002 ], [ -0.386494939399856, 50.859848881196491 ], [ -0.38649349832224, 50.859849580915153 ], [ -0.386492223524639, 50.859850350605008 ], [ -0.386491115007052, 50.859851190266028 ], [ -0.386490172769484, 50.859852099898291 ], [ -0.386489396811941, 50.859853079501718 ], [ -0.386488787134429, 50.859854129076346 ], [ -0.386488343736956, 50.859855248622189 ], [ -0.386487844911378, 50.859856228225048 ], [ -0.386487290657695, 50.85985706788491 ], [ -0.386486680975911, 50.85985776760176 ], [ -0.386486015866026, 50.859858327375662 ], [ -0.386485295328048, 50.85985874720653 ], [ -0.386484519361978, 50.859859027094423 ], [ -0.386483687967826, 50.859859167039318 ], [ -0.386482801145594, 50.859859167041208 ], [ -0.386481969751909, 50.859859341971834 ], [ -0.386481193786756, 50.859859691831197 ], [ -0.386480473250131, 50.859860216619289 ], [ -0.386479808142028, 50.85986091633611 ], [ -0.386479198462439, 50.859861790981675 ], [ -0.386478644211363, 50.859862840555962 ], [ -0.386478145388795, 50.859864065058986 ], [ -0.386477701994734, 50.859865464490738 ], [ -0.386477203172138, 50.859866688993783 ], [ -0.38647664892101, 50.859867738568084 ], [ -0.386476039241351, 50.859868613213656 ], [ -0.386475374133164, 50.859869312930485 ], [ -0.386474653596457, 50.859869837718591 ], [ -0.386473877631233, 50.859870187577968 ], [ -0.386473046237503, 50.859870362508602 ], [ -0.386472159415275, 50.859870362510506 ], [ -0.38647138344711, 50.859870467469449 ], [ -0.386470718333002, 50.859870677385445 ], [ -0.386470164072951, 50.859870992258493 ], [ -0.386469720666953, 50.859871412088587 ], [ -0.386469388115009, 50.859871936875756 ], [ -0.386469166417122, 50.859872566619963 ], [ -0.386469055573292, 50.85987330132123 ], [ -0.386469055583526, 50.859874140979571 ], [ -0.386468833889117, 50.859875050609887 ], [ -0.386468390490053, 50.85987603021217 ], [ -0.386467725386317, 50.859877079786443 ], [ -0.386466838577892, 50.859878199332691 ], [ -0.386465730064758, 50.859879388850899 ], [ -0.386464399846891, 50.85988064834109 ], [ -0.386462847924271, 50.859881977803227 ], [ -0.386461074296872, 50.859883377237317 ], [ -0.386459466951185, 50.859884986585413 ], [ -0.386458025887206, 50.859886805847538 ], [ -0.386456751104935, 50.859888835023696 ], [ -0.386455642604376, 50.859891074113904 ], [ -0.386454700385536, 50.85989352311816 ], [ -0.386453924448427, 50.859896182036437 ], [ -0.386453314793068, 50.859899050868783 ], [ -0.386452871419479, 50.859902129615179 ], [ -0.386452705178898, 50.859905313317924 ], [ -0.386452816071377, 50.859908601977025 ], [ -0.386453204096976, 50.859911995592476 ], [ -0.386453869255757, 50.859915494164269 ], [ -0.386454811547788, 50.859919097692398 ], [ -0.386456030973134, 50.85992280617689 ], [ -0.386457527531874, 50.859926619617688 ], [ -0.386459301224081, 50.859930538014815 ], [ -0.386461130338113, 50.859934071568823 ], [ -0.386463014873942, 50.85993722027974 ], [ -0.38646495483153, 50.859939984147545 ], [ -0.386466950210844, 50.859942363172237 ], [ -0.386469001011843, 50.859944357353825 ], [ -0.386471107234487, 50.859945966692294 ], [ -0.386473268878728, 50.859947191187644 ], [ -0.386475485944521, 50.859948030839867 ], [ -0.38647742587842, 50.859948870492637 ], [ -0.386479088680414, 50.859949710145983 ], [ -0.386480474350483, 50.85995054979989 ], [ -0.386481582888617, 50.859951389454373 ], [ -0.386482414294796, 50.859952229109446 ], [ -0.386482968569008, 50.859953068765122 ], [ -0.386483245711237, 50.859953908421396 ], [ -0.386483245721471, 50.859954748078266 ], [ -0.386483522863595, 50.859955587734554 ], [ -0.386484077137626, 50.859956427390237 ], [ -0.38648490854358, 50.859957267045324 ], [ -0.386486017081468, 50.859958106699828 ], [ -0.386487402751311, 50.8599589463537 ], [ -0.386489065553119, 50.859959786006961 ], [ -0.386491005486911, 50.859960625659582 ], [ -0.386493222552699, 50.859961465311564 ], [ -0.386495162486597, 50.859962304964078 ], [ -0.386496825288586, 50.859963144617176 ], [ -0.386498210958654, 50.859963984270834 ], [ -0.386499319496784, 50.859964823925075 ], [ -0.386500150902962, 50.859965663579906 ], [ -0.386500705177173, 50.859966503235341 ], [ -0.386500982319401, 50.859967342891359 ], [ -0.386500982329632, 50.859968182547995 ], [ -0.38650120404496, 50.859968987218465 ], [ -0.386501647465397, 50.859969756902757 ], [ -0.386502312590952, 50.859970491600897 ], [ -0.386503199421636, 50.859971191312852 ], [ -0.386504307957454, 50.859971856038619 ], [ -0.386505638198415, 50.859972485778208 ], [ -0.386507190144525, 50.859973080531603 ], [ -0.38650896379579, 50.859973640298797 ], [ -0.386510515741527, 50.859974200066439 ], [ -0.386511845981729, 50.859974759834543 ], [ -0.386512954516387, 50.859975319603109 ], [ -0.386513841345493, 50.859975879372136 ], [ -0.38651450646904, 50.859976439141661 ], [ -0.38651494988702, 50.859976998911662 ], [ -0.386515171599424, 50.859977558682139 ], [ -0.386515171606243, 50.859978118453093 ], [ -0.386515448744146, 50.859978608252106 ], [ -0.386516003013138, 50.859979028079188 ], [ -0.386516834413226, 50.859979377934302 ], [ -0.386517942944412, 50.859979657817455 ], [ -0.386519328606695, 50.859979867728647 ], [ -0.386520991400074, 50.859980007667851 ], [ -0.386522931324544, 50.859980077635051 ], [ -0.386525148380098, 50.859980077630269 ], [ -0.386527088304552, 50.859980147597419 ], [ -0.386528751097914, 50.859980287536501 ], [ -0.386530136760188, 50.859980497447538 ], [ -0.386531245291375, 50.859980777330541 ], [ -0.386532076691478, 50.85998112718552 ], [ -0.386532630960491, 50.859981547012467 ], [ -0.386532908098413, 50.859982036811395 ], [ -0.386532908105231, 50.85998259658232 ], [ -0.386534182921388, 50.859983401250595 ], [ -0.386536732546967, 50.859984450816221 ], [ -0.386540556982098, 50.859985745279076 ], [ -0.386545656226946, 50.859987284639047 ], [ -0.38655203028172, 50.859989068895999 ], [ -0.386559679146673, 50.859991098049683 ], [ -0.386568602822091, 50.859993372099858 ], [ -0.386578801308306, 50.859995891046225 ], [ -0.386588722663094, 50.85999844497848 ], [ -0.386598366886434, 50.860001033896665 ], [ -0.386607733978295, 50.860003657800867 ], [ -0.386616823938652, 50.860006316691148 ], [ -0.386625636767475, 50.860009010567559 ], [ -0.386634172464738, 50.860011739430185 ], [ -0.386642431030407, 50.860014503279075 ], [ -0.38665041246445, 50.860017302114287 ], [ -0.386657728778305, 50.860019751094015 ], [ -0.386664379971701, 50.860021850218395 ], [ -0.386670366044397, 50.860023599487526 ], [ -0.386675686996187, 50.860024998901523 ], [ -0.386680342826888, 50.860026048460476 ], [ -0.386684333536351, 50.860026748164451 ], [ -0.386687659124455, 50.860027098013532 ], [ -0.38669031959111, 50.860027098007762 ], [ -0.386692647498593, 50.860027028031382 ], [ -0.386694642846897, 50.860026888084377 ], [ -0.38669630563601, 50.860026678166804 ], [ -0.386697635865935, 50.860026398278642 ], [ -0.386698633536668, 50.860026048419911 ], [ -0.386699298648213, 50.86002562859062 ], [ -0.386699631200574, 50.860025138790789 ] ] ] } },
{ "type": "Feature", "properties": { "fid": 16, "pit_id": 16, "mon_name": "Flint Mine Pit Group 4", "site": "Cissbury Ring", "mon_type": "Flint mine pit group", "nhle_id": null, "mon_uid": "MNA188894", "src_shot": "142455", "full_label": "Flint Mine Pit Group 4, Cissbury Ring", "area_m2": 56.81, "perim_m": 27.72, "diam_m": 8.5 }, "geometry": { "type": "Polygon", "coordinates": [ [ [ -0.386679903442763, 50.86035680160559 ], [ -0.386680346840235, 50.860355682071791 ], [ -0.386680901091763, 50.860354667493944 ], [ -0.386681566197338, 50.860353757872062 ], [ -0.386682342156962, 50.860352953206132 ], [ -0.386683228970633, 50.860352253496174 ], [ -0.386684226638353, 50.860351658742147 ], [ -0.386685335160125, 50.860351168944071 ], [ -0.386686554535953, 50.860350784101939 ], [ -0.38668788476584, 50.860350504215752 ], [ -0.386689048715712, 50.860350154359097 ], [ -0.386690046385563, 50.860349734531979 ], [ -0.386690877775392, 50.860349244734422 ], [ -0.386691542885206, 50.860348684966411 ], [ -0.386692041715002, 50.860348055227945 ], [ -0.386692374264787, 50.860347355519039 ], [ -0.386692540534568, 50.860346585839686 ], [ -0.386692540524351, 50.860345746189893 ], [ -0.386692706794162, 50.860344976510554 ], [ -0.386693039343994, 50.860344276801655 ], [ -0.386693538173842, 50.86034364706321 ], [ -0.386694203283701, 50.86034308729522 ], [ -0.386695034673568, 50.86034259749767 ], [ -0.386696032343441, 50.86034217767056 ], [ -0.386697196293322, 50.86034182781389 ], [ -0.386698526523212, 50.860341547927661 ], [ -0.386699745898219, 50.860341093114556 ], [ -0.386700854418331, 50.860340463374612 ], [ -0.386701852083541, 50.860339658707815 ], [ -0.386702738893846, 50.860338679114172 ], [ -0.386703514849238, 50.860337524593689 ], [ -0.386704179949719, 50.86033619514636 ], [ -0.38670473419529, 50.860334690772177 ], [ -0.386705177585956, 50.86033301147117 ], [ -0.386705510123377, 50.860331297184928 ], [ -0.386705731807566, 50.860329547913416 ], [ -0.386705842638535, 50.860327763656663 ], [ -0.386705842616297, 50.860325944414669 ], [ -0.386705731740862, 50.860324090187419 ], [ -0.386705510012246, 50.86032220097492 ], [ -0.386705177430461, 50.860320276777202 ], [ -0.386704733995522, 50.860318317594214 ], [ -0.386704179709064, 50.860316463367724 ], [ -0.386703514571092, 50.860314714097726 ], [ -0.386702738581616, 50.860313069784233 ], [ -0.386701851740644, 50.860311530427232 ], [ -0.38670085404818, 50.860310096026723 ], [ -0.386699745504229, 50.860308766582698 ], [ -0.386698526108792, 50.860307542095164 ], [ -0.386697195861871, 50.860306422564108 ], [ -0.386695865616694, 50.860305442974791 ], [ -0.386694535373247, 50.860304603327243 ], [ -0.386693205131522, 50.860303903621435 ], [ -0.386691874891506, 50.860303343857382 ], [ -0.386690544653186, 50.860302924035068 ], [ -0.386689214416553, 50.860302644154508 ], [ -0.386687884181592, 50.86030250421571 ], [ -0.386686553948293, 50.860302504218652 ], [ -0.3866853899933, 50.860302434250329 ], [ -0.386684392316618, 50.860302294310749 ], [ -0.386683560918248, 50.860302084399898 ], [ -0.386682895798193, 50.86030180451781 ], [ -0.386682396956452, 50.860301454664473 ], [ -0.386682064393025, 50.860301034839893 ], [ -0.386681898107908, 50.860300545044055 ], [ -0.386681898101095, 50.860299985276974 ], [ -0.386681731815966, 50.860299495481165 ], [ -0.386681399252526, 50.860299075656599 ], [ -0.386680900410776, 50.860298725803297 ], [ -0.38668023529072, 50.860298445921245 ], [ -0.386679403892356, 50.860298236010458 ], [ -0.386678406215683, 50.860298096070913 ], [ -0.3866772422607, 50.860298026102605 ], [ -0.3866759120274, 50.860298026105554 ], [ -0.386674692645583, 50.860297921151897 ], [ -0.386673584115256, 50.86029771124165 ], [ -0.386672586436423, 50.860297396374818 ], [ -0.386671699609092, 50.860296976551389 ], [ -0.386670923633261, 50.86029645177139 ], [ -0.386670258508937, 50.8602958220348 ], [ -0.386669704236116, 50.86029508734164 ], [ -0.386669260814795, 50.86029424769189 ], [ -0.386668706541549, 50.86029347801329 ], [ -0.386668041416379, 50.860292778305826 ], [ -0.386667265439287, 50.860292148569506 ], [ -0.386666378610272, 50.860291588804337 ], [ -0.386665380929338, 50.86029109901029 ], [ -0.386664272396481, 50.860290679187379 ], [ -0.3866630530117, 50.860290329335598 ], [ -0.386661722774993, 50.860290049454932 ], [ -0.386659561143365, 50.860289839547299 ], [ -0.386656568116819, 50.860289699612643 ], [ -0.386652743695351, 50.860289629650886 ], [ -0.386648087878948, 50.860289629661978 ], [ -0.386642600667593, 50.86028969964579 ], [ -0.386636282061259, 50.860289839602217 ], [ -0.386629132059915, 50.860290049531137 ], [ -0.386621150663521, 50.860290329432367 ], [ -0.386614000668292, 50.860291029156627 ], [ -0.386607682074073, 50.860292148704026 ], [ -0.386602194880749, 50.860293688074719 ], [ -0.386597539088249, 50.860295647268828 ], [ -0.386593714696552, 50.860298026286472 ], [ -0.386590721705674, 50.860300825127695 ], [ -0.386588560115685, 50.860304043792574 ], [ -0.386587229926692, 50.860307682281153 ], [ -0.38658617687026, 50.860311390739618 ], [ -0.386585400946446, 50.860315169168018 ], [ -0.386584902155317, 50.860319017566319 ], [ -0.386584680496935, 50.860322935934533 ], [ -0.386584735971372, 50.860326924272663 ], [ -0.386585068578696, 50.860330982580706 ], [ -0.38658567831898, 50.860335110858671 ], [ -0.386586565192299, 50.86033930910655 ], [ -0.386587562913316, 50.860343087529152 ], [ -0.386588671482032, 50.860346446126478 ], [ -0.386589890898443, 50.860349384898555 ], [ -0.38659122116254, 50.860351903845356 ], [ -0.386592662274307, 50.860354002966879 ], [ -0.38659421423372, 50.860355682263112 ], [ -0.386595877040751, 50.860356941734061 ], [ -0.386597650695366, 50.860357781379726 ], [ -0.386600366597275, 50.860358516067478 ], [ -0.386604024746502, 50.860359145797275 ], [ -0.386608625143067, 50.860359670569011 ], [ -0.38661416778697, 50.860360090382578 ], [ -0.386620652678204, 50.860360405237842 ], [ -0.386628079816747, 50.860360615134638 ], [ -0.386636449202568, 50.860360720072791 ], [ -0.386645760835619, 50.860360720052107 ], [ -0.386653963939321, 50.86036058009168 ], [ -0.386661058513604, 50.860360300191779 ], [ -0.386667044558419, 50.860359880352554 ], [ -0.386671922073741, 50.860359320574197 ], [ -0.386675691059558, 50.86035862085685 ], [ -0.386678351515889, 50.860357781200626 ], [ -0.386679903442763, 50.86035680160559 ] ] ] } },
{ "type": "Feature", "properties": { "fid": 17, "pit_id": 17, "mon_name": "Flint Mine Pit Group 4", "site": "Cissbury Ring", "mon_type": "Flint mine pit group", "nhle_id": null, "mon_uid": "MNA188894", "src_shot": "142455", "full_label": "Flint Mine Pit Group 4, Cissbury Ring", "area_m2": 314.21, "perim_m": 64.39, "diam_m": 20.0 }, "geometry": { "type": "Polygon", "coordinates": [ [ [ -0.386307436068535, 50.86018859231541 ], [ -0.38630787947281, 50.860188032545999 ], [ -0.386309265125413, 50.860187437789236 ], [ -0.386311593026306, 50.860186808045128 ], [ -0.386314863175449, 50.860186143313584 ], [ -0.386319075572796, 50.860185443594546 ], [ -0.386324230218294, 50.860184708887907 ], [ -0.386330327111893, 50.860183939193554 ], [ -0.386337366253537, 50.860183134511324 ], [ -0.386345347643164, 50.860182294841046 ], [ -0.386352331358041, 50.860181490158027 ], [ -0.386358317398232, 50.860180720462452 ], [ -0.386363305763795, 50.860179985754478 ], [ -0.386367296454786, 50.860179286034224 ], [ -0.386370289471256, 50.860178621301806 ], [ -0.38637228481325, 50.860177991557279 ], [ -0.386373282480815, 50.860177396800729 ], [ -0.386373282473989, 50.860176837032142 ], [ -0.386373781304313, 50.860176242276985 ], [ -0.386374778971769, 50.860175612535237 ], [ -0.386376275476331, 50.860174947806904 ], [ -0.386378270817978, 50.860174248091951 ], [ -0.386380764996682, 50.860173513390365 ], [ -0.386383758012417, 50.860172743702115 ], [ -0.38638724986515, 50.860171939027147 ], [ -0.38639124055485, 50.860171099365438 ], [ -0.38639489868575, 50.8601702247188 ], [ -0.386398224257862, 50.860169315087262 ], [ -0.386401217271195, 50.860168370470859 ], [ -0.386403877725763, 50.86016739086962 ], [ -0.386406205621579, 50.860166376283566 ], [ -0.386408200958661, 50.860165326712718 ], [ -0.386409863737024, 50.860164242157083 ], [ -0.38641119395669, 50.860163122616676 ], [ -0.386412912161167, 50.860162003075494 ], [ -0.386415018350429, 50.86016088353351 ], [ -0.386417512524449, 50.860159763990673 ], [ -0.386420394683198, 50.860158644447012 ], [ -0.386423664826651, 50.860157524902469 ], [ -0.386427322954781, 50.86015640535701 ], [ -0.38643136906756, 50.860155285810585 ], [ -0.386435803164962, 50.860154166263186 ], [ -0.386439738424748, 50.860153046716725 ], [ -0.386443174846954, 50.860151927171245 ], [ -0.386446112431615, 50.860150807626795 ], [ -0.386448551178766, 50.860149688083396 ], [ -0.386450491088441, 50.860148568541113 ], [ -0.386451932160676, 50.860147448999946 ], [ -0.386452874395506, 50.860146329459916 ], [ -0.386453317792966, 50.860145209921029 ], [ -0.386453872044484, 50.860144195338592 ], [ -0.386454537150054, 50.860143285712589 ], [ -0.386455313109676, 50.860142481043042 ], [ -0.386456199923349, 50.860141781329908 ], [ -0.386457197591074, 50.860141186573209 ], [ -0.386458306112855, 50.860140696772945 ], [ -0.386459525488695, 50.860140311929108 ], [ -0.3864608557186, 50.860140032041691 ], [ -0.386462019668483, 50.86013968218348 ], [ -0.386463017338342, 50.860139262354494 ], [ -0.386463848728178, 50.860138772554727 ], [ -0.386464513837991, 50.860138212784193 ], [ -0.386465012667785, 50.860137583042892 ], [ -0.386465345217563, 50.86013688333081 ], [ -0.386465511487333, 50.860136113647954 ], [ -0.386465511477099, 50.860135273994352 ], [ -0.386465677746899, 50.860134504311524 ], [ -0.386466010296724, 50.860133804599457 ], [ -0.386466509126568, 50.860133174858163 ], [ -0.386467174236428, 50.860132615087636 ], [ -0.386468005626299, 50.86013212528789 ], [ -0.386469003296181, 50.860131705458905 ], [ -0.386470167246075, 50.860131355600693 ], [ -0.386471497475981, 50.86013107571322 ], [ -0.38647288312691, 50.860130341013033 ], [ -0.386474324198818, 50.860129151500161 ], [ -0.386475820691659, 50.860127507174568 ], [ -0.386477372605382, 50.860125408036268 ], [ -0.386478979939933, 50.860122854085262 ], [ -0.386480642695254, 50.860119845321535 ], [ -0.386482360871286, 50.860116381745087 ], [ -0.386484134467962, 50.860112463355925 ], [ -0.386485575505164, 50.860108474995876 ], [ -0.386486683982966, 50.860104416664988 ], [ -0.386487459901453, 50.860100288363242 ], [ -0.386487903260706, 50.860096090090671 ], [ -0.386488014060812, 50.860091821847249 ], [ -0.386487792301862, 50.860087483633002 ], [ -0.386487237983946, 50.860083075447918 ], [ -0.386486351107164, 50.860078597291988 ], [ -0.386485408807418, 50.860074399020895 ], [ -0.386484411084708, 50.860070480634626 ], [ -0.386483357939034, 50.860066842133172 ], [ -0.386482249370389, 50.860063483516555 ], [ -0.386481085378768, 50.860060404784768 ], [ -0.386479865964161, 50.860057605937776 ], [ -0.38647859112656, 50.860055086975628 ], [ -0.38647726086595, 50.860052847898288 ], [ -0.386475930607958, 50.860050818734713 ], [ -0.386474600352567, 50.860048999484889 ], [ -0.38647327009976, 50.8600473901488 ], [ -0.38647193984952, 50.860045990726491 ], [ -0.38647060960183, 50.860044801217924 ], [ -0.386469279356671, 50.860043821623108 ], [ -0.386467949114026, 50.860043051942057 ], [ -0.386466618873879, 50.860042492174749 ], [ -0.386465454912489, 50.860041897421425 ], [ -0.386464457229853, 50.860041267682071 ], [ -0.386463625825967, 50.860040602956701 ], [ -0.386462960700824, 50.86003990324533 ], [ -0.38646246185442, 50.860039168547956 ], [ -0.386462129286748, 50.860038398864582 ], [ -0.386461962997799, 50.860037594195191 ], [ -0.386461962987565, 50.860036754539799 ], [ -0.386461297857796, 50.860035704972042 ], [ -0.386459967608543, 50.860034445491877 ], [ -0.386457972239879, 50.860032976099312 ], [ -0.386455311751894, 50.86003129679429 ], [ -0.386451986144693, 50.860029407576782 ], [ -0.386447995418406, 50.860027308446725 ], [ -0.386443339573173, 50.860024999404047 ], [ -0.386438018609158, 50.860022480448656 ], [ -0.386432974781338, 50.860020276363436 ], [ -0.386428208089571, 50.860018387148394 ], [ -0.386423718533731, 50.860016812803565 ], [ -0.386419506113699, 50.860015553328992 ], [ -0.386415570829365, 50.860014608724711 ], [ -0.386411912680634, 50.860013978990722 ], [ -0.386408531667423, 50.860013664127081 ], [ -0.386405427789655, 50.860013664133803 ], [ -0.386402490190169, 50.860013594168798 ], [ -0.386399718868975, 50.860013454232082 ], [ -0.386397113826086, 50.860013244323675 ], [ -0.386394675061508, 50.860012964443563 ], [ -0.386392402575251, 50.860012614591803 ], [ -0.386390296367322, 50.860012194768373 ], [ -0.386388356437723, 50.860011704973275 ], [ -0.386386582786458, 50.860011145206542 ], [ -0.386383368050413, 50.860010690400692 ], [ -0.386378712229611, 50.860010340555625 ], [ -0.386372615324056, 50.86001009567115 ], [ -0.386365077333734, 50.860009955747053 ], [ -0.386356098258616, 50.86000992078305 ], [ -0.386345678098653, 50.860009990778799 ], [ -0.386333816853774, 50.860010165733925 ], [ -0.386320514523897, 50.860010445647994 ], [ -0.386308431578786, 50.860011040429249 ], [ -0.386297568018235, 50.860011950078032 ], [ -0.38628792384209, 50.860013174594727 ], [ -0.386279499050242, 50.860014713979616 ], [ -0.386272293642637, 50.860016568232972 ], [ -0.386266307619266, 50.860018737355013 ], [ -0.386261540980175, 50.860021221345917 ], [ -0.386257993725456, 50.860024020205863 ], [ -0.386254391048048, 50.860027098950738 ], [ -0.386250732947877, 50.860030457580585 ], [ -0.386247019424862, 50.86003409609534 ], [ -0.386243250478924, 50.860038014495046 ], [ -0.386239426109979, 50.860042212779682 ], [ -0.386235546317942, 50.860046690949211 ], [ -0.386231611102727, 50.860051449003663 ], [ -0.386227620464244, 50.86005648694303 ], [ -0.386224128657906, 50.860061140039122 ], [ -0.386221135683952, 50.860065408291995 ], [ -0.38621864154259, 50.86006929170167 ], [ -0.38621664623401, 50.860072790268191 ], [ -0.386215149758371, 50.860075903991579 ], [ -0.386214152115813, 50.860078632871861 ], [ -0.386213653306447, 50.860080976909067 ], [ -0.386213653330362, 50.860082936103176 ], [ -0.38621337622422, 50.860085035240161 ], [ -0.386212821987978, 50.860087274320058 ], [ -0.386211990621593, 50.860089653342847 ], [ -0.386210882125015, 50.860092172308498 ], [ -0.386209496498188, 50.860094831217047 ], [ -0.386207833741055, 50.860097630068438 ], [ -0.386205893853549, 50.860100568862698 ], [ -0.386203676835598, 50.8601036475998 ], [ -0.386201958656486, 50.860106866277825 ], [ -0.3862007393163, 50.8601102248968 ], [ -0.38620001881513, 50.860113723456749 ], [ -0.386199797153086, 50.860117361957649 ], [ -0.386200074330278, 50.860121140399549 ], [ -0.386200850346828, 50.860125058782415 ], [ -0.386202125202869, 50.860129117106254 ], [ -0.386203898898541, 50.860133315371037 ], [ -0.386205783443616, 50.860137233750869 ], [ -0.386207778838087, 50.860140872245786 ], [ -0.386209885081949, 50.860144230855759 ], [ -0.386212102175187, 50.860147309580789 ], [ -0.386214430117786, 50.860150108420868 ], [ -0.386216868909726, 50.860152627375982 ], [ -0.386219418550981, 50.860154866446116 ], [ -0.386222079041524, 50.860156825631307 ], [ -0.386224462399407, 50.86015871484588 ], [ -0.386226568624591, 50.860160534089871 ], [ -0.386228397717032, 50.860162283363316 ], [ -0.386229949676688, 50.860163962666206 ], [ -0.386231224503526, 50.860165571998543 ], [ -0.386232222197509, 50.860167111360354 ], [ -0.386232942758608, 50.86016858075164 ], [ -0.386233386186793, 50.860169980172401 ], [ -0.386233995892009, 50.860171204665107 ], [ -0.386234771874263, 50.860172254229738 ], [ -0.38623571413356, 50.860173128866286 ], [ -0.386236822669897, 50.860173828574759 ], [ -0.386238097483271, 50.860174353355148 ], [ -0.386239538573672, 50.860174703207463 ], [ -0.38624114594109, 50.860174878131673 ], [ -0.386242919585505, 50.860174878127793 ], [ -0.386244471525217, 50.860174948095448 ], [ -0.38624580176023, 50.860175088034644 ], [ -0.386246910290548, 50.860175297945396 ], [ -0.386247797116174, 50.860175577827718 ], [ -0.386248462237105, 50.860175927681595 ], [ -0.386248905653341, 50.860176347507057 ], [ -0.386249127364878, 50.860176837304081 ], [ -0.386249127371708, 50.860177397072682 ], [ -0.386250014201787, 50.86017806179612 ], [ -0.386251787855157, 50.8601788314744 ], [ -0.386254448331874, 50.860179706107473 ], [ -0.386257995632008, 50.86018068569529 ], [ -0.386262429755641, 50.860181770237723 ], [ -0.386267750702863, 50.860182959734715 ], [ -0.386273958473782, 50.86018425418613 ], [ -0.386281053068516, 50.860185653591834 ], [ -0.386287316264825, 50.860186808100302 ], [ -0.386292748062548, 50.860187717711675 ], [ -0.386297348461549, 50.860188382426045 ], [ -0.386301117461717, 50.860188802243542 ], [ -0.386304055062971, 50.860188977164228 ], [ -0.386306161265255, 50.860188907188174 ], [ -0.386307436068535, 50.86018859231541 ] ] ] } },
{ "type": "Feature", "properties": { "fid": 18, "pit_id": 18, "mon_name": "Flint Mine Pit Group 4", "site": "Cissbury Ring", "mon_type": "Flint mine pit group", "nhle_id": null, "mon_uid": "MNA188894", "src_shot": "142455", "full_label": "Flint Mine Pit Group 4, Cissbury Ring", "area_m2": 64.83, "perim_m": 28.86, "diam_m": 9.09 }, "geometry": { "type": "Polygon", "coordinates": [ [ [ -0.387202902309194, 50.859983854620381 ], [ -0.387203789121231, 50.859983014962218 ], [ -0.387205063917264, 50.859982105331902 ], [ -0.387206726697264, 50.859981125729412 ], [ -0.3872087774612, 50.859980076154756 ], [ -0.387211216209039, 50.85997895660789 ], [ -0.387214042940741, 50.859977767088786 ], [ -0.387217257656264, 50.859976507597445 ], [ -0.387220860355563, 50.859975178133809 ], [ -0.387224851038591, 50.859973778697849 ], [ -0.387228342884381, 50.85997241424851 ], [ -0.387231335892986, 50.859971084785826 ], [ -0.38723383006445, 50.85996979030984 ], [ -0.387235825398824, 50.859968530820602 ], [ -0.387237321896147, 50.859967306318119 ], [ -0.387238319556465, 50.859966116802397 ], [ -0.387238818379816, 50.859964962273487 ], [ -0.387238818366241, 50.859963842731368 ], [ -0.387238929206727, 50.859962828146074 ], [ -0.387239150901267, 50.859961918517627 ], [ -0.38723948344986, 50.859961113846012 ], [ -0.387239926852502, 50.859960414131223 ], [ -0.387240481109189, 50.859959819373259 ], [ -0.387241146219922, 50.859959329572128 ], [ -0.387241922184701, 50.859958944727836 ], [ -0.387242809003531, 50.85995866484037 ], [ -0.387243584965353, 50.859958035096057 ], [ -0.387244250070154, 50.859957055494931 ], [ -0.387244804317925, 50.859955726036965 ], [ -0.387245247708664, 50.859954046722173 ], [ -0.38724558024237, 50.859952017550562 ], [ -0.387245801919051, 50.859949638522124 ], [ -0.387245912738716, 50.859946909636875 ], [ -0.387245912701381, 50.859943830894814 ], [ -0.387245524679496, 50.859940787139131 ], [ -0.387244748673135, 50.85993777836984 ], [ -0.387243584682372, 50.859934804586949 ], [ -0.387242032707278, 50.859931865790443 ], [ -0.387240092747923, 50.859928961980295 ], [ -0.387237764804375, 50.859926093156481 ], [ -0.387235048876702, 50.859923259319004 ], [ -0.387231944964967, 50.859920460467826 ], [ -0.387228730203558, 50.859917906516934 ], [ -0.387225404592442, 50.859915597466333 ], [ -0.387221968131586, 50.859913533316018 ], [ -0.387218420820949, 50.85991171406598 ], [ -0.387214762660491, 50.859910139716206 ], [ -0.387210993650168, 50.859908810266688 ], [ -0.387207113789929, 50.859907725717399 ], [ -0.387203123079724, 50.859906886068337 ], [ -0.387199243223667, 50.859906151376215 ], [ -0.387195474221732, 50.859905521641025 ], [ -0.387191816073885, 50.859904996862802 ], [ -0.3871882687801, 50.859904577041519 ], [ -0.387184832340349, 50.859904262177217 ], [ -0.387181506754606, 50.859904052269883 ], [ -0.387178292022849, 50.859903947319552 ], [ -0.387175188145054, 50.859903947326195 ], [ -0.387172195120926, 50.859904017304061 ], [ -0.387169312950449, 50.859904157253141 ], [ -0.387166541633615, 50.859904367173442 ], [ -0.387163881170412, 50.859904647064972 ], [ -0.387161331560828, 50.859904996927746 ], [ -0.387158892804853, 50.859905416761762 ], [ -0.387156564902482, 50.859905906567015 ], [ -0.387154347853707, 50.85990646634356 ], [ -0.387152407936844, 50.859907026119444 ], [ -0.387150745151901, 50.859907585894717 ], [ -0.387149359498892, 50.859908145669372 ], [ -0.387148250977822, 50.859908705443424 ], [ -0.387147419588704, 50.859909265216892 ], [ -0.387146865331545, 50.859909824989764 ], [ -0.387146588206357, 50.859910384762067 ], [ -0.38714658821315, 50.85991094453378 ], [ -0.387146144811112, 50.859911679235118 ], [ -0.387145258000217, 50.859912588866052 ], [ -0.38714392778043, 50.85991367342659 ], [ -0.387142154151707, 50.859914932916709 ], [ -0.387139937113989, 50.859916367336375 ], [ -0.387137276667211, 50.859917976685622 ], [ -0.387134172811302, 50.859919760964338 ], [ -0.387130625546174, 50.859921720172537 ], [ -0.387127521694559, 50.859923889293825 ], [ -0.387124861256475, 50.859926268328238 ], [ -0.387122644231953, 50.859928857275804 ], [ -0.387120870621035, 50.859931656136553 ], [ -0.387119540423775, 50.859934664910497 ], [ -0.387118653640238, 50.859937883597674 ], [ -0.387118210270504, 50.859941312198053 ], [ -0.387118210314662, 50.859944950711679 ], [ -0.387118542915655, 50.859948484267292 ], [ -0.387119208073553, 50.859951912864901 ], [ -0.387120205788427, 50.85995523650449 ], [ -0.387121536060342, 50.85995845518606 ], [ -0.387123198889357, 50.859961568909604 ], [ -0.387125194275527, 50.859964577675086 ], [ -0.387127522218907, 50.859967481482514 ], [ -0.387130182719541, 50.859970280331858 ], [ -0.387132843217346, 50.859972834281344 ], [ -0.38713550371228, 50.859975143330992 ], [ -0.387138164204304, 50.85997720748076 ], [ -0.387140824693376, 50.859979026730691 ], [ -0.387143485179454, 50.859980601080778 ], [ -0.3871461456625, 50.859981930530985 ], [ -0.38714880614247, 50.859983015081355 ], [ -0.387151466619323, 50.85998385473188 ], [ -0.387154404226894, 50.859984589424833 ], [ -0.387157618965178, 50.859985219160251 ], [ -0.387161110834162, 50.859985743938061 ], [ -0.387164879833836, 50.859986163758265 ], [ -0.387168925964179, 50.859986478620819 ], [ -0.387173249225174, 50.85998668852573 ], [ -0.387177849616795, 50.859986793472928 ], [ -0.387182727139014, 50.85998679346239 ], [ -0.387187105822507, 50.859986688495752 ], [ -0.387190985667248, 50.859986478573063 ], [ -0.387194366673216, 50.859986163694373 ], [ -0.3871972488404, 50.859985743859724 ], [ -0.387199632168788, 50.859985219069166 ], [ -0.387201516658384, 50.859984589322707 ], [ -0.387202902309194, 50.859983854620381 ] ] ] } },
{ "type": "Feature", "properties": { "fid": 19, "pit_id": 19, "mon_name": "Flint Mine Pit Group 4", "site": "Cissbury Ring", "mon_type": "Flint mine pit group", "nhle_id": null, "mon_uid": "MNA188894", "src_shot": "142455", "full_label": "Flint Mine Pit Group 4, Cissbury Ring", "area_m2": 153.18, "perim_m": 45.86, "diam_m": 13.97 }, "geometry": { "type": "Polygon", "coordinates": [ [ [ -0.386995163255686, 50.85990576696998 ], [ -0.386996493472028, 50.859904367537638 ], [ -0.386997879116426, 50.85990310804813 ], [ -0.386999320188884, 50.859901988501456 ], [ -0.387000816689413, 50.859901008897609 ], [ -0.387002368618022, 50.859900169236589 ], [ -0.387003975974725, 50.859899469518382 ], [ -0.387005638759533, 50.859898909743016 ], [ -0.387007356972457, 50.859898489910456 ], [ -0.387009130613512, 50.859898210020717 ], [ -0.387010959678919, 50.859897755202113 ], [ -0.387012844168657, 50.859897125454665 ], [ -0.387014784082698, 50.859896320778354 ], [ -0.387016779421024, 50.859895341173178 ], [ -0.387018830183603, 50.859894186639139 ], [ -0.387020936370409, 50.859892857176234 ], [ -0.387023097981417, 50.859891352784452 ], [ -0.387025315016593, 50.859889673463805 ], [ -0.387027310346548, 50.859888029129294 ], [ -0.387029083971309, 50.859886419780949 ], [ -0.387030635890902, 50.859884845418762 ], [ -0.387031966105354, 50.859883306042761 ], [ -0.387033074614686, 50.859881801652946 ], [ -0.387033961418928, 50.859880332249325 ], [ -0.387034626518097, 50.859878897831884 ], [ -0.387035069912218, 50.859877498400664 ], [ -0.387035457873581, 50.859875574182759 ], [ -0.387035790402178, 50.859873125178211 ], [ -0.387036067498005, 50.859870151387014 ], [ -0.38703628916106, 50.85986665280916 ], [ -0.387036455391348, 50.859862629444642 ], [ -0.38703656618887, 50.859858081293467 ], [ -0.387036621553639, 50.859853008355635 ], [ -0.387036621485665, 50.859847410631133 ], [ -0.387036510572932, 50.859842477636647 ], [ -0.387036288815473, 50.859838209372164 ], [ -0.387035956213316, 50.859834605837662 ], [ -0.387035512766476, 50.859831667033177 ], [ -0.387034958474955, 50.859829392958694 ], [ -0.387034293338748, 50.859827783614229 ], [ -0.387033517357842, 50.859826838999766 ], [ -0.387032630532211, 50.859826559115291 ], [ -0.38703168827541, 50.85982589438705 ], [ -0.387030690587467, 50.859824844815058 ], [ -0.387029637468405, 50.859823410399287 ], [ -0.38702852891826, 50.859821591139756 ], [ -0.387027364937059, 50.859819387036474 ], [ -0.387026145524843, 50.859816798089412 ], [ -0.387024870681644, 50.859813824298584 ], [ -0.387023540407506, 50.859810465663962 ], [ -0.387022265563689, 50.859807421901451 ], [ -0.387021046150159, 50.859804693011036 ], [ -0.387019882166881, 50.859802278992724 ], [ -0.387018773613828, 50.859800179846523 ], [ -0.387017720490967, 50.859798395572412 ], [ -0.387016722798272, 50.859796926170418 ], [ -0.387015780535721, 50.859795771640535 ], [ -0.387014893703288, 50.859794931982748 ], [ -0.38701295377069, 50.859794197285055 ], [ -0.387009960737961, 50.859793567547385 ], [ -0.387005914605128, 50.859793042769674 ], [ -0.3870008153722, 50.859792622951794 ], [ -0.386994663039177, 50.85979230809361 ], [ -0.38698745760604, 50.859792098194958 ], [ -0.38697919907276, 50.859791993255662 ], [ -0.386969887439294, 50.859791993275458 ], [ -0.386961684334527, 50.859792063263953 ], [ -0.386954589758424, 50.85979220322136 ], [ -0.386948603710954, 50.8597924131479 ], [ -0.386943726192105, 50.85979269304373 ], [ -0.386939957201871, 50.85979304290899 ], [ -0.386937296740257, 50.859793462743788 ], [ -0.386935744807278, 50.859793952548209 ], [ -0.386935301402962, 50.859794512322289 ], [ -0.386934580865408, 50.859794967139514 ], [ -0.38693358319461, 50.859795316999907 ], [ -0.386932308390573, 50.859795561903447 ], [ -0.386930756453295, 50.859795701850118 ], [ -0.386928927382792, 50.859795736839921 ], [ -0.38692682117907, 50.859795666872849 ], [ -0.386924437842147, 50.859795491948852 ], [ -0.386921777372042, 50.859795212067951 ], [ -0.386919394035203, 50.859795037143883 ], [ -0.386917287831609, 50.859794967176647 ], [ -0.386915458761247, 50.859795002166273 ], [ -0.386913906824103, 50.859795142112752 ], [ -0.386912632020169, 50.859795387016121 ], [ -0.386911634349442, 50.859795736876372 ], [ -0.386910913811919, 50.859796191693533 ], [ -0.386910470407604, 50.85979675146757 ], [ -0.386909749870051, 50.859797206284782 ], [ -0.386908752199255, 50.859797556145161 ], [ -0.386907477395217, 50.8597978010487 ], [ -0.386905925457941, 50.859797940995357 ], [ -0.386904096387437, 50.859797975985167 ], [ -0.386901990183715, 50.859797906018095 ], [ -0.386899606846792, 50.859797731094112 ], [ -0.386896946376688, 50.859797451213218 ], [ -0.386894618466234, 50.859797276289044 ], [ -0.386892623115411, 50.859797206321559 ], [ -0.386890960324206, 50.859797241310822 ], [ -0.386889630092605, 50.859797381256847 ], [ -0.386888632420603, 50.859797626159597 ], [ -0.3868879673082, 50.859797976019138 ], [ -0.386887634755396, 50.85979843083544 ], [ -0.3868876347622, 50.859798990608517 ], [ -0.38688730221159, 50.859799620353954 ], [ -0.386886637103549, 50.859800320071741 ], [ -0.386885639438063, 50.859801089761866 ], [ -0.386884309215107, 50.859801929424329 ], [ -0.386882646434659, 50.859802839059128 ], [ -0.386880651096695, 50.859803818666229 ], [ -0.386878323201182, 50.859804868245618 ], [ -0.38687566274809, 50.859805987797294 ], [ -0.386873279426876, 50.859807107348296 ], [ -0.386871173237563, 50.85980822689865 ], [ -0.386869344180168, 50.859809346448387 ], [ -0.386867792254711, 50.859810465997491 ], [ -0.386866517461213, 50.859811585545998 ], [ -0.386865519799691, 50.859812705093915 ], [ -0.386864799270167, 50.859813824641229 ], [ -0.386864355872661, 50.859814944187974 ], [ -0.386863746195154, 50.859815993763441 ], [ -0.386862970237637, 50.859816973367678 ], [ -0.386862028000104, 50.859817883000638 ], [ -0.386860919482551, 50.859818722662339 ], [ -0.386859644684973, 50.85981949235277 ], [ -0.386858203607368, 50.859820192071936 ], [ -0.386856596249734, 50.859820821819817 ], [ -0.386854822612075, 50.859821381596412 ], [ -0.386853104402108, 50.859822046330258 ], [ -0.386851441619824, 50.859822816021357 ], [ -0.386849834265217, 50.859823690669707 ], [ -0.386848282338278, 50.859824670275316 ], [ -0.386846785838998, 50.859825754838177 ], [ -0.386845344767373, 50.859826944358289 ], [ -0.386843959123396, 50.859828238835675 ], [ -0.386842628907062, 50.859829638270313 ], [ -0.386841354121437, 50.859831387562537 ], [ -0.386840134766498, 50.859833486712333 ], [ -0.386838970842224, 50.85983593571973 ], [ -0.386837862348596, 50.859838734584677 ], [ -0.386836809285598, 50.85984188330724 ], [ -0.386835811653214, 50.859845381887375 ], [ -0.386834869451435, 50.859849230325089 ], [ -0.386833982680252, 50.859853428620397 ], [ -0.386833373034876, 50.859857137114197 ], [ -0.386833040515397, 50.859860355806489 ], [ -0.386832985121885, 50.859863084697281 ], [ -0.386833206854392, 50.859865323786579 ], [ -0.386833705712951, 50.859867073074376 ], [ -0.38683448169758, 50.85986833256068 ], [ -0.386835534808276, 50.859869102245462 ], [ -0.386836865045024, 50.859869382128743 ], [ -0.38683802900346, 50.859869731983871 ], [ -0.386839026683585, 50.859870151810874 ], [ -0.3868398580854, 50.85987064160976 ], [ -0.386840523208902, 50.859871201380514 ], [ -0.386841022054091, 50.859871831123144 ], [ -0.386841354620958, 50.859872530837649 ], [ -0.3868415209095, 50.859873300524036 ], [ -0.386841520919709, 50.85987414018232 ], [ -0.386841742635017, 50.859874944854369 ], [ -0.386842186055437, 50.859875714540173 ], [ -0.386842851180978, 50.859876449239756 ], [ -0.38684373801165, 50.859877148953082 ], [ -0.386844846547459, 50.859877813680178 ], [ -0.386846176788415, 50.859878443421032 ], [ -0.386847728734521, 50.85987903817562 ], [ -0.386849502385784, 50.85987959794393 ], [ -0.38685105433194, 50.859880192698455 ], [ -0.386852384572984, 50.859880822439173 ], [ -0.38685349310891, 50.859881487166113 ], [ -0.38685437993971, 50.859882186879283 ], [ -0.386855045065376, 50.859882921578667 ], [ -0.386855488485899, 50.859883691264272 ], [ -0.386855710201272, 50.859884495936107 ], [ -0.386855710211479, 50.859885335594178 ], [ -0.386855876499988, 50.859886105280395 ], [ -0.386856209066805, 50.859886804994758 ], [ -0.386856707911937, 50.85988743473726 ], [ -0.386857373035389, 50.859887994507886 ], [ -0.386858204437163, 50.859888484306651 ], [ -0.38685920211726, 50.859888904133548 ], [ -0.386860366075681, 50.859889253988577 ], [ -0.386861696312427, 50.859889533871716 ], [ -0.386862860270438, 50.859889848740949 ], [ -0.386863857949712, 50.85989019859629 ], [ -0.38686468935025, 50.859890583437718 ], [ -0.38686535447205, 50.859891003265233 ], [ -0.386865853315107, 50.859891458078863 ], [ -0.386866185879418, 50.859891947878609 ], [ -0.386866352164978, 50.859892472664455 ], [ -0.386866352171783, 50.859893032436403 ], [ -0.386866573883287, 50.859893522236398 ], [ -0.386867017299495, 50.859893942064438 ], [ -0.386867682420414, 50.859894291920526 ], [ -0.386868569246041, 50.859894571804638 ], [ -0.386869677776381, 50.859894781716775 ], [ -0.386871008011432, 50.859894921656966 ], [ -0.386872559951187, 50.85989499162514 ], [ -0.386874333595642, 50.859894991621346 ], [ -0.386876384374432, 50.859895201531458 ], [ -0.38687871228759, 50.85989562135547 ], [ -0.386881317335151, 50.859896251093353 ], [ -0.386884199517165, 50.8598970907451 ], [ -0.386887358833684, 50.859898140310698 ], [ -0.38689079528477, 50.859899399790102 ], [ -0.386894508870491, 50.859900869183306 ], [ -0.386898499590925, 50.859902548490275 ], [ -0.386902434882212, 50.859903982897173 ], [ -0.386906314744288, 50.859905172403991 ], [ -0.386910139177087, 50.859906117010745 ], [ -0.386913908180548, 50.859906816717441 ], [ -0.386917621754608, 50.859907271524079 ], [ -0.386921279899208, 50.859907481430653 ], [ -0.386924882614289, 50.859907446437198 ], [ -0.386928429899795, 50.859907166543699 ], [ -0.386931644628186, 50.859906991608057 ], [ -0.386934526799488, 50.859906921630255 ], [ -0.386937076413716, 50.859906956610374 ], [ -0.386939293470894, 50.859907096548397 ], [ -0.386941177971026, 50.859907341444355 ], [ -0.386942729914122, 50.859907691298268 ], [ -0.386943949300185, 50.859908146110136 ], [ -0.386944836129213, 50.859908705880002 ], [ -0.386946277221276, 50.859909195677311 ], [ -0.386948272576385, 50.85990961550209 ], [ -0.386950822194547, 50.859909965354269 ], [ -0.386953926075765, 50.859910245233849 ], [ -0.386957584220034, 50.859910455140749 ], [ -0.386961796627348, 50.859910595074943 ], [ -0.386966563297693, 50.859910665036352 ], [ -0.386971884231053, 50.859910665024927 ], [ -0.386976706324882, 50.859910490085724 ], [ -0.386981029579128, 50.859910140218794 ], [ -0.386984853993755, 50.859909615424186 ], [ -0.386988179568735, 50.859908915701972 ], [ -0.386991006304051, 50.859908041052165 ], [ -0.3869933341997, 50.859906991474823 ], [ -0.386995163255686, 50.85990576696998 ] ] ] } },
{ "type": "Feature", "properties": { "fid": 20, "pit_id": 20, "mon_name": "Flint Mine Pit Group 5", "site": "Cissbury Ring", "mon_type": "Flint mine pit group", "nhle_id": null, "mon_uid": "MNA188900", "src_shot": "142518", "full_label": "Flint Mine Pit Group 5, Cissbury Ring", "area_m2": 32.57, "perim_m": 20.38, "diam_m": 6.44 }, "geometry": { "type": "Polygon", "coordinates": [ [ [ -0.387680450928232, 50.859558006020002 ], [ -0.387683998190158, 50.859555766908947 ], [ -0.387687157466745, 50.859553492812502 ], [ -0.38768992875804, 50.859551183730694 ], [ -0.387692312064094, 50.859548839663539 ], [ -0.387694307384958, 50.859546460611085 ], [ -0.387695914720689, 50.859544046573347 ], [ -0.387697134071338, 50.859541597550319 ], [ -0.387697965436967, 50.859539113542034 ], [ -0.387698408817634, 50.859536594548501 ], [ -0.387698575067485, 50.859534180513485 ], [ -0.387698464186567, 50.859531871437021 ], [ -0.38769807617492, 50.859529667319087 ], [ -0.38769741103258, 50.859527568159692 ], [ -0.387696468759582, 50.85952557395882 ], [ -0.387695249355951, 50.859523684716486 ], [ -0.387693752821718, 50.859521900432647 ], [ -0.387691979156902, 50.859520221107324 ], [ -0.387690150066992, 50.859518646740163 ], [ -0.387688265551982, 50.859517177331171 ], [ -0.387686325611864, 50.859515812880325 ], [ -0.387684330246629, 50.859514553387655 ], [ -0.387682279456271, 50.859513398853139 ], [ -0.387680173240779, 50.859512349276756 ], [ -0.387678011600143, 50.859511404658541 ], [ -0.387675794534351, 50.859510564998452 ], [ -0.387673244911517, 50.859509830297256 ], [ -0.38767036273164, 50.859509200554903 ], [ -0.387667147994715, 50.85950867577138 ], [ -0.387663600700732, 50.859508255946665 ], [ -0.387659720849676, 50.859507941080714 ], [ -0.38765550844153, 50.859507731173501 ], [ -0.387650963476269, 50.859507626224975 ], [ -0.387646085953868, 50.859507626235128 ], [ -0.387641818122637, 50.859507696215893 ], [ -0.387638159982557, 50.859507836167353 ], [ -0.387635111533616, 50.859508046089573 ], [ -0.387632672775809, 50.859508325982588 ], [ -0.387630843709133, 50.859508675846421 ], [ -0.387629624333595, 50.859509095681133 ], [ -0.387629014649204, 50.859509585486713 ], [ -0.387629014655975, 50.859510145263187 ], [ -0.387628682105761, 50.859510809998447 ], [ -0.387628016998542, 50.859511579692494 ], [ -0.3876270193343, 50.859512454345307 ], [ -0.387625689113006, 50.859513433956899 ], [ -0.387624026334635, 50.859514518527234 ], [ -0.387622030999151, 50.859515708056314 ], [ -0.387619703106514, 50.859517002544123 ], [ -0.387617042656684, 50.859518401990627 ], [ -0.387614659339584, 50.859519871408502 ], [ -0.387612553155231, 50.859521410797747 ], [ -0.387610724103642, 50.859523020158356 ], [ -0.387609172184836, 50.859524699490372 ], [ -0.387607897398837, 50.859526448793815 ], [ -0.387606899745669, 50.859528268068672 ], [ -0.387606179225359, 50.859530157314943 ], [ -0.387605735837938, 50.859532116532669 ], [ -0.387605458729197, 50.859534040763954 ], [ -0.387605347899156, 50.859535930008832 ], [ -0.387605403347839, 50.859537784267268 ], [ -0.387605625075263, 50.859539603539289 ], [ -0.387606013081446, 50.859541387824869 ], [ -0.387606567366408, 50.859543137124042 ], [ -0.387607287930166, 50.859544851436766 ], [ -0.387608174772737, 50.859546530763076 ], [ -0.387609227893598, 50.859548140117013 ], [ -0.387610447292764, 50.859549679498592 ], [ -0.387611832970245, 50.859551148907769 ], [ -0.387613384926052, 50.859552548344574 ], [ -0.387615103160192, 50.859553877808985 ], [ -0.387616987672671, 50.859555137301001 ], [ -0.387619038463496, 50.859556326820623 ], [ -0.387621255532668, 50.85955744636783 ], [ -0.387623805159318, 50.85955849594243 ], [ -0.387626687343458, 50.859559475544408 ], [ -0.387629902085095, 50.859560385173744 ], [ -0.387633449384235, 50.859561224830408 ], [ -0.387637329240881, 50.859561994514365 ], [ -0.387641541655032, 50.859562694225588 ], [ -0.387646086626686, 50.859563323964053 ], [ -0.387650964155839, 50.859563883729692 ], [ -0.387655675401914, 50.859564093635676 ], [ -0.387660220364804, 50.859563953682034 ], [ -0.387664599044412, 50.859563463868781 ], [ -0.387668811440639, 50.859562624195931 ], [ -0.387672857553404, 50.859561434663505 ], [ -0.387676737382625, 50.859559895271531 ], [ -0.387680450928232, 50.859558006020002 ] ] ] } },
{ "type": "Feature", "properties": { "fid": 21, "pit_id": 21, "mon_name": "Flint Mine Pit Group 5", "site": "Cissbury Ring", "mon_type": "Flint mine pit group", "nhle_id": null, "mon_uid": "MNA188900", "src_shot": "142518", "full_label": "Flint Mine Pit Group 5, Cissbury Ring", "area_m2": 56.04, "perim_m": 26.76, "diam_m": 8.45 }, "geometry": { "type": "Polygon", "coordinates": [ [ [ -0.387818350637024, 50.859462703790918 ], [ -0.387822784724642, 50.859460744562085 ], [ -0.387826775401347, 50.859458820320057 ], [ -0.387830322667204, 50.859456931064855 ], [ -0.387833426522271, 50.859455076796543 ], [ -0.387836086966609, 50.859453257515149 ], [ -0.387838304000276, 50.859451473220702 ], [ -0.387840077623324, 50.859449723913229 ], [ -0.387841407835808, 50.859448009592732 ], [ -0.387842294637779, 50.859446330259267 ], [ -0.387843070585243, 50.859444510981582 ], [ -0.387843735678208, 50.859442551759678 ], [ -0.387844289916678, 50.859440452593581 ], [ -0.387844733300666, 50.859438213483266 ], [ -0.387845065830181, 50.859435834428737 ], [ -0.387845287505236, 50.859433315430024 ], [ -0.387845398325849, 50.859430656487085 ], [ -0.387845398292036, 50.859427857599961 ], [ -0.387845342834771, 50.859425303615531 ], [ -0.387845231954063, 50.859422994533794 ], [ -0.387845065649919, 50.859420930354773 ], [ -0.387844843922346, 50.859419111078473 ], [ -0.387844566771346, 50.859417536704854 ], [ -0.387844234196921, 50.859416207233963 ], [ -0.387843846199073, 50.859415122665773 ], [ -0.387843402777799, 50.859414283000284 ], [ -0.387842682223636, 50.859413373363168 ], [ -0.387841684536604, 50.859412393754397 ], [ -0.387840409716726, 50.859411344174021 ], [ -0.387838857764028, 50.859410224621961 ], [ -0.387837028678533, 50.85940903509826 ], [ -0.387834922460271, 50.859407775602861 ], [ -0.387832539109277, 50.859406446135793 ], [ -0.387829878625583, 50.859405046697006 ], [ -0.387826830157485, 50.859403682245222 ], [ -0.387823393705011, 50.859402352780435 ], [ -0.387819569268189, 50.859401058302581 ], [ -0.387815356847041, 50.859399798811616 ], [ -0.38781075644159, 50.859398574307541 ], [ -0.38780576805186, 50.85939738479027 ], [ -0.387800391677866, 50.859396230259776 ], [ -0.38779462731963, 50.859395110715987 ], [ -0.387789472654931, 50.859394236073541 ], [ -0.387784927683654, 50.859393606332503 ], [ -0.387780992405702, 50.859393221492944 ], [ -0.387777666820997, 50.859393081554948 ], [ -0.387774950929478, 50.859393186518545 ], [ -0.387772844731109, 50.859393536383777 ], [ -0.387771348225868, 50.85939413115068 ], [ -0.387770461413755, 50.859394970819288 ], [ -0.387769186617421, 50.859395845474864 ], [ -0.387767523836843, 50.859396755117373 ], [ -0.387765473071995, 50.85939769974685 ], [ -0.38776303432285, 50.85939867936321 ], [ -0.387760207589376, 50.859399693966481 ], [ -0.387756992871546, 50.859400743556598 ], [ -0.387753390169325, 50.859401828133556 ], [ -0.38774939948268, 50.859402947697298 ], [ -0.387745741355618, 50.859404172218539 ], [ -0.38774241578814, 50.859405501697303 ], [ -0.387739422780252, 50.859406936133624 ], [ -0.387736762331964, 50.859408475527509 ], [ -0.387734434443289, 50.859410119878994 ], [ -0.387732439114246, 50.859411869188101 ], [ -0.387730776344859, 50.859413723454836 ], [ -0.387729446135154, 50.859415682679234 ], [ -0.387728282204976, 50.859417676889265 ], [ -0.387727284554344, 50.859419706084964 ], [ -0.387726453183278, 50.859421770266295 ], [ -0.387725788091796, 50.8594238694333 ], [ -0.38772528927992, 50.859426003585952 ], [ -0.38772495674767, 50.859428172724272 ], [ -0.38772479049507, 50.859430376848252 ], [ -0.387724790522142, 50.8594326159579 ], [ -0.387725123108208, 50.859434925038919 ], [ -0.387725788253321, 50.859437304091294 ], [ -0.387726785957532, 50.859439753115012 ], [ -0.387728116220898, 50.859442272110101 ], [ -0.38772977904348, 50.859444861076518 ], [ -0.387731774425338, 50.859447520014257 ], [ -0.38773410236654, 50.859450248923302 ], [ -0.387736762867153, 50.85945304780364 ], [ -0.387739589644072, 50.859455601781121 ], [ -0.387742582697279, 50.859457910855753 ], [ -0.387745742026752, 50.859459975027519 ], [ -0.387749067632468, 50.859461794296408 ], [ -0.387752559514393, 50.859463368662389 ], [ -0.387756217672489, 50.859464698125464 ], [ -0.387760042106717, 50.859465782685618 ], [ -0.387764032817025, 50.859466622342836 ], [ -0.387767912673382, 50.85946735704205 ], [ -0.387771681675757, 50.859467986783294 ], [ -0.387775339824119, 50.859468511566554 ], [ -0.387778887118441, 50.859468931391852 ], [ -0.387782323558694, 50.859469246259223 ], [ -0.387785649144852, 50.859469456168625 ], [ -0.387788863876893, 50.859469561120122 ], [ -0.387791967754794, 50.859469561113677 ], [ -0.387795237909134, 50.859469316204489 ], [ -0.38779867433986, 50.859468826392565 ], [ -0.387802277046913, 50.859468091677833 ], [ -0.387806046030227, 50.859467112060329 ], [ -0.387809981289735, 50.859465887540033 ], [ -0.387814082825361, 50.859464418116893 ], [ -0.387818350637024, 50.859462703790918 ] ] ] } },
{ "type": "Feature", "properties": { "fid": 22, "pit_id": 22, "mon_name": "Flint Mine Pit Group 5", "site": "Cissbury Ring", "mon_type": "Flint mine pit group", "nhle_id": null, "mon_uid": "MNA188900", "src_shot": "142518", "full_label": "Flint Mine Pit Group 5, Cissbury Ring", "area_m2": 103.06, "perim_m": 36.5, "diam_m": 11.46 }, "geometry": { "type": "Polygon", "coordinates": [ [ [ -0.387260315429997, 50.859273080076022 ], [ -0.387263419294369, 50.859271960510959 ], [ -0.387266578583162, 50.859270666014645 ], [ -0.387269793296335, 50.859269196587107 ], [ -0.387273063433848, 50.859267552228303 ], [ -0.387276388995658, 50.859265732938233 ], [ -0.387279769981721, 50.859263738716919 ], [ -0.387283206391993, 50.859261569564318 ], [ -0.387286698226425, 50.859259225480471 ], [ -0.387290245484969, 50.859256706465324 ], [ -0.387293349327966, 50.859253837588348 ], [ -0.387296009755421, 50.859250618849565 ], [ -0.387298226767367, 50.859247050249017 ], [ -0.387300000363852, 50.859243131786712 ], [ -0.387301330544944, 50.859238863462686 ], [ -0.387302217310734, 50.859234245276944 ], [ -0.387302660661328, 50.859229277229488 ], [ -0.387302660596855, 50.859223959320346 ], [ -0.387302383404892, 50.859219026260277 ], [ -0.387301829085519, 50.85921447804931 ], [ -0.387300997638811, 50.859210314687402 ], [ -0.387299889064818, 50.859206536174604 ], [ -0.387298503363586, 50.85920314251085 ], [ -0.387296840535142, 50.85920013369617 ], [ -0.387294900579501, 50.859197509730535 ], [ -0.387292683496662, 50.859195270613938 ], [ -0.387290133857128, 50.859193171443152 ], [ -0.38728725166092, 50.859191212218114 ], [ -0.387284036908055, 50.859189392938838 ], [ -0.387280489598547, 50.859187713605287 ], [ -0.387276609732396, 50.859186174217427 ], [ -0.387272397309605, 50.85918477477523 ], [ -0.387267852330166, 50.85918351527863 ], [ -0.387262974794066, 50.85918239572765 ], [ -0.387257709275519, 50.859181451109045 ], [ -0.387252055774495, 50.859180681422771 ], [ -0.387246014290947, 50.859180086668772 ], [ -0.387239584824827, 50.859179666846998 ], [ -0.387232767376073, 50.859179421957379 ], [ -0.387225561944617, 50.859179351999828 ], [ -0.387217968530382, 50.859179456974303 ], [ -0.387209987133282, 50.859179736880712 ], [ -0.38720239372654, 50.859180436621308 ], [ -0.387195188309966, 50.859181556196177 ], [ -0.387188370883393, 50.859183095605395 ], [ -0.387181941446675, 50.859185054849007 ], [ -0.387175899999681, 50.859187433927104 ], [ -0.38717024654231, 50.859190232839715 ], [ -0.387164981074474, 50.859193451586911 ], [ -0.387160103596108, 50.859197090168756 ], [ -0.387155724957512, 50.85920093866654 ], [ -0.387151845158746, 50.859204997080326 ], [ -0.387148464199887, 50.859209265410136 ], [ -0.38714558208102, 50.859213743656056 ], [ -0.387143198802252, 50.859218431818114 ], [ -0.387141314363695, 50.859223329896309 ], [ -0.387139928765479, 50.8592284378907 ], [ -0.387139042007746, 50.859233755801291 ], [ -0.387138376948991, 50.859238548917695 ], [ -0.387137933589305, 50.859242817239952 ], [ -0.387137711928771, 50.859246560768064 ], [ -0.387137711967448, 50.859249779501994 ], [ -0.387137933705387, 50.859252473441792 ], [ -0.38713837714262, 50.85925464258743 ], [ -0.387139042279166, 50.859256286938908 ], [ -0.387139929115025, 50.859257406496219 ], [ -0.387141037655989, 50.859258491066882 ], [ -0.387142367902068, 50.859259540650868 ], [ -0.387143919853278, 50.859260555248177 ], [ -0.387145693509627, 50.85926153485881 ], [ -0.387147688871128, 50.859262479482737 ], [ -0.387149905937787, 50.859263389119967 ], [ -0.387152344709616, 50.85926426377047 ], [ -0.38715500518662, 50.85926510343424 ], [ -0.387157554809635, 50.859265838139564 ], [ -0.387159993578637, 50.859266467886442 ], [ -0.387162321493605, 50.859266992674904 ], [ -0.387164538554521, 50.859267412504927 ], [ -0.387166644761366, 50.859267727376526 ], [ -0.387168640114126, 50.859267937289729 ], [ -0.387170524612784, 50.859268042244516 ], [ -0.387172298257327, 50.859268042240878 ], [ -0.387174127329485, 50.859268147195799 ], [ -0.387176011829271, 50.859268357109244 ], [ -0.387177951756699, 50.859268671981219 ], [ -0.387179947111784, 50.859269091811683 ], [ -0.38718199789454, 50.859269616600699 ], [ -0.38718410410498, 50.859270246348217 ], [ -0.387186265743125, 50.859270981054266 ], [ -0.387188482808991, 50.859271820718817 ], [ -0.387191254137902, 50.859272590410001 ], [ -0.38719457972988, 50.859273290127767 ], [ -0.387198459584931, 50.859273919872116 ], [ -0.387202893703063, 50.859274479642934 ], [ -0.387207882084279, 50.859274969440193 ], [ -0.387213424728573, 50.859275389263793 ], [ -0.387219521635938, 50.859275739113698 ], [ -0.387226172806363, 50.859276018989775 ], [ -0.387232380563719, 50.859276123935501 ], [ -0.387238144907935, 50.85927605395095 ], [ -0.387243465838945, 50.85927580903617 ], [ -0.387248343356695, 50.859275389191232 ], [ -0.387252777461142, 50.859274794416194 ], [ -0.38725676815225, 50.859274024711112 ], [ -0.387260315429997, 50.859273080076022 ] ] ] } },
{ "type": "Feature", "properties": { "fid": 23, "pit_id": 23, "mon_name": "Flint Mine Pit Group 5", "site": "Cissbury Ring", "mon_type": "Flint mine pit group", "nhle_id": null, "mon_uid": "MNA188900", "src_shot": "142518", "full_label": "Flint Mine Pit Group 5, Cissbury Ring", "area_m2": 25.53, "perim_m": 18.21, "diam_m": 5.7 }, "geometry": { "type": "Polygon", "coordinates": [ [ [ -0.387856256950924, 50.859021037548068 ], [ -0.38785936081879, 50.859020197868368 ], [ -0.387862076701833, 50.859019358189357 ], [ -0.387864404600074, 50.859018518511064 ], [ -0.387866344513534, 50.859017678833517 ], [ -0.38786789644223, 50.859016839156723 ], [ -0.387869060386187, 50.859015999480732 ], [ -0.387869836345423, 50.859015159805509 ], [ -0.387870224319959, 50.859014320131095 ], [ -0.387870224309816, 50.859013480457477 ], [ -0.387870390579297, 50.859012675769939 ], [ -0.387870723128397, 50.859011906068446 ], [ -0.387871221957105, 50.859011171353039 ], [ -0.387871887065416, 50.859010471623677 ], [ -0.387872718453325, 50.859009806880387 ], [ -0.387873716120825, 50.859009177123141 ], [ -0.387874880067913, 50.859008582351969 ], [ -0.387876210294585, 50.859008022566826 ], [ -0.387877374240798, 50.859007357822769 ], [ -0.38787837190655, 50.85900658811979 ], [ -0.387879203291844, 50.859005713457897 ], [ -0.387879868396683, 50.859004733837089 ], [ -0.387880367221071, 50.859003649257382 ], [ -0.387880699765017, 50.859002459718766 ], [ -0.387880866028531, 50.859001165221237 ], [ -0.387880866011627, 50.858999765764807 ], [ -0.387880588860928, 50.858998226363212 ], [ -0.387880034576463, 50.858996547016424 ], [ -0.387879203158269, 50.858994727724465 ], [ -0.387878094606383, 50.858992768487326 ], [ -0.38787670892085, 50.85899066930498 ], [ -0.387875046101721, 50.858988430177419 ], [ -0.387873106149047, 50.858986051104658 ], [ -0.38787088906289, 50.858983532086668 ], [ -0.387868394847776, 50.858981257974229 ], [ -0.387865623503712, 50.858979228767339 ], [ -0.387862575030685, 50.858977444465985 ], [ -0.387859249428685, 50.858975905070139 ], [ -0.387855646697686, 50.858974610579779 ], [ -0.387851766837657, 50.858973560994855 ], [ -0.387847609848557, 50.858972756315382 ], [ -0.387843175730333, 50.858972196541302 ], [ -0.387839295877841, 50.858971776711705 ], [ -0.387835970291029, 50.858971496826655 ], [ -0.387833198969856, 50.85897135688618 ], [ -0.387830981914291, 50.858971356890343 ], [ -0.387829319124315, 50.858971496839168 ], [ -0.387828210599914, 50.85897177673268 ], [ -0.387827656341093, 50.858972196570889 ], [ -0.387827656347856, 50.858972756353793 ], [ -0.387827212944416, 50.858973386110499 ], [ -0.387826326130754, 50.858974085840956 ], [ -0.387824995906842, 50.858974855545199 ], [ -0.387823222272659, 50.858975695223194 ], [ -0.387821005228168, 50.858976604874911 ], [ -0.387818344773335, 50.858977584500337 ], [ -0.387815240908122, 50.858978634099429 ], [ -0.387811693632486, 50.858979753672166 ], [ -0.387808534344103, 50.858981083162497 ], [ -0.387805763042964, 50.858982622570437 ], [ -0.387803379729067, 50.858984371896028 ], [ -0.387801384402425, 50.858986331139306 ], [ -0.387799777063054, 50.858988500300249 ], [ -0.387798557710991, 50.858990879378929 ], [ -0.387797726346273, 50.858993468375303 ], [ -0.387797282968955, 50.858996267289413 ], [ -0.387797172148142, 50.858998926257144 ], [ -0.387797393883892, 50.859001445278466 ], [ -0.387797948176258, 50.859003824353422 ], [ -0.387798835025284, 50.859006063481957 ], [ -0.387800054431014, 50.85900816266409 ], [ -0.387801606393479, 50.859010121899836 ], [ -0.38780349091271, 50.859011941189138 ], [ -0.387805707988727, 50.859013620531996 ], [ -0.387808146768651, 50.859015159928838 ], [ -0.387810807252482, 50.859016559379675 ], [ -0.387813689440215, 50.859017818884475 ], [ -0.387816793331845, 50.859018938443199 ], [ -0.387820118927359, 50.859019918055871 ], [ -0.387823666226744, 50.859020757722462 ], [ -0.387827435229979, 50.859021457442928 ], [ -0.387831425937041, 50.859022017217271 ], [ -0.387835305789348, 50.859022402059821 ], [ -0.387839074786854, 50.859022611970587 ], [ -0.387842732929517, 50.859022646949576 ], [ -0.387846280217291, 50.859022506996823 ], [ -0.387849716650142, 50.859022192112313 ], [ -0.387853042228031, 50.859021702296054 ], [ -0.387856256950924, 50.859021037548068 ] ] ] } },
{ "type": "Feature", "properties": { "fid": 24, "pit_id": 24, "mon_name": "Flint Mine Pit Group 5", "site": "Cissbury Ring", "mon_type": "Flint mine pit group", "nhle_id": null, "mon_uid": "MNA188900", "src_shot": "142518", "full_label": "Flint Mine Pit Group 5, Cissbury Ring", "area_m2": 75.94, "perim_m": 31.37, "diam_m": 9.83 }, "geometry": { "type": "Polygon", "coordinates": [ [ [ -0.387882420437256, 50.859205625351215 ], [ -0.387882863841633, 50.859205065570201 ], [ -0.387883806083205, 50.859204470801998 ], [ -0.387885247161952, 50.859203841046572 ], [ -0.38788718707785, 50.859203176303936 ], [ -0.387889625830875, 50.859202476574048 ], [ -0.387892563421001, 50.859201741856886 ], [ -0.387895999848195, 50.859200972152394 ], [ -0.387899935112429, 50.859200167460543 ], [ -0.38790436921367, 50.859199327781283 ], [ -0.387908581605721, 50.859198173225884 ], [ -0.387912572288514, 50.85919670379441 ], [ -0.387916341261988, 50.859194919486839 ], [ -0.387919888526092, 50.859192820303235 ], [ -0.387923214080781, 50.859190406243584 ], [ -0.387926317926021, 50.859187677307915 ], [ -0.387929200061788, 50.859184633496241 ], [ -0.387931860488064, 50.859181274808606 ], [ -0.387934188357404, 50.859178056066533 ], [ -0.387936183669899, 50.859174977270072 ], [ -0.387937846425629, 50.859172038419231 ], [ -0.387939176624676, 50.859169239514024 ], [ -0.387940174267109, 50.859166580554479 ], [ -0.387940839352995, 50.859164061540568 ], [ -0.387941171882393, 50.859161682472326 ], [ -0.387941171855358, 50.859159443349753 ], [ -0.387941005549921, 50.85915727420003 ], [ -0.387940672966105, 50.859155175023155 ], [ -0.387940174103932, 50.859153145819143 ], [ -0.38793950896342, 50.859151186587972 ], [ -0.387938677544588, 50.859149297329651 ], [ -0.387937679847454, 50.859147478044164 ], [ -0.387936515872031, 50.859145728731534 ], [ -0.387935185618334, 50.859144049391716 ], [ -0.387933633658981, 50.859142370052332 ], [ -0.387931859993998, 50.859140690713367 ], [ -0.387929864623408, 50.859139011374808 ], [ -0.387927647547235, 50.859137332036639 ], [ -0.387925208765504, 50.85913565269886 ], [ -0.387922548278237, 50.859133973361452 ], [ -0.387919666085461, 50.859132294024391 ], [ -0.387916562187197, 50.859130614687672 ], [ -0.387913846275544, 50.859129075295336 ], [ -0.387911518350435, 50.859127675847404 ], [ -0.387909578411816, 50.859126416343919 ], [ -0.387908026459639, 50.859125296784882 ], [ -0.387906862493861, 50.85912431717032 ], [ -0.387906086514448, 50.859123477500226 ], [ -0.387905698521372, 50.85912277777463 ], [ -0.387905698514611, 50.85912221799353 ], [ -0.387905421376724, 50.859121728185642 ], [ -0.387904867107716, 50.859121308350964 ], [ -0.387904035707594, 50.859120958489505 ], [ -0.38790292717636, 50.859120678601265 ], [ -0.387901541514015, 50.859120468686207 ], [ -0.387899878720554, 50.859120328744339 ], [ -0.387897938795977, 50.859120258775647 ], [ -0.387895721740271, 50.859120258780123 ], [ -0.387893781815677, 50.859120188811339 ], [ -0.387892119022201, 50.85912004886935 ], [ -0.387890733359846, 50.859119838954165 ], [ -0.387889624828614, 50.859119559065753 ], [ -0.387888793428507, 50.859119209204145 ], [ -0.387888239159522, 50.859118789369347 ], [ -0.387887962021652, 50.859118299561381 ], [ -0.38788796201489, 50.859117739780217 ], [ -0.38788713061444, 50.859117354932522 ], [ -0.387885467820312, 50.859117145018296 ], [ -0.387882973632501, 50.859117110037481 ], [ -0.387879648050979, 50.859117249990035 ], [ -0.387875491075706, 50.859117564875888 ], [ -0.387870502706621, 50.859118054694953 ], [ -0.387864682943642, 50.859118719447103 ], [ -0.387858031786671, 50.859119559132232 ], [ -0.387851990320806, 50.859120468788483 ], [ -0.387846558546049, 50.859121448415948 ], [ -0.387841736462414, 50.859122498014699 ], [ -0.387837524069919, 50.859123617584835 ], [ -0.387833921368584, 50.859124807126413 ], [ -0.387830928358441, 50.859126066639476 ], [ -0.387828545039523, 50.859127396124094 ], [ -0.38782677141187, 50.85912879558029 ], [ -0.387825053208423, 50.859130020104779 ], [ -0.387823390429202, 50.859131069697582 ], [ -0.387821783074234, 50.859131944358694 ], [ -0.387820231143537, 50.859132644088113 ], [ -0.387818734637134, 50.859133168885847 ], [ -0.387817293555039, 50.859133518751904 ], [ -0.387815907897274, 50.85913369368626 ], [ -0.387814577663853, 50.859133693688939 ], [ -0.387813247434333, 50.859134008568361 ], [ -0.387811917208686, 50.859134638324512 ], [ -0.387810586986887, 50.859135582957393 ], [ -0.387809256768905, 50.859136842467016 ], [ -0.387807926554717, 50.859138416853362 ], [ -0.387806596344294, 50.859140306116444 ], [ -0.387805266137605, 50.85914251025627 ], [ -0.387803935934627, 50.859145029272824 ], [ -0.387802772009881, 50.859147478316309 ], [ -0.387801774363399, 50.859149857386768 ], [ -0.387800942995211, 50.859152166484172 ], [ -0.387800277905345, 50.859154405608564 ], [ -0.38779977909383, 50.859156574759901 ], [ -0.387799446560686, 50.859158673938211 ], [ -0.387799280305943, 50.859160703143488 ], [ -0.387799280329621, 50.859162662375738 ], [ -0.387799446632818, 50.859164656593855 ], [ -0.387799779215556, 50.859166685797817 ], [ -0.387800278077857, 50.859168749987667 ], [ -0.387800943219742, 50.859170849163341 ], [ -0.387801774641239, 50.859172983324868 ], [ -0.387802772342369, 50.859175152472268 ], [ -0.38780393632316, 50.859177356605493 ], [ -0.387805266583635, 50.859179595724569 ], [ -0.387806984828659, 50.859181834842829 ], [ -0.387809091058288, 50.85918407396025 ], [ -0.387811585272578, 50.85918631307684 ], [ -0.387814467471585, 50.859188552192549 ], [ -0.387817737655365, 50.85919079130737 ], [ -0.387821395823973, 50.859193030421253 ], [ -0.387825441977468, 50.859195269534155 ], [ -0.387829876115905, 50.859197508646055 ], [ -0.387834310251623, 50.859199502854104 ], [ -0.387838744384555, 50.859201252158286 ], [ -0.387843178514631, 50.859202756558616 ], [ -0.387847612641779, 50.859204016055095 ], [ -0.387852046765936, 50.859205030647708 ], [ -0.387856480887029, 50.859205800336461 ], [ -0.38786091500499, 50.859206325121363 ], [ -0.38786534911975, 50.859206605002406 ], [ -0.387869284395779, 50.859206779925572 ], [ -0.387872720833046, 50.859206849890889 ], [ -0.387875658431524, 50.859206814898407 ], [ -0.387878097191193, 50.859206674948169 ], [ -0.387880037112041, 50.859206430040224 ], [ -0.387881478194062, 50.859206080174552 ], [ -0.387882420437256, 50.859205625351215 ] ] ] } },
{ "type": "Feature", "properties": { "fid": 25, "pit_id": 25, "mon_name": "Flint Mine Pit Group 5", "site": "Cissbury Ring", "mon_type": "Flint mine pit group", "nhle_id": null, "mon_uid": "MNA188900", "src_shot": "142518", "full_label": "Flint Mine Pit Group 5, Cissbury Ring", "area_m2": 253.8, "perim_m": 57.81, "diam_m": 17.98 }, "geometry": { "type": "Polygon", "coordinates": [ [ [ -0.387721907624521, 50.859372579800294 ], [ -0.387724124670029, 50.859371740128537 ], [ -0.387726951405954, 50.859370900455744 ], [ -0.387730387832265, 50.859370060781863 ], [ -0.387734433948929, 50.859369221106832 ], [ -0.387739089755916, 50.859368381430592 ], [ -0.387744355253194, 50.859367541753066 ], [ -0.387750230440732, 50.85936670207419 ], [ -0.3877567153185, 50.859365862393858 ], [ -0.387763809886467, 50.859365022711948 ], [ -0.387770239332045, 50.859363693224914 ], [ -0.387776003655088, 50.859361873932833 ], [ -0.387781102855485, 50.859359564835827 ], [ -0.387785536933173, 50.859356765933974 ], [ -0.387789305888128, 50.859353477227351 ], [ -0.387792409720367, 50.859349698716017 ], [ -0.387794848429952, 50.859345430400026 ], [ -0.387796622016982, 50.859340672279423 ], [ -0.387798284757315, 50.85933643895131 ], [ -0.387799836651039, 50.859332730415694 ], [ -0.387801277698236, 50.859329546672576 ], [ -0.38780260789898, 50.859326887721956 ], [ -0.387803827253333, 50.859324753563875 ], [ -0.387804935761357, 50.859323144198285 ], [ -0.3878059334231, 50.859322059625214 ], [ -0.387806820238602, 50.859321499844683 ], [ -0.387807429913116, 50.859320205354656 ], [ -0.387807762446633, 50.859318176155149 ], [ -0.387807817839172, 50.859315412246168 ], [ -0.387807596090775, 50.859311913627693 ], [ -0.387807097201512, 50.859307680299743 ], [ -0.387806321171477, 50.859302712262313 ], [ -0.387805268000788, 50.85929700951538 ], [ -0.38780393768959, 50.859290572058939 ], [ -0.387802607387472, 50.859284869312461 ], [ -0.38780127709438, 50.859279901275954 ], [ -0.387799946810255, 50.859275667949419 ], [ -0.38779861653504, 50.859272169332847 ], [ -0.387797286268675, 50.859269405426261 ], [ -0.387795956011102, 50.859267376229631 ], [ -0.387794625762259, 50.85926608174298 ], [ -0.387793295522087, 50.859265521966307 ], [ -0.387791411009201, 50.859264297452476 ], [ -0.387788972223725, 50.859262408201445 ], [ -0.387785979165828, 50.859259854213185 ], [ -0.387782431835726, 50.859256635487675 ], [ -0.387778330233683, 50.859252752024837 ], [ -0.387773674360009, 50.859248203824627 ], [ -0.387768464215058, 50.859242990886962 ], [ -0.387762699799234, 50.85923711321179 ], [ -0.387757157099325, 50.859232005233174 ], [ -0.38775183611499, 50.859227666951142 ], [ -0.387746736845912, 50.859224098365708 ], [ -0.387741859291792, 50.859221299476957 ], [ -0.387737203452352, 50.859219270284868 ], [ -0.387732769327335, 50.859218010789483 ], [ -0.387728556916508, 50.859217520990832 ], [ -0.387724566219655, 50.859217800888928 ], [ -0.387721018932614, 50.859217975827278 ], [ -0.387717915055412, 50.85921804580591 ], [ -0.387715254588073, 50.859218010824847 ], [ -0.387713037530612, 50.859217870884159 ], [ -0.387711263883037, 50.859217625983845 ], [ -0.387709933645355, 50.859217276123907 ], [ -0.387709046817564, 50.859216821304393 ], [ -0.387708603399659, 50.859216261525297 ], [ -0.387707439439481, 50.859215771720351 ], [ -0.387705554937047, 50.859215351889489 ], [ -0.387702949892372, 50.859215002032727 ], [ -0.387699624305461, 50.859214722149972 ], [ -0.387695578176312, 50.859214512241202 ], [ -0.38769081150492, 50.859214372306312 ], [ -0.387685324291269, 50.859214302345215 ], [ -0.387679116535344, 50.859214302357834 ], [ -0.387672520799082, 50.85921461724768 ], [ -0.387665537082342, 50.859215247014731 ], [ -0.38765816538497, 50.859216191658895 ], [ -0.387650405706796, 50.859217451180079 ], [ -0.387642258047635, 50.859219025578227 ], [ -0.387633722407281, 50.859220914853246 ], [ -0.387624798785519, 50.859223119005073 ], [ -0.387615487182116, 50.859225638033585 ], [ -0.387606896123269, 50.859228297004918 ], [ -0.38759902560902, 50.859231095919228 ], [ -0.387591875639424, 50.859234034776648 ], [ -0.387585446214549, 50.859237113577322 ], [ -0.387579737334474, 50.85924033232137 ], [ -0.387574748999296, 50.859243691008892 ], [ -0.38757048120912, 50.859247189639987 ], [ -0.387566933964067, 50.859250828214734 ], [ -0.387563774708218, 50.859254851636329 ], [ -0.387561003441592, 50.859259259904839 ], [ -0.387558620164225, 50.859264053020283 ], [ -0.387556624876178, 50.859269230982676 ], [ -0.387555017577524, 50.859274793792054 ], [ -0.387553798268357, 50.859280741448401 ], [ -0.387552966948795, 50.859287073951748 ], [ -0.387552523618968, 50.8592937913021 ], [ -0.387552246562604, 50.859300053831269 ], [ -0.387552135779783, 50.859305861539212 ], [ -0.387552191270573, 50.859311214425965 ], [ -0.387552413035035, 50.859316112491527 ], [ -0.387552801073216, 50.85932055573587 ], [ -0.387553355385153, 50.859324544159044 ], [ -0.38755407597088, 50.859328077760992 ], [ -0.387554962830411, 50.859331156541749 ], [ -0.387556126818881, 50.859333990418769 ], [ -0.387557567936324, 50.859336579392043 ], [ -0.387559286182762, 50.859338923461564 ], [ -0.387561281558212, 50.859341022627312 ], [ -0.38756355406268, 50.859342876889279 ], [ -0.387566103696167, 50.859344486247458 ], [ -0.38756893045866, 50.859345850701814 ], [ -0.387572034350139, 50.859346970252332 ], [ -0.387575082813635, 50.859347949858353 ], [ -0.387578075849115, 50.859348789519842 ], [ -0.38758101345655, 50.859349489236834 ], [ -0.387583895635911, 50.859350049009329 ], [ -0.387586722387169, 50.859350468837334 ], [ -0.387589493710299, 50.859350748720843 ], [ -0.387592209605275, 50.859350888659861 ], [ -0.387594870072071, 50.85935088865439 ], [ -0.387597253407743, 50.859350958621754 ], [ -0.387599359612297, 50.859351098561945 ], [ -0.387601188685741, 50.859351308474977 ], [ -0.387602740628078, 50.85935158836088 ], [ -0.387604015439311, 50.85935193821966 ], [ -0.387605013119439, 50.859352358051339 ], [ -0.38760573366846, 50.859352847855895 ], [ -0.387606177086365, 50.859353407633336 ], [ -0.387608227871818, 50.859354212311182 ], [ -0.387611886024934, 50.859355261889363 ], [ -0.38761715154588, 50.859356556367707 ], [ -0.387624024434877, 50.859358095745989 ], [ -0.387632504692198, 50.859359880023945 ], [ -0.387642592318164, 50.859361909201212 ], [ -0.387654287313152, 50.859364183277386 ], [ -0.38766758967759, 50.859366702251975 ], [ -0.387679506378435, 50.859368801394631 ], [ -0.387690037415172, 50.85937048070577 ], [ -0.387699182787365, 50.859371740185786 ], [ -0.387706942494646, 50.859372579834982 ], [ -0.38771331653673, 50.859372999653665 ], [ -0.387718304913401, 50.859372999642048 ], [ -0.387721907624521, 50.859372579800294 ] ] ] } },
{ "type": "Feature", "properties": { "fid": 26, "pit_id": 26, "mon_name": "Flint Mine Pit Group 5", "site": "Cissbury Ring", "mon_type": "Flint mine pit group", "nhle_id": null, "mon_uid": "MNA188900", "src_shot": "142518", "full_label": "Flint Mine Pit Group 5, Cissbury Ring", "area_m2": 40.48, "perim_m": 22.84, "diam_m": 7.18 }, "geometry": { "type": "Polygon", "coordinates": [ [ [ -0.387630336716762, 50.858833930395967 ], [ -0.387634770821457, 50.858833370602731 ], [ -0.387639094070624, 50.858832565903882 ], [ -0.387643306464198, 50.858831516299475 ], [ -0.38764740800212, 50.858830221789482 ], [ -0.387651398684334, 50.85882868237394 ], [ -0.387655278510786, 50.858826898052826 ], [ -0.387659047481429, 50.858824868826169 ], [ -0.387662705596212, 50.858822594694011 ], [ -0.387666252855095, 50.858820075656311 ], [ -0.387669356703, 50.858817591605835 ], [ -0.387672017140001, 50.858815142542596 ], [ -0.387674234166177, 50.858812728466646 ], [ -0.387676007781602, 50.858810349377976 ], [ -0.387677337986346, 50.858808005276643 ], [ -0.387678224780481, 50.858805696162662 ], [ -0.387678668164073, 50.858803422036026 ], [ -0.387678668137192, 50.858801182896748 ], [ -0.387678557260444, 50.858799188663561 ], [ -0.387678335533845, 50.858797439336428 ], [ -0.387678002957404, 50.858795934915364 ], [ -0.387677559531125, 50.858794675400382 ], [ -0.387677005255013, 50.85879366079147 ], [ -0.387676340129067, 50.858792891088626 ], [ -0.387675564153281, 50.858792366291851 ], [ -0.387674677327647, 50.858792086401138 ], [ -0.387673901353961, 50.858791736537079 ], [ -0.387673236232224, 50.858791316699659 ], [ -0.387672681962436, 50.858790826888907 ], [ -0.387672238544597, 50.858790267104787 ], [ -0.387671905978701, 50.858789637347321 ], [ -0.38767168426475, 50.858788937616531 ], [ -0.387671573402737, 50.85878816791238 ], [ -0.387671573392657, 50.858787328234889 ], [ -0.387671074543181, 50.858786348612149 ], [ -0.387670076854342, 50.858785229044159 ], [ -0.387668580326189, 50.85878396953089 ], [ -0.387666584958775, 50.858782570072336 ], [ -0.387664090752163, 50.858781030668446 ], [ -0.387661097706426, 50.858779351319235 ], [ -0.387657605821647, 50.858777532024625 ], [ -0.387653615097916, 50.858775572784594 ], [ -0.387649458099068, 50.858773928424128 ], [ -0.387645134825035, 50.858772598943162 ], [ -0.387640645275748, 50.858771584341703 ], [ -0.387635989451123, 50.858770884619737 ], [ -0.387631167351076, 50.858770499777222 ], [ -0.387626178975513, 50.858770429814165 ], [ -0.387621024324332, 50.858770674730543 ], [ -0.387615703397427, 50.858771234526301 ], [ -0.387610936735244, 50.858771864293914 ], [ -0.387606724337783, 50.85877256403343 ], [ -0.387603066205049, 50.858773333744914 ], [ -0.387599962337051, 50.858774173428429 ], [ -0.387597412733804, 50.858775083084019 ], [ -0.387595417395328, 50.858776062711719 ], [ -0.387593976321651, 50.85877711231155 ], [ -0.387593089512801, 50.858778231883534 ], [ -0.387592147275856, 50.858779211509365 ], [ -0.387591149610819, 50.858780051189022 ], [ -0.387590096517702, 50.858780750922513 ], [ -0.387588987996506, 50.858781310709837 ], [ -0.387587824047244, 50.858781730551001 ], [ -0.387586604669921, 50.858782010445985 ], [ -0.387585329864552, 50.858782150394816 ], [ -0.387583999631143, 50.858782150397452 ], [ -0.387582724826264, 50.858782325332776 ], [ -0.387581505449899, 50.858782675200807 ], [ -0.387580341502036, 50.85878320000154 ], [ -0.387579232982662, 50.858783899734973 ], [ -0.387578179891769, 50.858784774401101 ], [ -0.387577182229346, 50.858785823999945 ], [ -0.387576239995386, 50.858787048531468 ], [ -0.387575353189884, 50.858788447995714 ], [ -0.387574577237972, 50.858789917432787 ], [ -0.387573912139659, 50.858791456842695 ], [ -0.387573357894952, 50.858793066225424 ], [ -0.387572914503859, 50.858794745580987 ], [ -0.387572581966392, 50.858796494909377 ], [ -0.387572360282559, 50.858798314210624 ], [ -0.387572249452375, 50.858800203484691 ], [ -0.387572249475853, 50.8588021627316 ], [ -0.387572360350821, 50.858804017018599 ], [ -0.387572582077296, 50.858805766345675 ], [ -0.387572914655288, 50.858807410712856 ], [ -0.387573358084806, 50.858808950120135 ], [ -0.387573912365859, 50.858810384567484 ], [ -0.387574577498455, 50.858811714054916 ], [ -0.387575353482598, 50.858812938582446 ], [ -0.387576240318292, 50.858814058150053 ], [ -0.387577570566579, 50.858815317662938 ], [ -0.387579344227507, 50.858816717121137 ], [ -0.387581561301132, 50.858818256524579 ], [ -0.387584221787519, 50.858819935873264 ], [ -0.387587325686741, 50.85882175516717 ], [ -0.387590872998879, 50.858823714406228 ], [ -0.387594863724022, 50.858825813590443 ], [ -0.387599297862267, 50.858828052719737 ], [ -0.387603731996668, 50.858829941983721 ], [ -0.387608166127126, 50.858831481382381 ], [ -0.38761260025354, 50.858832670915731 ], [ -0.387617034375812, 50.858833510583764 ], [ -0.38762146849384, 50.85883400038648 ], [ -0.387625902607523, 50.858834140323886 ], [ -0.387630336716762, 50.858833930395967 ] ] ] } },
{ "type": "Feature", "properties": { "fid": 27, "pit_id": 27, "mon_name": "Flint Mine Pit Group 5", "site": "Cissbury Ring", "mon_type": "Flint mine pit group", "nhle_id": null, "mon_uid": "MNA188900", "src_shot": "142518", "full_label": "Flint Mine Pit Group 5, Cissbury Ring", "area_m2": 108.55, "perim_m": 38.2, "diam_m": 11.76 }, "geometry": { "type": "Polygon", "coordinates": [ [ [ -0.387581791218335, 50.859497270502473 ], [ -0.387587555542674, 50.859495591160545 ], [ -0.38759282103172, 50.859494121735722 ], [ -0.38759758768559, 50.859492862228052 ], [ -0.387601855504386, 50.859491812637586 ], [ -0.3876056244882, 50.859490972964402 ], [ -0.387608894637106, 50.859490343208535 ], [ -0.387611665951169, 50.85948992337002 ], [ -0.387613938430438, 50.859489713448909 ], [ -0.38761571207495, 50.859489713445228 ], [ -0.387617319438621, 50.859489573497669 ], [ -0.387618760521438, 50.859489293606259 ], [ -0.387620035323391, 50.859488873770985 ], [ -0.387621143844471, 50.859488313991875 ], [ -0.387622086084678, 50.859487614268907 ], [ -0.387622862044006, 50.859486774602125 ], [ -0.38762347172246, 50.859485794991478 ], [ -0.387623915120045, 50.85948467543701 ], [ -0.387624413945702, 50.859483695826611 ], [ -0.387624968199433, 50.859482856160305 ], [ -0.387625577881241, 50.859482156438091 ], [ -0.387626242991127, 50.859481596659933 ], [ -0.387626963529099, 50.859481176825859 ], [ -0.387627739495159, 50.859480896935864 ], [ -0.387628570889313, 50.859480756989953 ], [ -0.38762945771157, 50.859480756988113 ], [ -0.387630344531745, 50.859480582055987 ], [ -0.38763123134983, 50.859480232193576 ], [ -0.387632118165814, 50.859479707400901 ], [ -0.387633004979687, 50.85947900767794 ], [ -0.387633891791439, 50.859478133024687 ], [ -0.387634778601059, 50.859477083441178 ], [ -0.387635665408539, 50.859475858927382 ], [ -0.387636552213868, 50.859474459483302 ], [ -0.387637439021276, 50.859473234969506 ], [ -0.387638325830775, 50.859472185385982 ], [ -0.387639212642375, 50.859471310732751 ], [ -0.387640099456086, 50.859470611009797 ], [ -0.38764098627192, 50.859470086217108 ], [ -0.387641873089885, 50.859469736354711 ], [ -0.387642759909991, 50.859469561422593 ], [ -0.387643646732248, 50.859469561420759 ], [ -0.387644311839989, 50.859468826711733 ], [ -0.387644755233192, 50.859467357295543 ], [ -0.387644976911854, 50.859465153172188 ], [ -0.387644976875995, 50.859462214341661 ], [ -0.387644755125654, 50.859458540803956 ], [ -0.387644311660886, 50.859454132559087 ], [ -0.387643646481774, 50.859448989607039 ], [ -0.387642759588416, 50.859443111947797 ], [ -0.387641373862307, 50.859437654122416 ], [ -0.387639489303592, 50.859432616130832 ], [ -0.387637105912382, 50.859427997973071 ], [ -0.387634223688766, 50.859423799649072 ], [ -0.387630842632802, 50.85942002115879 ], [ -0.387626962744525, 50.859416662502213 ], [ -0.387622584023939, 50.859413723679282 ], [ -0.387617706471025, 50.859411204689934 ], [ -0.387612385511062, 50.859409000576662 ], [ -0.387606621144009, 50.859407111339422 ], [ -0.387600413369803, 50.859405536978159 ], [ -0.387593762188369, 50.859404277492793 ], [ -0.387586667599609, 50.859403332883211 ], [ -0.387579129603411, 50.859402703149392 ], [ -0.387571148199643, 50.859402388291201 ], [ -0.387562723388153, 50.859402388308581 ], [ -0.387555351678992, 50.859402458295506 ], [ -0.387549033072125, 50.859402598252181 ], [ -0.38754376756753, 50.859402808178778 ], [ -0.387539555165195, 50.859403088075432 ], [ -0.387536395865117, 50.859403437942255 ], [ -0.387534289667302, 50.859403857779341 ], [ -0.38753323657177, 50.859404347586739 ], [ -0.387533236578545, 50.8594049073645 ], [ -0.387532848601072, 50.859405502129192 ], [ -0.387532072639333, 50.85940613188081 ], [ -0.387530908693312, 50.859406796619382 ], [ -0.387529356762989, 50.859407496344829 ], [ -0.387527416848345, 50.859408231057209 ], [ -0.387525088949356, 50.859409000756457 ], [ -0.387522373066, 50.859409805442567 ], [ -0.38751926919825, 50.859410645115503 ], [ -0.387516276181934, 50.859411379829872 ], [ -0.387513394017078, 50.859412009585675 ], [ -0.387510622703705, 50.859412534382926 ], [ -0.387507962241838, 50.859412954221611 ], [ -0.387505412631497, 50.859413269101772 ], [ -0.387502973872702, 50.859413479023395 ], [ -0.387500645965469, 50.85941358398648 ], [ -0.387498428909817, 50.859413583991071 ], [ -0.387496488986976, 50.859413653967245 ], [ -0.387494826196943, 50.859413793915017 ], [ -0.387493440539709, 50.859414003834431 ], [ -0.387492332015274, 50.859414283725457 ], [ -0.387491500623636, 50.859414633588138 ], [ -0.387490946364796, 50.859415053422445 ], [ -0.387490669238762, 50.859415543228423 ], [ -0.38749066924554, 50.859416103006048 ], [ -0.387490447546346, 50.859416627798041 ], [ -0.387490004141175, 50.859417117604387 ], [ -0.387489339030017, 50.859417572425116 ], [ -0.387488452212872, 50.859417992260191 ], [ -0.387487343689731, 50.859418377109634 ], [ -0.387486013460595, 50.859418726973409 ], [ -0.387484461525461, 50.859419041851517 ], [ -0.38748268788433, 50.859419321743985 ], [ -0.387480858822536, 50.859420056455676 ], [ -0.387478974340023, 50.859421245986596 ], [ -0.387477034436735, 50.859422890336752 ], [ -0.387475039112607, 50.859424989506145 ], [ -0.387472988367571, 50.859427543494753 ], [ -0.387470882201556, 50.859430552302584 ], [ -0.38746872061449, 50.859434015929629 ], [ -0.387466503606295, 50.859437934375876 ], [ -0.387464563725528, 50.8594415029606 ], [ -0.387462900972298, 50.859444721683808 ], [ -0.3874615153467, 50.859447590545521 ], [ -0.387460406848817, 50.859450109545726 ], [ -0.387459575478721, 50.859452278684429 ], [ -0.387459021236468, 50.859454097961667 ], [ -0.387458744122104, 50.859455567377417 ], [ -0.387458744135663, 50.859456686931708 ], [ -0.387459076707893, 50.859457841471347 ], [ -0.387459741838818, 50.859459030996376 ], [ -0.387460739528468, 50.859460255506768 ], [ -0.387462069776867, 50.859461515002508 ], [ -0.387463732584048, 50.85946280948361 ], [ -0.387465727950043, 50.859464138950031 ], [ -0.387468055874883, 50.859465503401758 ], [ -0.387470716358602, 50.859466902838797 ], [ -0.387473155136828, 50.859468302276198 ], [ -0.38747537220954, 50.859469701714005 ], [ -0.387477367576716, 50.859471101152209 ], [ -0.387479141238339, 50.859472500590833 ], [ -0.387480693194386, 50.859473900029862 ], [ -0.387482023444838, 50.859475299469338 ], [ -0.387483131989676, 50.859476698909262 ], [ -0.387484018828879, 50.859478098349626 ], [ -0.38748595877064, 50.859479637732306 ], [ -0.387488951815084, 50.859481317057224 ], [ -0.387492997962348, 50.859483136324329 ], [ -0.387498097212597, 50.8594850955335 ], [ -0.38750424956601, 50.85948719468459 ], [ -0.387511455022785, 50.859489433777441 ], [ -0.387519713583144, 50.859491812811861 ], [ -0.387529025247324, 50.859494331787616 ], [ -0.387537893495059, 50.859496325973346 ], [ -0.387546318325997, 50.859497795369151 ], [ -0.387554299739809, 50.859498739975123 ], [ -0.387561837736201, 50.859499159791376 ], [ -0.387568932314906, 50.859499054817952 ], [ -0.387575583475686, 50.859498425054952 ], [ -0.387581791218335, 50.859497270502473 ] ] ] } },
{ "type": "Feature", "properties": { "fid": 28, "pit_id": 28, "mon_name": "Flint Mine Pit Group 5", "site": "Cissbury Ring", "mon_type": "Flint mine pit group", "nhle_id": null, "mon_uid": "MNA188900", "src_shot": "142518", "full_label": "Flint Mine Pit Group 5, Cissbury Ring", "area_m2": 200.92, "perim_m": 68.01, "diam_m": 15.99 }, "geometry": { "type": "Polygon", "coordinates": [ [ [ -0.387532566933189, 50.85903055449495 ], [ -0.387537444432053, 50.859028595247302 ], [ -0.387541712235784, 50.85902625115002 ], [ -0.387545370344364, 50.859023522203195 ], [ -0.38754841875781, 50.859020408406877 ], [ -0.387550857476161, 50.859016909761102 ], [ -0.387552686499494, 50.859013026265927 ], [ -0.387553905827912, 50.859008757921345 ], [ -0.387554515461547, 50.859004104727411 ], [ -0.387554515400563, 50.858999066684113 ], [ -0.387554293638955, 50.858994448478093 ], [ -0.387553850176785, 50.85899025010935 ], [ -0.387553185014103, 50.858986471577872 ], [ -0.387552298150947, 50.858983112883664 ], [ -0.387551189587343, 50.858980174026712 ], [ -0.387549859323307, 50.858977655007031 ], [ -0.387548307358837, 50.858975555824578 ], [ -0.387546533693926, 50.858973876479389 ], [ -0.387544482898291, 50.858972302094074 ], [ -0.387542154971951, 50.858970832668646 ], [ -0.387539549914914, 50.858969468203057 ], [ -0.387536667727189, 50.858968208697313 ], [ -0.387533508408778, 50.8589670541514 ], [ -0.387530071959681, 50.858966004565268 ], [ -0.387526358379897, 50.858965059938924 ], [ -0.387522367669416, 50.858964220272298 ], [ -0.387518875797002, 50.858963415591013 ], [ -0.38751588276262, 50.858962645895097 ], [ -0.387513388566239, 50.858961911184601 ], [ -0.387511393207828, 50.858961211459537 ], [ -0.38750989668736, 50.858960546719942 ], [ -0.387508899004811, 50.858959916965837 ], [ -0.387508400160157, 50.858959322197236 ], [ -0.387508400153379, 50.858958762414119 ], [ -0.387508233867831, 50.858958237617799 ], [ -0.38750790130352, 50.858957747808255 ], [ -0.387507402460448, 50.858957292985487 ], [ -0.38750673733862, 50.858956873149502 ], [ -0.387505905938039, 50.858956488300272 ], [ -0.387504908258708, 50.858956138437826 ], [ -0.387503744300628, 50.858955823562134 ], [ -0.3875024140638, 50.858955543673211 ], [ -0.387500141580132, 50.858955403732296 ], [ -0.387496926849614, 50.858955403739337 ], [ -0.38749276987222, 50.858955543694243 ], [ -0.387487670647905, 50.858955823596929 ], [ -0.38748162917661, 50.858956243447267 ], [ -0.387474645458259, 50.858956803245121 ], [ -0.38746671949276, 50.858957502990279 ], [ -0.387457851280003, 50.858958342682612 ], [ -0.387450091591388, 50.858958902480602 ], [ -0.387443440427087, 50.858959182384488 ], [ -0.387437897787235, 50.858959182394457 ], [ -0.387433463671926, 50.858958902510665 ], [ -0.38743013808122, 50.858958342733253 ], [ -0.387427921015133, 50.858957503062278 ], [ -0.387426812473643, 50.858956383497855 ], [ -0.387426812456689, 50.858954984039975 ], [ -0.387426923293393, 50.858953654554753 ], [ -0.387427144983747, 50.858952395042202 ], [ -0.387427477527742, 50.858951205502272 ], [ -0.387427920925372, 50.858950085935035 ], [ -0.387428475176631, 50.858949036340434 ], [ -0.387429140281515, 50.858948056718482 ], [ -0.387429916240019, 50.858947147069195 ], [ -0.387430803052139, 50.858946307392543 ], [ -0.387431468159501, 50.85894553768923 ], [ -0.387431911562115, 50.858944837959264 ], [ -0.387432133259993, 50.858944208202644 ], [ -0.387432133253149, 50.858943648419377 ], [ -0.387431911541586, 50.858943158609449 ], [ -0.387431468125312, 50.858942738772875 ], [ -0.387430803004332, 50.858942388909632 ], [ -0.387429916178649, 50.858942109019736 ], [ -0.38742902934995, 50.858941584224581 ], [ -0.387428142518249, 50.858940814524168 ], [ -0.387427255683562, 50.858939799918481 ], [ -0.387426368845902, 50.858938540407571 ], [ -0.387425482005282, 50.858937035991367 ], [ -0.387424595161714, 50.858935286669919 ], [ -0.387423708315213, 50.858933292443197 ], [ -0.387422821465792, 50.858931053311238 ], [ -0.387421657482933, 50.85892870922028 ], [ -0.387420216366683, 50.858926260170342 ], [ -0.387418498117099, 50.858923706161406 ], [ -0.387416502734236, 50.858921047193455 ], [ -0.387414230218153, 50.858918283266483 ], [ -0.387411680568915, 50.85891541438049 ], [ -0.387408853786592, 50.858912440535413 ], [ -0.387405749871252, 50.858909361731257 ], [ -0.387402867666606, 50.8589066677782 ], [ -0.387400207172637, 50.858904358676412 ], [ -0.387397768388939, 50.858902434425332 ], [ -0.387395551315423, 50.858900895024966 ], [ -0.387393555952015, 50.858899740475351 ], [ -0.387391782298647, 50.858898970776458 ], [ -0.387390230355264, 50.858898585928337 ], [ -0.387388900121822, 50.858898585930973 ], [ -0.387387680739899, 50.858898480973934 ], [ -0.387386572209501, 50.858898271057228 ], [ -0.387385574530634, 50.858897956180854 ], [ -0.387384687703304, 50.85889753634482 ], [ -0.387383911727512, 50.858897011549118 ], [ -0.387383246603262, 50.858896381793762 ], [ -0.38738269233055, 50.858895647078739 ], [ -0.387382248909376, 50.85889480740407 ], [ -0.387381694636675, 50.858894072689075 ], [ -0.387381029512447, 50.858893442933748 ], [ -0.387380253536691, 50.858892918138089 ], [ -0.387379366709408, 50.85889249830209 ], [ -0.387378369030594, 50.858892183425759 ], [ -0.387377260500245, 50.858891973509074 ], [ -0.387376041118353, 50.858891868552064 ], [ -0.387374710884914, 50.858891868554693 ], [ -0.387373491502993, 50.85889176359764 ], [ -0.387372382972598, 50.858891553680898 ], [ -0.387371385293734, 50.858891238804489 ], [ -0.387370498466405, 50.858890818968398 ], [ -0.387369722490617, 50.85889029417261 ], [ -0.387369057366369, 50.858889664417156 ], [ -0.38736850309366, 50.85888892970204 ], [ -0.38736805967249, 50.85888809002725 ], [ -0.387367505399792, 50.858887355312149 ], [ -0.387366840275567, 50.858886725556737 ], [ -0.387366064299814, 50.858886200760992 ], [ -0.387365177472533, 50.858885780924929 ], [ -0.387364179793721, 50.858885466048548 ], [ -0.387363071263375, 50.858885256131842 ], [ -0.387361851881486, 50.858885151174817 ], [ -0.387360521648048, 50.858885151177446 ], [ -0.387359191412898, 50.858885011234115 ], [ -0.387357861176049, 50.858884731344823 ], [ -0.387356530937513, 50.858884311509541 ], [ -0.387355200697299, 50.858883751728321 ], [ -0.387353870455422, 50.858883052001097 ], [ -0.387352540211894, 50.858882212327934 ], [ -0.387351209966724, 50.858881232708804 ], [ -0.387349879719927, 50.858880113143691 ], [ -0.387348549474842, 50.858879133524546 ], [ -0.387347219231458, 50.858878293851369 ], [ -0.38734588898976, 50.858877594124181 ], [ -0.387344558749741, 50.858877034342932 ], [ -0.387343228511384, 50.858876614507679 ], [ -0.387341898274681, 50.858876334618387 ], [ -0.387340568039618, 50.858876194675048 ], [ -0.387339237806184, 50.858876194677677 ], [ -0.387338073852768, 50.85887626465297 ], [ -0.387337076179369, 50.858876404600885 ], [ -0.38733624478598, 50.858876614521492 ], [ -0.387335579672604, 50.858876894414728 ], [ -0.387335080839236, 50.858877244280642 ], [ -0.38733474828588, 50.858877664119206 ], [ -0.38733458201254, 50.858878153930434 ], [ -0.387334582019218, 50.85887871371434 ], [ -0.387333972334753, 50.858879203526556 ], [ -0.38733275295913, 50.858879623367081 ], [ -0.387330923892336, 50.858879973235915 ], [ -0.387328485134368, 50.858880253132995 ], [ -0.387325436685226, 50.85888046305832 ], [ -0.387321778544917, 50.858880603011812 ], [ -0.387317510713454, 50.858880672993422 ], [ -0.387312633190854, 50.858880673003078 ], [ -0.387308365359436, 50.858880742984347 ], [ -0.387304707219183, 50.858880882937292 ], [ -0.387301658770082, 50.858881092861964 ], [ -0.387299220012127, 50.858881372758411 ], [ -0.387297390945315, 50.85888172262667 ], [ -0.387296171569653, 50.858882142466776 ], [ -0.38729556188515, 50.858882632278743 ], [ -0.387295561891823, 50.858883192062599 ], [ -0.387294952211815, 50.858884031739578 ], [ -0.387293732845079, 50.858885151309678 ], [ -0.387291903791552, 50.858886550772866 ], [ -0.387289465051142, 50.858888230129153 ], [ -0.38728641662374, 50.858890189378457 ], [ -0.387282758509214, 50.858892428520754 ], [ -0.387278490707408, 50.858894947555974 ], [ -0.387273613218148, 50.858897746484061 ], [ -0.387269068288355, 50.858900650370536 ], [ -0.387264855918063, 50.858903659215478 ], [ -0.387260976107302, 50.858906773018923 ], [ -0.387257428856638, 50.858909991781715 ], [ -0.387254214165787, 50.858913315503386 ], [ -0.387251332034631, 50.858916744183688 ], [ -0.387248782463221, 50.858920277822627 ], [ -0.387246565451615, 50.858923916420231 ], [ -0.387244847277144, 50.858927555016528 ], [ -0.387243627939922, 50.858931193611546 ], [ -0.387242907440068, 50.8589348322053 ], [ -0.387242685777695, 50.858938470797781 ], [ -0.387242962952921, 50.858942109388998 ], [ -0.387243738965861, 50.858945747978979 ], [ -0.387245013816632, 50.858949386567673 ], [ -0.387246787505349, 50.858953025155088 ], [ -0.387248505762343, 50.858956208918734 ], [ -0.387250168587556, 50.858958937858624 ], [ -0.387251775980929, 50.858961211974737 ], [ -0.38725332794241, 50.858963031267109 ], [ -0.387254824471949, 50.858964395735711 ], [ -0.387256265569497, 50.858965305380572 ], [ -0.387257651235011, 50.85896576020167 ], [ -0.387258981468449, 50.858965760199027 ], [ -0.387260422557126, 50.858965970114788 ], [ -0.387261974501062, 50.858966389948947 ], [ -0.387263637300281, 50.85896701970151 ], [ -0.38726541095481, 50.858967859372463 ], [ -0.387267295464679, 50.858968908961813 ], [ -0.387269290829919, 50.85897016846954 ], [ -0.387271397050567, 50.858971637895635 ], [ -0.387273614126661, 50.858973317240114 ], [ -0.38727627461257, 50.858974891624513 ], [ -0.387279378508325, 50.858976361048818 ], [ -0.387282925813944, 50.858977725512986 ], [ -0.387286916529445, 50.858978985016968 ], [ -0.387291350654839, 50.858980139560728 ], [ -0.387296228190127, 50.858981189144224 ], [ -0.387301549135311, 50.858982133767391 ], [ -0.387307313490382, 50.858982973430166 ], [ -0.387312412728454, 50.858983778107607 ], [ -0.387316846849482, 50.858984547799793 ], [ -0.387320615853417, 50.858985282506801 ], [ -0.387323719740221, 50.85898598222871 ], [ -0.387326158509856, 50.858986646965562 ], [ -0.387327932162285, 50.8589872767174 ], [ -0.387329040697481, 50.858987871484246 ], [ -0.387329484115411, 50.85898843126612 ], [ -0.387330758926079, 50.858988711155185 ], [ -0.387332865129477, 50.858988711151341 ], [ -0.387335802725567, 50.858988431254616 ], [ -0.387339571714284, 50.858987871464898 ], [ -0.387344172095532, 50.858987031782121 ], [ -0.387349603869186, 50.858985912206194 ], [ -0.387355867035092, 50.858984512737003 ], [ -0.387362961593066, 50.858982833374398 ], [ -0.387369446462873, 50.858981363931278 ], [ -0.387375321644657, 50.858980104407735 ], [ -0.387380587138545, 50.858979054803882 ], [ -0.387385242944645, 50.858978215119791 ], [ -0.387389289063052, 50.858977585355532 ], [ -0.387392725493843, 50.858977165511156 ], [ -0.387395552237081, 50.858976955586748 ], [ -0.387397769292809, 50.858976955582328 ], [ -0.387399598371863, 50.858977620320552 ], [ -0.387401039474305, 50.85897894980139 ], [ -0.387402092600159, 50.858980944024907 ], [ -0.387402757749419, 50.858983602991088 ], [ -0.387403034922045, 50.858986926699941 ], [ -0.387402924117962, 50.85899091515148 ], [ -0.387402425337065, 50.858995568345691 ], [ -0.38740153857921, 50.859000886282558 ], [ -0.387400873518663, 50.859005539477096 ], [ -0.387400430155525, 50.859009527929295 ], [ -0.387400208489872, 50.859012851639157 ], [ -0.387400208521766, 50.85901551060671 ], [ -0.387400430251247, 50.859017504831932 ], [ -0.387400873678335, 50.859018834314824 ], [ -0.387401538803032, 50.859019499055385 ], [ -0.387402425625321, 50.859019499053602 ], [ -0.387403257022476, 50.859019604011131 ], [ -0.387404032994499, 50.859019813927958 ], [ -0.3874047535414, 50.859020128804083 ], [ -0.387405418663181, 50.859020548639492 ], [ -0.387406028359843, 50.859021073434221 ], [ -0.387406582631389, 50.85902170318824 ], [ -0.38740708147782, 50.859022437901586 ], [ -0.387407524899138, 50.859023277574209 ], [ -0.387408411731914, 50.859024152232401 ], [ -0.387409741976175, 50.859025061876139 ], [ -0.387411515631952, 50.859026006505403 ], [ -0.387413732699273, 50.859026986120185 ], [ -0.387416393178173, 50.859028000720443 ], [ -0.387419497068688, 50.859029050306162 ], [ -0.387423044370854, 50.859030134877287 ], [ -0.387427035084711, 50.859031254433802 ], [ -0.387431690914024, 50.859032269030152 ], [ -0.387437011858807, 50.859033178666301 ], [ -0.387442997919065, 50.859033983342101 ], [ -0.387449649094794, 50.859034683057502 ], [ -0.387456965385982, 50.859035277812353 ], [ -0.387464946792608, 50.859035767606549 ], [ -0.387473593314644, 50.859036152439941 ], [ -0.387482904952049, 50.859036432312379 ], [ -0.387491662322557, 50.859036432294445 ], [ -0.387499865426007, 50.859036152386231 ], [ -0.387507514262259, 50.859035592587858 ], [ -0.387514608831193, 50.859034752899454 ], [ -0.38752114913271, 50.859033633321097 ], [ -0.387527135166728, 50.859032233852901 ], [ -0.387532566933189, 50.85903055449495 ] ] ] } },
{ "type": "Feature", "properties": { "fid": 29, "pit_id": 29, "mon_name": "Flint Mine Pit Group 5", "site": "Cissbury Ring", "mon_type": "Flint mine pit group", "nhle_id": null, "mon_uid": "MNA188900", "src_shot": "142518", "full_label": "Flint Mine Pit Group 5, Cissbury Ring", "area_m2": 41.2, "perim_m": 22.94, "diam_m": 7.24 }, "geometry": { "type": "Polygon", "coordinates": [ [ [ -0.387844729301036, 50.859107104025604 ], [ -0.387849606816826, 50.859106544234471 ], [ -0.387854207198239, 50.859105774525759 ], [ -0.387858530445223, 50.859104794899487 ], [ -0.387862576557738, 50.859103605355678 ], [ -0.387866345535751, 50.859102205894366 ], [ -0.387869837379232, 50.859100596515574 ], [ -0.387873052088164, 50.859098777219351 ], [ -0.387875989662533, 50.859096748005697 ], [ -0.387878650102336, 50.859094508874627 ], [ -0.387880977984035, 50.859092304730417 ], [ -0.38788297330768, 50.859090135573119 ], [ -0.387884636073324, 50.859088001402711 ], [ -0.387885966281013, 50.859085902219235 ], [ -0.387886963930796, 50.859083838022684 ], [ -0.38788762902272, 50.85908180881308 ], [ -0.387887961556828, 50.85907981459043 ], [ -0.387887961533164, 50.85907785535472 ], [ -0.387887850657092, 50.859075931105515 ], [ -0.387887628928627, 50.859074041842852 ], [ -0.387887296347781, 50.859072187566674 ], [ -0.387886852914568, 50.85907036827701 ], [ -0.387886298628997, 50.859068583973851 ], [ -0.387885633491085, 50.859066834657206 ], [ -0.387884857500837, 50.859065120327081 ], [ -0.387883970658267, 50.859063440983448 ], [ -0.387883028391443, 50.859061936571734 ], [ -0.387882030700359, 50.859060607091948 ], [ -0.387880977585011, 50.859059452544081 ], [ -0.38787986904539, 50.859058472928147 ], [ -0.387878705081488, 50.859057668244112 ], [ -0.387877485693295, 50.859057038492004 ], [ -0.3878762108808, 50.859056583671823 ], [ -0.387874880643989, 50.859056303783525 ], [ -0.387873661259117, 50.859055953922258 ], [ -0.387872552726185, 50.859055534088029 ], [ -0.387871555045195, 50.859055044280822 ], [ -0.387870668216147, 50.859054484500632 ], [ -0.387869892239043, 50.859053854747486 ], [ -0.38786922711388, 50.859053155021357 ], [ -0.387868672840657, 50.859052385322279 ], [ -0.387868229419371, 50.859051545650239 ], [ -0.387867176307644, 50.85905070597952 ], [ -0.387865513505511, 50.859049866310137 ], [ -0.387863241013004, 50.859049026642012 ], [ -0.387860358830159, 50.859048186975144 ], [ -0.387856866957006, 50.85904734730952 ], [ -0.387852765393582, 50.859046507645004 ], [ -0.387848054139919, 50.859045667981619 ], [ -0.387842733196053, 50.85904482831922 ], [ -0.38783757853551, 50.859044303533814 ], [ -0.387832590158177, 50.859044093625393 ], [ -0.387827768063954, 50.859044198593992 ], [ -0.387823112252743, 50.85904461843964 ], [ -0.387818622724454, 50.859045353162358 ], [ -0.387814299479006, 50.859046402762125 ], [ -0.387810142516318, 50.859047767239026 ], [ -0.387806151836322, 50.859049446593026 ], [ -0.387802604566873, 50.859051090959611 ], [ -0.387799500708024, 50.859052700338808 ], [ -0.387796840259825, 50.859054274730688 ], [ -0.387794623222329, 50.859055814135246 ], [ -0.387792849595582, 50.859057318552509 ], [ -0.387791519379629, 50.859058787982534 ], [ -0.387790632574519, 50.859060222425271 ], [ -0.387790189180289, 50.859061621880812 ], [ -0.387789690357969, 50.859062881390976 ], [ -0.387789136107556, 50.859064000955797 ], [ -0.387788526429053, 50.859064980575248 ], [ -0.387787861322463, 50.859065820249363 ], [ -0.387787140787786, 50.859066519978114 ], [ -0.38778636482503, 50.859067079761488 ], [ -0.387785533434198, 50.859067499599526 ], [ -0.387784646615294, 50.859067779492193 ], [ -0.387783926078516, 50.859068304288975 ], [ -0.387783371823854, 50.859069073989907 ], [ -0.38778298385131, 50.859070088594954 ], [ -0.387782762160886, 50.859071348104145 ], [ -0.387782706752591, 50.859072852517471 ], [ -0.387782817626444, 50.859074601834934 ], [ -0.38778309478246, 50.859076596056518 ], [ -0.387783538220666, 50.859078835182238 ], [ -0.387784147937554, 50.85908103932119 ], [ -0.387784923933147, 50.859083208473386 ], [ -0.387785866207466, 50.859085342638828 ], [ -0.38778697476053, 50.859087441817472 ], [ -0.387788249592362, 50.859089506009347 ], [ -0.387789690702981, 50.859091535214439 ], [ -0.387791298092404, 50.859093529432727 ], [ -0.38779307176065, 50.859095488664238 ], [ -0.387795067132773, 50.859097307949966 ], [ -0.38779728420878, 50.859098987289883 ], [ -0.387799722988677, 50.859100526683989 ], [ -0.387802383472467, 50.859101926132276 ], [ -0.387805265660142, 50.85910318563473 ], [ -0.387808369551697, 50.85910430519133 ], [ -0.38781169514712, 50.859105284802048 ], [ -0.387815242446398, 50.859106124466884 ], [ -0.387818956022885, 50.859106789199764 ], [ -0.387822835876546, 50.859107279000717 ], [ -0.387826882007346, 50.859107593869709 ], [ -0.387831094415242, 50.859107733806702 ], [ -0.387835473100188, 50.859107698811691 ], [ -0.387840018062138, 50.859107488884668 ], [ -0.387844729301036, 50.859107104025604 ] ] ] } },
{ "type": "Feature", "properties": { "fid": 30, "pit_id": 30, "mon_name": "Flint Mine Pit Group 5", "site": "Cissbury Ring", "mon_type": "Flint mine pit group", "nhle_id": null, "mon_uid": "MNA188900", "src_shot": "142518", "full_label": "Flint Mine Pit Group 5, Cissbury Ring", "area_m2": 15.96, "perim_m": 14.62, "diam_m": 4.51 }, "geometry": { "type": "Polygon", "coordinates": [ [ [ -0.387738973685527, 50.858936930409982 ], [ -0.38773897367876, 50.858936370626637 ], [ -0.387739139952023, 50.858935880815892 ], [ -0.387739472505313, 50.858935460977726 ], [ -0.387739971338627, 50.858935111112153 ], [ -0.387740636451961, 50.85893483121918 ], [ -0.387741467845321, 50.8589346212988 ], [ -0.387742465518704, 50.858934481351007 ], [ -0.387743629472113, 50.858934411375785 ], [ -0.387744959705554, 50.858934411373141 ], [ -0.387746234511357, 50.8589343064112 ], [ -0.387747453889513, 50.85893409649001 ], [ -0.387748617840016, 50.858933781609508 ], [ -0.387749726362857, 50.858933361769729 ], [ -0.387750779458031, 50.858932836970681 ], [ -0.387751777125533, 50.858932207212334 ], [ -0.387752719365356, 50.858931472494731 ], [ -0.387753606177501, 50.858930632817852 ], [ -0.387754437561567, 50.858929653195169 ], [ -0.387755213517552, 50.858928533626674 ], [ -0.387755934045453, 50.858927274112375 ], [ -0.387756599145265, 50.858925874652279 ], [ -0.387757208816991, 50.858924335246357 ], [ -0.387757763060629, 50.858922655894666 ], [ -0.387758261876178, 50.85892083659715 ], [ -0.387758705263641, 50.858918877353844 ], [ -0.38775892694672, 50.858917023070369 ], [ -0.387758926925446, 50.85891527374671 ], [ -0.387758705199842, 50.858913629382876 ], [ -0.38775826176993, 50.858912089978858 ], [ -0.387757596635731, 50.858910655534665 ], [ -0.387756709797258, 50.858909326050295 ], [ -0.387755601254528, 50.858908101525728 ], [ -0.387754271007588, 50.858906981961113 ], [ -0.387752940762408, 50.858906002342529 ], [ -0.387751610518941, 50.858905162669828 ], [ -0.387750280277175, 50.858904462942995 ], [ -0.387748950037097, 50.858903903162094 ], [ -0.387747619798696, 50.858903483327047 ], [ -0.387746289561959, 50.858903203437912 ], [ -0.387744959326875, 50.858903063494665 ], [ -0.387743629093432, 50.858903063497294 ], [ -0.387742465138324, 50.858902993526641 ], [ -0.387741467461554, 50.858902853582684 ], [ -0.387740636063126, 50.858902643665438 ], [ -0.387739970943042, 50.858902363774916 ], [ -0.387739472101301, 50.858902013911106 ], [ -0.3877391395379, 50.858901594074027 ], [ -0.387738973252838, 50.858901104263666 ], [ -0.387738973246111, 50.858900544480022 ], [ -0.387738640681416, 50.858900019683546 ], [ -0.387737975558765, 50.858899529874229 ], [ -0.387736977878167, 50.858899075052072 ], [ -0.387735647639629, 50.858898655217054 ], [ -0.387733984843159, 50.858898270369181 ], [ -0.38773198948876, 50.858897920508426 ], [ -0.387729661576436, 50.85889760563478 ], [ -0.38772700110619, 50.858897325748202 ], [ -0.387724340638592, 50.858897255780498 ], [ -0.387721680173607, 50.85889739573166 ], [ -0.387719019711196, 50.858897745601674 ], [ -0.387716359251327, 50.858898305390554 ], [ -0.38771369879396, 50.858899075098307 ], [ -0.387711038339061, 50.858900054724913 ], [ -0.38770837788659, 50.858901244270385 ], [ -0.387705717436515, 50.858902643734723 ], [ -0.387703334119603, 50.858904148157798 ], [ -0.387701227935867, 50.858905757539638 ], [ -0.38769939888532, 50.858907471880258 ], [ -0.387697846968125, 50.858909291180133 ], [ -0.387696572184176, 50.858911215438852 ], [ -0.387695574533491, 50.858913244656414 ], [ -0.387694854016098, 50.858915378832826 ], [ -0.387694410632031, 50.858917617968103 ], [ -0.387694133523708, 50.858919577211232 ], [ -0.387694022691156, 50.858921256562247 ], [ -0.387694078134395, 50.85892265602115 ], [ -0.387694299853442, 50.858923775587904 ], [ -0.387694687848303, 50.858924615262531 ], [ -0.387695242118981, 50.858925175045037 ], [ -0.387695962665472, 50.85892545493541 ], [ -0.387696849487767, 50.858925454933647 ], [ -0.387697736312142, 50.858925629864203 ], [ -0.38769862313861, 50.858925979727097 ], [ -0.387699509967178, 50.858926504522294 ], [ -0.387700396797857, 50.858927204249802 ], [ -0.387701283630656, 50.858928078909649 ], [ -0.387702170465586, 50.858929128501799 ], [ -0.387703057302655, 50.858930353026267 ], [ -0.387703944141874, 50.858931752483066 ], [ -0.387705218964131, 50.858933011993287 ], [ -0.387706881769445, 50.858934131556943 ], [ -0.387708932557832, 50.85893511117402 ], [ -0.387711371329298, 50.858935950844476 ], [ -0.387714198083842, 50.858936650568303 ], [ -0.387717412821456, 50.858937210345474 ], [ -0.387721015542129, 50.858937630175951 ], [ -0.387725006245836, 50.858937910059687 ], [ -0.387728498110792, 50.858938084984942 ], [ -0.387731491136966, 50.858938154951716 ], [ -0.387733985324333, 50.858938119960101 ], [ -0.387735980672881, 50.85893798001009 ], [ -0.387737477182596, 50.858937735101719 ], [ -0.387738474853476, 50.858937385235016 ], [ -0.387738973685527, 50.858936930409982 ] ] ] } },
{ "type": "Feature", "properties": { "fid": 31, "pit_id": 31, "mon_name": "Flint Mine Pit Group 6", "site": "Cissbury Ring", "mon_type": "Flint mine pit group", "nhle_id": null, "mon_uid": "MNA188908", "src_shot": "142557", "full_label": "Flint Mine Pit Group 6, Cissbury Ring", "area_m2": 46.57, "perim_m": 24.35, "diam_m": 7.7 }, "geometry": { "type": "Polygon", "coordinates": [ [ [ -0.385924528767926, 50.85837868688693 ], [ -0.385928076040432, 50.858377287405141 ], [ -0.385931290750962, 50.858375573041911 ], [ -0.385934172899488, 50.858373543797278 ], [ -0.385936722485994, 50.85837119967124 ], [ -0.385938939510476, 50.858368540663847 ], [ -0.385940823972945, 50.858365566775085 ], [ -0.385942375873424, 50.858362278005018 ], [ -0.385943595211951, 50.85835867435361 ], [ -0.385944481988578, 50.858354755820883 ], [ -0.385945147063149, 50.858351152170471 ], [ -0.385945590435731, 50.858347863402372 ], [ -0.385945812106382, 50.85834488951658 ], [ -0.385945812075151, 50.858342230513117 ], [ -0.385945590342077, 50.858339886391967 ], [ -0.385945146907191, 50.858337857153145 ], [ -0.385944481770514, 50.858336142796624 ], [ -0.385943594932058, 50.858334743322423 ], [ -0.38594232010834, 50.858333308862107 ], [ -0.385940657299402, 50.85833183941569 ], [ -0.385938606505283, 50.858330334983123 ], [ -0.385936167726027, 50.858328795564383 ], [ -0.385933340961679, 50.85832722115947 ], [ -0.385930126212284, 50.858325611768365 ], [ -0.385926523477892, 50.858323967391001 ], [ -0.385922532758553, 50.858322288027374 ], [ -0.385918597468235, 50.858320818585057 ], [ -0.38591471760688, 50.858319559064078 ], [ -0.385910893174433, 50.858318509464418 ], [ -0.385907124170835, 50.858317669786125 ], [ -0.385903410596033, 50.858317040029156 ], [ -0.385899752449976, 50.858316620193527 ], [ -0.38589614973261, 50.858316410279272 ], [ -0.385892602443887, 50.858316410286356 ], [ -0.385888999730088, 50.858316515254302 ], [ -0.385885341591188, 50.858316725183123 ], [ -0.385881628027161, 50.858317040072798 ], [ -0.385877859037984, 50.858317459923306 ], [ -0.385874034623625, 50.858317984734661 ], [ -0.38587015478406, 50.85831861450685 ], [ -0.385866219519257, 50.858319349239871 ], [ -0.38586222882919, 50.858320188933725 ], [ -0.385858570698644, 50.858321133587502 ], [ -0.385855245127614, 50.858322183201253 ], [ -0.385852252116102, 50.858323337774983 ], [ -0.385849591664109, 50.858324597308737 ], [ -0.385847263771644, 50.858325961802528 ], [ -0.38584526843872, 50.858327431256384 ], [ -0.385843605665354, 50.858329005670313 ], [ -0.385842275451568, 50.858330685044344 ], [ -0.385841166946903, 50.858332679299785 ], [ -0.385840280151362, 50.858334988436624 ], [ -0.385839615064961, 50.858337612454903 ], [ -0.385839171687722, 50.858340551354601 ], [ -0.385838950019676, 50.858343805135732 ], [ -0.385838950060864, 50.858347373798281 ], [ -0.385839171811336, 50.858351257342271 ], [ -0.385839615271152, 50.858355455767672 ], [ -0.385840446711843, 50.858359339310283 ], [ -0.385841666133497, 50.85836290797009 ], [ -0.385843273536178, 50.858366161747071 ], [ -0.385845268919938, 50.858369100641227 ], [ -0.385847652284811, 50.858371724652528 ], [ -0.385850423630814, 50.858374033780954 ], [ -0.385853582957956, 50.858376028026484 ], [ -0.38585713026622, 50.858377707389067 ], [ -0.385860899277742, 50.858379176830077 ], [ -0.38586488999249, 50.85838043634952 ], [ -0.385869102410432, 50.858381485947341 ], [ -0.385873536531525, 50.858382325623531 ], [ -0.385878192355723, 50.85838295537804 ], [ -0.385883069882969, 50.858383375210892 ], [ -0.385888169113206, 50.858383585122013 ], [ -0.38589349004637, 50.85838358511139 ], [ -0.385898589272112, 50.858383410166773 ], [ -0.385903466790376, 50.858383060288205 ], [ -0.385908122601111, 50.858382535475698 ], [ -0.385912556704273, 50.858381835729304 ], [ -0.38591676909982, 50.858380961049022 ], [ -0.385920759787714, 50.858379911434888 ], [ -0.385924528767926, 50.85837868688693 ] ] ] } },
{ "type": "Feature", "properties": { "fid": 32, "pit_id": 32, "mon_name": "Flint Mine Pit Group 6", "site": "Cissbury Ring", "mon_type": "Flint mine pit group", "nhle_id": null, "mon_uid": "MNA188908", "src_shot": "142557", "full_label": "Flint Mine Pit Group 6, Cissbury Ring", "area_m2": 98.84, "perim_m": 35.33, "diam_m": 11.22 }, "geometry": { "type": "Polygon", "coordinates": [ [ [ -0.386196783286611, 50.858387642981292 ], [ -0.386202104203428, 50.858386243496213 ], [ -0.386207147987083, 50.858384739050912 ], [ -0.386211914637566, 50.858383129645425 ], [ -0.386216404154874, 50.858381415279766 ], [ -0.386220616539005, 50.858379595953998 ], [ -0.386224551789963, 50.858377671668109 ], [ -0.386228209907755, 50.858375642422168 ], [ -0.386231590892391, 50.858373508216168 ], [ -0.386234694743885, 50.858371269050167 ], [ -0.386237466033292, 50.858368715002555 ], [ -0.386239904760605, 50.858365846073347 ], [ -0.386242010925839, 50.858362662262593 ], [ -0.386243784529015, 50.858359163570306 ], [ -0.386245225570169, 50.858355349996479 ], [ -0.386246334049354, 50.858351221541149 ], [ -0.386247109966633, 50.858346778204314 ], [ -0.386247553322085, 50.858342019985969 ], [ -0.386247885829978, 50.858337716597376 ], [ -0.386248107490355, 50.858333868038571 ], [ -0.386248218303253, 50.858330474309504 ], [ -0.386248218268704, 50.858327535410204 ], [ -0.386248107386727, 50.85832505134065 ], [ -0.386247885657342, 50.858323022100876 ], [ -0.386247553080557, 50.858321447690855 ], [ -0.386247109656373, 50.858320328110608 ], [ -0.386246167391971, 50.858318998609846 ], [ -0.386244726287406, 50.858317459188584 ], [ -0.386242786342746, 50.858315709846792 ], [ -0.386240347558074, 50.85831375058445 ], [ -0.386237409933489, 50.858311581401516 ], [ -0.386233973469098, 50.858309202297967 ], [ -0.386230038165029, 50.858306613273768 ], [ -0.386225604021416, 50.858303814328842 ], [ -0.386220837322953, 50.8583012952801 ], [ -0.386215738069608, 50.858299056127521 ], [ -0.386210306261339, 50.858297096871034 ], [ -0.386204541898092, 50.858295417510611 ], [ -0.3861984449798, 50.858294018046195 ], [ -0.386192015506384, 50.858292898477728 ], [ -0.386185253477753, 50.858292058805169 ], [ -0.386178158893807, 50.858291499028446 ], [ -0.386171396871364, 50.858291184159391 ], [ -0.386164967410309, 50.858291114198067 ], [ -0.386158870510539, 50.85829128914451 ], [ -0.38615310617196, 50.858291708998792 ], [ -0.386147674394486, 50.85829237376096 ], [ -0.386142575178045, 50.858293283431045 ], [ -0.386137808522573, 50.858294438009111 ], [ -0.386133374428021, 50.858295837495163 ], [ -0.386129106614315, 50.858297376928448 ], [ -0.386125005081432, 50.858299056308987 ], [ -0.386121069829355, 50.858300875636765 ], [ -0.386117300858064, 50.858302834911825 ], [ -0.386113698167546, 50.858304934134182 ], [ -0.386110261757792, 50.858307173303828 ], [ -0.386106991628792, 50.858309552420806 ], [ -0.386103887780542, 50.858312071485109 ], [ -0.386101116492922, 50.858314800469898 ], [ -0.386098677765954, 50.858317739375188 ], [ -0.386096571599666, 50.858320888200993 ], [ -0.386094797994096, 50.858324246947333 ], [ -0.38609335694929, 50.858327815614231 ], [ -0.386092248465304, 50.858331594201708 ], [ -0.386091472542205, 50.858335582709756 ], [ -0.386091029180064, 50.858339781138369 ], [ -0.386091084653765, 50.85834387460509 ], [ -0.386091638963441, 50.85834786310987 ], [ -0.386092692109216, 50.858351746652737 ], [ -0.386094244091212, 50.858355525233655 ], [ -0.386096294909538, 50.858359198852646 ], [ -0.386098844564305, 50.858362767509632 ], [ -0.386101893055608, 50.85836623120462 ], [ -0.386105440383543, 50.85836958993756 ], [ -0.386108987708437, 50.858372668775445 ], [ -0.386112535030228, 50.858375467718275 ], [ -0.386116082348853, 50.858377986766051 ], [ -0.386119629664249, 50.858380225918765 ], [ -0.38612317697635, 50.858382185176431 ], [ -0.386126724285096, 50.858383864539022 ], [ -0.386130271590421, 50.858385264006586 ], [ -0.386133818892261, 50.858386383579081 ], [ -0.386137421619344, 50.858387398190892 ], [ -0.386141079771646, 50.85838830784202 ], [ -0.386144793349147, 50.85838911253245 ], [ -0.386148562351824, 50.858389812262189 ], [ -0.386152386779655, 50.858390407031223 ], [ -0.386156266632617, 50.858390896839559 ], [ -0.386160201910684, 50.858391281687162 ], [ -0.386164192613831, 50.858391561574045 ], [ -0.386168349593913, 50.858391631539519 ], [ -0.386172672850874, 50.858391491583546 ], [ -0.386177162384655, 50.8583911417061 ], [ -0.38618181819519, 50.858390581907173 ], [ -0.386186640282411, 50.858389812186743 ], [ -0.386191628646244, 50.858388832544783 ], [ -0.386196783286611, 50.858387642981292 ] ] ] } },
{ "type": "Feature", "properties": { "fid": 33, "pit_id": 33, "mon_name": "Flint Mine Pit Group 6", "site": "Cissbury Ring", "mon_type": "Flint mine pit group", "nhle_id": null, "mon_uid": "MNA188908", "src_shot": "142557", "full_label": "Flint Mine Pit Group 6, Cissbury Ring", "area_m2": 33.71, "perim_m": 20.89, "diam_m": 6.55 }, "geometry": { "type": "Polygon", "coordinates": [ [ [ -0.385997028857955, 50.858582729704004 ], [ -0.386001019535196, 50.858580770440042 ], [ -0.386004566801126, 50.858578811176777 ], [ -0.386007670655799, 50.858576851914243 ], [ -0.386010331099271, 50.85857489265247 ], [ -0.386012548131598, 50.8585729333915 ], [ -0.386014321752834, 50.858570974131339 ], [ -0.386015651963037, 50.858569014872053 ], [ -0.386016538762263, 50.858567055613605 ], [ -0.386016982150566, 50.858565096356052 ], [ -0.3860172038328, 50.858563102112107 ], [ -0.386017203808994, 50.85856107288177 ], [ -0.386016982079175, 50.858559008665061 ], [ -0.386016538643373, 50.858556909461981 ], [ -0.386015873501621, 50.858554775272509 ], [ -0.38601498665395, 50.858552606096652 ], [ -0.386013878100394, 50.858550401934394 ], [ -0.386012547840987, 50.858548162785731 ], [ -0.386010829597968, 50.858546028598099 ], [ -0.386008723371377, 50.858543999371484 ], [ -0.386006229161256, 50.858542075105845 ], [ -0.386003346967635, 50.858540255801152 ], [ -0.386000076790541, 50.85853854145742 ], [ -0.385996418629997, 50.858536932074564 ], [ -0.385992372486018, 50.858535427652576 ], [ -0.385987938358616, 50.858534028191428 ], [ -0.38598350423431, 50.8585328736375 ], [ -0.38597907011303, 50.858531963990863 ], [ -0.385974635994704, 50.858531299251474 ], [ -0.385970201879264, 50.85853087941932 ], [ -0.385965767766638, 50.858530704494441 ], [ -0.385961333656759, 50.858530774476804 ], [ -0.385956899549552, 50.858531089366437 ], [ -0.38595246544495, 50.858531649163311 ], [ -0.385948419325446, 50.858532243946037 ], [ -0.385944761191045, 50.858532873714651 ], [ -0.385941491041756, 50.858533538469196 ], [ -0.385938608877583, 50.858534238209714 ], [ -0.38593611469854, 50.858534972936205 ], [ -0.38593400850464, 50.858535742648719 ], [ -0.385932290295894, 50.858536547347278 ], [ -0.385930960072319, 50.858537387031888 ], [ -0.385929740705212, 50.858538541596822 ], [ -0.385928632194553, 50.858540011042145 ], [ -0.385927634540332, 50.85854179536782 ], [ -0.38592674774254, 50.858543894573849 ], [ -0.385925971801171, 50.858546308660245 ], [ -0.385925306716227, 50.858549037627014 ], [ -0.385924752487712, 50.858552081474144 ], [ -0.385924309115637, 50.858555440201648 ], [ -0.385924087444949, 50.85855844906132 ], [ -0.385924087475699, 50.858561108053188 ], [ -0.385924309207926, 50.85856341717723 ], [ -0.385924752641661, 50.858565376433468 ], [ -0.385925417776921, 50.858566985821881 ], [ -0.385926304613716, 50.858568245342475 ], [ -0.385927413152046, 50.858569154995251 ], [ -0.385928743391897, 50.858569714780174 ], [ -0.385929962780189, 50.858570379525467 ], [ -0.385931071316924, 50.858571149231111 ], [ -0.385932069002106, 50.858572023897118 ], [ -0.385932955835734, 50.858573003523482 ], [ -0.385933731817807, 50.85857408811021 ], [ -0.385934396948321, 50.858575277657302 ], [ -0.385934951227274, 50.858576572164758 ], [ -0.385935394654657, 50.858577971632592 ], [ -0.385935948932796, 50.85857919616663 ], [ -0.38593661406169, 50.858580245766838 ], [ -0.38593739004134, 50.858581120433264 ], [ -0.385938276871746, 50.858581820165888 ], [ -0.3859392745529, 50.858582344964681 ], [ -0.385940383084797, 50.858582694829678 ], [ -0.385941602467426, 50.858582869760845 ], [ -0.385942932700775, 50.858582869758202 ], [ -0.385944262935313, 50.858582974715688 ], [ -0.38594559317105, 50.858583184633304 ], [ -0.385946923407993, 50.858583499511056 ], [ -0.385948253646152, 50.858583919348945 ], [ -0.385949583885536, 50.85858444414697 ], [ -0.385950914126156, 50.858585073905125 ], [ -0.385952244368018, 50.85858580862341 ], [ -0.385953574611131, 50.858586648301831 ], [ -0.385955126558603, 50.858587383019731 ], [ -0.385956900210434, 50.858588012777069 ], [ -0.38595889556662, 50.858588537573858 ], [ -0.385961112627156, 50.858588957410085 ], [ -0.385963551392033, 50.858589272285727 ], [ -0.385966211861239, 50.858589482200784 ], [ -0.38596909403476, 50.858589587155222 ], [ -0.385972197912578, 50.858589587149048 ], [ -0.385975412640534, 50.858589342235682 ], [ -0.385978738218576, 50.858588852415131 ], [ -0.385982174646644, 50.858588117687361 ], [ -0.385985721924682, 50.858587138052371 ], [ -0.385989380052625, 50.858585913510169 ], [ -0.385993149030406, 50.858584444060718 ], [ -0.385997028857955, 50.858582729704004 ] ] ] } },
{ "type": "Feature", "properties": { "fid": 34, "pit_id": 34, "mon_name": "Flint Mine Pit Group 6", "site": "Cissbury Ring", "mon_type": "Flint mine pit group", "nhle_id": null, "mon_uid": "MNA188908", "src_shot": "142557", "full_label": "Flint Mine Pit Group 6, Cissbury Ring", "area_m2": 43.52, "perim_m": 23.46, "diam_m": 7.44 }, "geometry": { "type": "Polygon", "coordinates": [ [ [ -0.387050574266346, 50.858632968502512 ], [ -0.387054564946506, 50.858631289134017 ], [ -0.387058167642189, 50.858629644752831 ], [ -0.387061382353445, 50.858628035358983 ], [ -0.387064209080321, 50.8586264609525 ], [ -0.387066647822862, 50.858624921533433 ], [ -0.387068698581112, 50.858623417101789 ], [ -0.387070361355113, 50.858621947657589 ], [ -0.387071636144907, 50.858620513200847 ], [ -0.387072522950531, 50.858619113731571 ], [ -0.387073188046758, 50.858617399382354 ], [ -0.387073631433599, 50.858615370153139 ], [ -0.387073853111073, 50.858613026043983 ], [ -0.387073853079208, 50.858610367054837 ], [ -0.387073631338042, 50.858607393185743 ], [ -0.387073187887617, 50.858604104436679 ], [ -0.387072522727993, 50.85860050080764 ], [ -0.38707163585923, 50.858596582298624 ], [ -0.387070305582501, 50.858592943684108 ], [ -0.387068531897888, 50.858589584964079 ], [ -0.387066314805457, 50.858586506138515 ], [ -0.387063654305259, 50.858583707207373 ], [ -0.387060550397327, 50.85858118817066 ], [ -0.387057003081678, 50.858578949028292 ], [ -0.387053012358315, 50.858576989780275 ], [ -0.387048578227225, 50.858575310426552 ], [ -0.387044033246957, 50.858573910966861 ], [ -0.38703937741744, 50.85857279140118 ], [ -0.387034610738599, 50.858571951729523 ], [ -0.387029733210351, 50.85857139195187 ], [ -0.387024744832617, 50.858571112068176 ], [ -0.387019645605304, 50.858571112078458 ], [ -0.387014435528324, 50.858571391982707 ], [ -0.387009114601578, 50.858571951780874 ], [ -0.387004126236218, 50.858572756485252 ], [ -0.38699947043218, 50.858573806095833 ], [ -0.386995147189412, 50.858575100612704 ], [ -0.38699115650787, 50.858576640035885 ], [ -0.386987498387526, 50.858578424365398 ], [ -0.386984172828356, 50.858580453601284 ], [ -0.386981179830351, 50.858582727743574 ], [ -0.386978519393509, 50.858585246792295 ], [ -0.386976246941592, 50.858587800826733 ], [ -0.386974362474658, 50.858590389846931 ], [ -0.386972865992766, 50.858593013852897 ], [ -0.38697175749598, 50.858595672844643 ], [ -0.38697103698436, 50.858598366822186 ], [ -0.386970704457976, 50.858601095785552 ], [ -0.386970759916894, 50.858603859734721 ], [ -0.386971203361185, 50.858606658669686 ], [ -0.386971702229375, 50.858609247684321 ], [ -0.386972256521473, 50.858611626778597 ], [ -0.386972866237476, 50.858613795952536 ], [ -0.386973531377387, 50.858615755206131 ], [ -0.386974251941203, 50.858617504539382 ], [ -0.386975027928924, 50.858619043952281 ], [ -0.386975859340541, 50.858620373444836 ], [ -0.386976746176051, 50.858621493017033 ], [ -0.386977965570601, 50.858622682561951 ], [ -0.386979517524224, 50.858623942079575 ], [ -0.386981402036951, 50.858625271569892 ], [ -0.386983619108822, 50.858626671032894 ], [ -0.386986168739879, 50.858628140468532 ], [ -0.386989050930161, 50.858629679876834 ], [ -0.386992265679718, 50.858631289257723 ], [ -0.386995812988599, 50.858632968611218 ], [ -0.386999360295159, 50.858634438044646 ], [ -0.387002907599354, 50.858635697557993 ], [ -0.387006454901129, 50.85863674715128 ], [ -0.387010002200442, 50.8586375868245 ], [ -0.387013549497242, 50.858638216577646 ], [ -0.387017096791482, 50.858638636410738 ], [ -0.387020644083114, 50.858638846323743 ], [ -0.387024191372089, 50.858638846316694 ], [ -0.387027794085147, 50.858638636389479 ], [ -0.38703145222224, 50.858638216542083 ], [ -0.387035165783313, 50.858637586774542 ], [ -0.387038934768316, 50.858636747086813 ], [ -0.387042759177193, 50.858635697478903 ], [ -0.38704663900989, 50.858634437950805 ], [ -0.387050574266346, 50.858632968502512 ] ] ] } },
{ "type": "Feature", "properties": { "fid": 35, "pit_id": 35, "mon_name": "Flint Mine Pit Group 6", "site": "Cissbury Ring", "mon_type": "Flint mine pit group", "nhle_id": null, "mon_uid": "MNA188908", "src_shot": "142557", "full_label": "Flint Mine Pit Group 6, Cissbury Ring", "area_m2": 58.08, "perim_m": 27.13, "diam_m": 8.6 }, "geometry": { "type": "Polygon", "coordinates": [ [ [ -0.386933514749223, 50.858719035882459 ], [ -0.386937505432814, 50.858717636409999 ], [ -0.386941218983176, 50.858716131978071 ], [ -0.386944655400307, 50.858714522586737 ], [ -0.386947814684213, 50.858712808235985 ], [ -0.386950696834901, 50.858710988925857 ], [ -0.386953301852386, 50.85870906465636 ], [ -0.386955629736681, 50.858707035427507 ], [ -0.386957680487808, 50.858704901239356 ], [ -0.386959454105791, 50.858702662091865 ], [ -0.386961006018098, 50.8587004229447 ], [ -0.386962336224758, 50.858698183797856 ], [ -0.386963444725806, 50.858695944651323 ], [ -0.386964331521275, 50.858693705505139 ], [ -0.386964996611194, 50.858691466359296 ], [ -0.386965439995596, 50.858689227213794 ], [ -0.386965661674514, 50.858686988068619 ], [ -0.386965661647982, 50.858684748923814 ], [ -0.386965439915773, 50.858682509779349 ], [ -0.386964996477922, 50.858680270635233 ], [ -0.386964331334459, 50.858678031491451 ], [ -0.386963444485419, 50.858675792348002 ], [ -0.386962335930833, 50.858673553204888 ], [ -0.386961005670733, 50.858671314062121 ], [ -0.386959453705153, 50.858669074919668 ], [ -0.386957680034124, 50.85866683577752 ], [ -0.38695579551156, 50.858664701595508 ], [ -0.386953800137461, 50.85866267237364 ], [ -0.386951693911833, 50.858660748111888 ], [ -0.386949476834672, 50.858658928810272 ], [ -0.386947148905979, 50.858657214468771 ], [ -0.386944710125751, 50.858655605087385 ], [ -0.386942160493981, 50.858654100666094 ], [ -0.386939500010666, 50.85865270120491 ], [ -0.386936562397103, 50.858651441691009 ], [ -0.38693334765329, 50.858650322124355 ], [ -0.386929855779219, 50.858649342504947 ], [ -0.386926086774876, 50.85864850283275 ], [ -0.386922040640244, 50.85864780310775 ], [ -0.386917717375297, 50.858647243329898 ], [ -0.38691311698001, 50.858646823499164 ], [ -0.386908239454347, 50.858646543615542 ], [ -0.386903417358229, 50.858646508638429 ], [ -0.386898650691579, 50.858646718567819 ], [ -0.386893939454321, 50.858647173403746 ], [ -0.386889283646381, 50.85864787314619 ], [ -0.386884683267689, 50.858648817795178 ], [ -0.386880138318173, 50.858650007350725 ], [ -0.386875648797766, 50.858651441812796 ], [ -0.386871214706401, 50.858653121181426 ], [ -0.38686722402642, 50.858654835535638 ], [ -0.386863676757861, 50.858656584875462 ], [ -0.386860572900767, 50.85865836920096 ], [ -0.386857912455179, 50.858660188512175 ], [ -0.386855695421146, 50.858662042809108 ], [ -0.386853921798713, 50.858663932091794 ], [ -0.386852591587931, 50.858665856360261 ], [ -0.386851704788849, 50.858667815614531 ], [ -0.386850817987243, 50.858669564948883 ], [ -0.386849931183123, 50.85867110436331 ], [ -0.386849044376501, 50.858672433857812 ], [ -0.38684815756739, 50.858673553432425 ], [ -0.386847270755803, 50.858674463087091 ], [ -0.386846383941753, 50.858675162821839 ], [ -0.38684549712525, 50.858675652636684 ], [ -0.386844610306309, 50.858675932531625 ], [ -0.38684388976942, 50.85867645733267 ], [ -0.386843335514577, 50.858677227039834 ], [ -0.38684294754178, 50.858678241653124 ], [ -0.386842725851032, 50.858679501172553 ], [ -0.386842670442345, 50.858681005598079 ], [ -0.386842781315731, 50.858682754929752 ], [ -0.386843058471212, 50.858684749167537 ], [ -0.386843501908814, 50.858686988311469 ], [ -0.386844056198734, 50.858689192468454 ], [ -0.386844721340992, 50.858691361638492 ], [ -0.386845497335598, 50.858693495821591 ], [ -0.386846384182568, 50.85869559501775 ], [ -0.386847381881915, 50.858697659226955 ], [ -0.386848490433652, 50.858699688449221 ], [ -0.38684970983779, 50.858701682684533 ], [ -0.386851040094341, 50.858703641932898 ], [ -0.386852481202831, 50.858705531207733 ], [ -0.386854033163265, 50.858707350509079 ], [ -0.386855695975649, 50.858709099836908 ], [ -0.386857469639991, 50.858710779191227 ], [ -0.386859354156293, 50.858712388572023 ], [ -0.386861349524559, 50.858713927979274 ], [ -0.38686345574479, 50.858715397413008 ], [ -0.386865672816988, 50.85871679687321 ], [ -0.386868333298674, 50.858718056386195 ], [ -0.386871437189857, 50.858719175951954 ], [ -0.386874984490544, 50.858720155570417 ], [ -0.386878975200732, 50.858720995241598 ], [ -0.386883409320409, 50.858721694965418 ], [ -0.386888286849559, 50.858722254741828 ], [ -0.386893607788153, 50.858722674570792 ], [ -0.386899372136155, 50.858722954452219 ], [ -0.386904914776335, 50.858723024414303 ], [ -0.386910235708614, 50.858722884457094 ], [ -0.386915334932922, 50.8587225345806 ], [ -0.386920212449192, 50.858721974784878 ], [ -0.386924868257367, 50.858721205069919 ], [ -0.386929302357393, 50.858720225435768 ], [ -0.386933514749223, 50.858719035882459 ] ] ] } },
{ "type": "Feature", "properties": { "fid": 36, "pit_id": 36, "mon_name": "Flint Mine Pit Group 6", "site": "Cissbury Ring", "mon_type": "Flint mine pit group", "nhle_id": null, "mon_uid": "MNA188908", "src_shot": "142557", "full_label": "Flint Mine Pit Group 6, Cissbury Ring", "area_m2": 31.59, "perim_m": 20.08, "diam_m": 6.34 }, "geometry": { "type": "Polygon", "coordinates": [ [ [ -0.386571686819727, 50.858340899761558 ], [ -0.386575677496511, 50.858338940487364 ], [ -0.386579224761206, 50.858336911240023 ], [ -0.386582328613852, 50.858334812019592 ], [ -0.386584989054492, 50.858332642826106 ], [ -0.386587206083179, 50.858330403659579 ], [ -0.386588979699964, 50.858328094520054 ], [ -0.386590309904906, 50.858325715407553 ], [ -0.386591196698066, 50.858323266322095 ], [ -0.386591640079511, 50.858320747263669 ], [ -0.38659169547603, 50.858318228205896 ], [ -0.386591362887688, 50.858315709148798 ], [ -0.386590642314548, 50.85831319009236 ], [ -0.386589533756672, 50.858310671036577 ], [ -0.386588037214126, 50.858308151981447 ], [ -0.386586152686971, 50.858305632926943 ], [ -0.386583880175275, 50.858303113873049 ], [ -0.386581219679098, 50.858300594819745 ], [ -0.386578337480794, 50.858298355662342 ], [ -0.386575233580346, 50.858296396400839 ], [ -0.386571907977724, 50.858294717035193 ], [ -0.386568360672895, 50.858293317565405 ], [ -0.386564591665817, 50.85829219799146 ], [ -0.386560600956434, 50.858291358313309 ], [ -0.386556388544691, 50.858290798530959 ], [ -0.386551954430518, 50.85829051864436 ], [ -0.386547797450462, 50.858290413691783 ], [ -0.386543917604473, 50.858290483673244 ], [ -0.386540314892507, 50.858290728588784 ], [ -0.386536989314527, 50.858291148438418 ], [ -0.386533940870501, 50.858291743222182 ], [ -0.386531169560408, 50.858292512940068 ], [ -0.386528675384226, 50.858293457592119 ], [ -0.386526458341945, 50.858294577178349 ], [ -0.386524352150713, 50.858295556816628 ], [ -0.386522356810557, 50.858296396506915 ], [ -0.3865204723215, 50.858297096249281 ], [ -0.386518698683565, 50.858297656043696 ], [ -0.386517035896772, 50.858298075890147 ], [ -0.38651548396114, 50.858298355788669 ], [ -0.386514042876683, 50.858298495739263 ], [ -0.386512712643417, 50.858298495741927 ], [ -0.386511382414368, 50.858298845613781 ], [ -0.386510052189508, 50.858299545354832 ], [ -0.386508721968803, 50.858300594965073 ], [ -0.386507391752225, 50.858301994444524 ], [ -0.386506061539744, 50.858303743793158 ], [ -0.386504731331326, 50.858305843010967 ], [ -0.386503401126941, 50.858308292098002 ], [ -0.386502070926557, 50.858311091054212 ], [ -0.386501239563335, 50.858313890009256 ], [ -0.386500907037365, 50.85831668896315 ], [ -0.386501073348737, 50.858319487915907 ], [ -0.38650173849754, 50.858322286867512 ], [ -0.386502902483867, 50.858325085817967 ], [ -0.386504565307809, 50.85832788476727 ], [ -0.386506726969455, 50.858330683715366 ], [ -0.386509387468896, 50.85833348266226 ], [ -0.3865118816861, 50.858336001714214 ], [ -0.386514209620993, 50.858338240871234 ], [ -0.386516371273511, 50.858340200133334 ], [ -0.386518366643592, 50.858341879500522 ], [ -0.386520195731184, 50.858343278972804 ], [ -0.386521858536239, 50.858344398550202 ], [ -0.386523355058714, 50.858345238232701 ], [ -0.386524685298574, 50.858345798020331 ], [ -0.386526292669556, 50.858346287833669 ], [ -0.386528177171662, 50.858346707672695 ], [ -0.386530338804891, 50.858347057537436 ], [ -0.386532777569239, 50.85834733742783 ], [ -0.386535493464703, 50.858347547343904 ], [ -0.386538486491273, 50.858347687285594 ], [ -0.386541756648939, 50.858347757252901 ], [ -0.386545303937689, 50.858347757245824 ], [ -0.386548906650159, 50.858347512330354 ], [ -0.386552564786291, 50.858347022506521 ], [ -0.386556278346025, 50.858346287774317 ], [ -0.3865600473293, 50.858345308133721 ], [ -0.386563871736053, 50.858344083584726 ], [ -0.386567751566218, 50.858342614127352 ], [ -0.386571686819727, 50.858340899761558 ] ] ] } },
{ "type": "Feature", "properties": { "fid": 37, "pit_id": 37, "mon_name": "Flint Mine Pit Group 6", "site": "Cissbury Ring", "mon_type": "Flint mine pit group", "nhle_id": null, "mon_uid": "MNA188908", "src_shot": "142557", "full_label": "Flint Mine Pit Group 6, Cissbury Ring", "area_m2": 64.74, "perim_m": 28.59, "diam_m": 9.08 }, "geometry": { "type": "Polygon", "coordinates": [ [ [ -0.386047574310642, 50.858289819913843 ], [ -0.386049791359559, 50.858289260118468 ], [ -0.386052008407305, 50.858288595362247 ], [ -0.386054225453867, 50.85828782564522 ], [ -0.386056442499226, 50.858286950967354 ], [ -0.386058659543369, 50.858285971328648 ], [ -0.386060876586281, 50.85828488672913 ], [ -0.386063093627945, 50.858283697168744 ], [ -0.386065310668348, 50.858282402647561 ], [ -0.386067527707474, 50.858281003165537 ], [ -0.386069689319018, 50.858279498722688 ], [ -0.386071795502967, 50.858277889319055 ], [ -0.386073846259318, 50.858276174954611 ], [ -0.38607584158806, 50.858274355629369 ], [ -0.386077781489184, 50.858272431343345 ], [ -0.386079665962687, 50.858270402096522 ], [ -0.38608149500856, 50.858268267888903 ], [ -0.386083268626798, 50.8582660287205 ], [ -0.38608482054019, 50.858263859526346 ], [ -0.386086150748773, 50.858261760306462 ], [ -0.386087259252582, 50.858259731060834 ], [ -0.386088146051653, 50.858257771789503 ], [ -0.386088811146018, 50.858255882492429 ], [ -0.386089254535707, 50.85825406316966 ], [ -0.386089476220747, 50.858252313821154 ], [ -0.386089476201167, 50.858250634446961 ], [ -0.386089309901534, 50.85824888509908 ], [ -0.386088977321874, 50.858247065777512 ], [ -0.386088478462202, 50.858245176482271 ], [ -0.386087813322544, 50.858243217213342 ], [ -0.386086981902922, 50.858241187970741 ], [ -0.386085984203362, 50.858239088754431 ], [ -0.386084820223892, 50.858236919564447 ], [ -0.386083489964539, 50.858234680400749 ], [ -0.386081993427226, 50.858232546198288 ], [ -0.386080330611963, 50.858230516957043 ], [ -0.386078501518764, 50.858228592677015 ], [ -0.386076506147637, 50.85822677335819 ], [ -0.386074344498588, 50.858225059000581 ], [ -0.386072016571621, 50.858223449604147 ], [ -0.386069522366738, 50.8582219451689 ], [ -0.386066861883941, 50.858220545694813 ], [ -0.386064090549205, 50.858219216194946 ], [ -0.386061208362531, 50.858217956669257 ], [ -0.386058215323913, 50.858216767117767 ], [ -0.386055111433348, 50.858215647540447 ], [ -0.386051896690829, 50.858214597937291 ], [ -0.386048571096349, 50.858213618308298 ], [ -0.386045134649901, 50.858212708653468 ], [ -0.386041587351476, 50.858211868972766 ], [ -0.38603809548118, 50.858211169239901 ], [ -0.386034659038978, 50.858210609454893 ], [ -0.386031278024836, 50.858210189617736 ], [ -0.386027952438723, 50.858209909728437 ], [ -0.386024682280606, 50.858209769786988 ], [ -0.386021467550457, 50.858209769793426 ], [ -0.386018308248246, 50.858209909747707 ], [ -0.386015204373945, 50.858210189649874 ], [ -0.386011934223136, 50.858210679474347 ], [ -0.386008497795767, 50.858211379221103 ], [ -0.386004895091789, 50.858212288890122 ], [ -0.38600112611114, 50.858213408481426 ], [ -0.385997190853757, 50.858214737994949 ], [ -0.385993089319573, 50.858216277430714 ], [ -0.385988821508515, 50.858218026788663 ], [ -0.385984387420505, 50.858219986068818 ], [ -0.385980341316595, 50.858221910361003 ], [ -0.385976683196843, 50.858223799665289 ], [ -0.385973413061302, 50.858225653981727 ], [ -0.385970530910026, 50.858227473310315 ], [ -0.385968036743068, 50.858229257651082 ], [ -0.385965930560478, 50.858231007004093 ], [ -0.385964212362302, 50.858232721369333 ], [ -0.385962882148589, 50.858234400746845 ], [ -0.385961773641963, 50.858236220071653 ], [ -0.385960886842438, 50.858238179343779 ], [ -0.385960221750036, 50.858240278563244 ], [ -0.385959778364777, 50.858242517730019 ], [ -0.385959556686692, 50.858244896844134 ], [ -0.385959556715812, 50.858247415905574 ], [ -0.385959778452171, 50.858250074914352 ], [ -0.385960221895809, 50.858252873870448 ], [ -0.385960776190955, 50.858255567865356 ], [ -0.38596144133762, 50.858258156899062 ], [ -0.385962217335824, 50.858260640971544 ], [ -0.385963104185577, 50.858263020082831 ], [ -0.38596410188689, 50.858265294232915 ], [ -0.385965210439773, 50.858267463421782 ], [ -0.385966429844237, 50.858269527649433 ], [ -0.385967760100286, 50.858271486915868 ], [ -0.385969312061009, 50.858273376207947 ], [ -0.385971085726424, 50.858275195525664 ], [ -0.385973081096552, 50.858276944869012 ], [ -0.385975298171408, 50.858278624237997 ], [ -0.385977736951007, 50.85828023363257 ], [ -0.385980397435362, 50.858281773052745 ], [ -0.385983279624483, 50.858283242498494 ], [ -0.385986383518379, 50.858284641969803 ], [ -0.385989764542637, 50.858285901492927 ], [ -0.385993422697251, 50.858287021067767 ], [ -0.385997357982208, 50.85828800069438 ], [ -0.386001570397492, 50.85828884037268 ], [ -0.386006059943079, 50.858289540102675 ], [ -0.386010826618941, 50.8582900998843 ], [ -0.386015870425049, 50.858290519717549 ], [ -0.386021191361364, 50.858290799602372 ], [ -0.386026124311854, 50.858290974527009 ], [ -0.386030669276478, 50.858291044491537 ], [ -0.386034826255205, 50.858291009496 ], [ -0.386038595248004, 50.858290869540426 ], [ -0.386041976254855, 50.85829062462485 ], [ -0.386044969275738, 50.858290274749322 ], [ -0.386047574310642, 50.858289819913843 ] ] ] } },
{ "type": "Feature", "properties": { "fid": 38, "pit_id": 38, "mon_name": "Flint Mine Pit Group 6", "site": "Cissbury Ring", "mon_type": "Flint mine pit group", "nhle_id": null, "mon_uid": "MNA188908", "src_shot": "142557", "full_label": "Flint Mine Pit Group 6, Cissbury Ring", "area_m2": 67.4, "perim_m": 30.15, "diam_m": 9.26 }, "geometry": { "type": "Polygon", "coordinates": [ [ [ -0.386046907758834, 50.858166665745458 ], [ -0.386046907752311, 50.858166105953039 ], [ -0.386047074025763, 50.85816561613435 ], [ -0.386047406579183, 50.858165196289377 ], [ -0.386047905412571, 50.858164846418141 ], [ -0.386048570525923, 50.858164566520614 ], [ -0.38604940191924, 50.858164356596809 ], [ -0.386050399592523, 50.85816421664672 ], [ -0.386051563545776, 50.858164146670354 ], [ -0.386052893779003, 50.858164146667683 ], [ -0.386054057732267, 50.858164076691281 ], [ -0.386055055405563, 50.858163936741143 ], [ -0.386055886798889, 50.858163726817267 ], [ -0.386056551912241, 50.858163446919683 ], [ -0.386057050745622, 50.858163097048362 ], [ -0.386057383299031, 50.858162677203332 ], [ -0.386057549572472, 50.858162187384565 ], [ -0.386057549565948, 50.858161627592096 ], [ -0.386058103822193, 50.858160962837481 ], [ -0.386059212341178, 50.858160193120703 ], [ -0.386060875122869, 50.858159318441764 ], [ -0.386063092167222, 50.858158338800614 ], [ -0.386065863474189, 50.858157254197252 ], [ -0.386069189043712, 50.858156064631636 ], [ -0.386073068875726, 50.858154770103681 ], [ -0.386077502970159, 50.858153370613365 ], [ -0.386081770781963, 50.858151656239777 ], [ -0.386085872311065, 50.858149626982957 ], [ -0.386089807557404, 50.858147282842886 ], [ -0.386093576520924, 50.858144623819612 ], [ -0.386097179201573, 50.858141649913115 ], [ -0.386100615599308, 50.858138361123444 ], [ -0.386103885714095, 50.8581347574506 ], [ -0.386106989545899, 50.858130838894589 ], [ -0.386109317406384, 50.858126815378476 ], [ -0.386110869295731, 50.85812268690232 ], [ -0.386111645214137, 50.858118453466133 ], [ -0.386111645161809, 50.858114115069945 ], [ -0.386110869138963, 50.85810967171377 ], [ -0.386109317145829, 50.858105123397564 ], [ -0.386106989182646, 50.858100470121322 ], [ -0.386103885249664, 50.858095711884992 ], [ -0.386100282485985, 50.858091513443092 ], [ -0.386096180891618, 50.858087874795586 ], [ -0.386091580466536, 50.858084795942432 ], [ -0.386086481210677, 50.858082276883536 ], [ -0.386080883123938, 50.858080317618871 ], [ -0.386074786206184, 50.858078918148344 ], [ -0.386068190457242, 50.858078078471856 ], [ -0.386061095876904, 50.858077798589363 ], [ -0.386054888120028, 50.858077623666013 ], [ -0.386049567186562, 50.858077553701946 ], [ -0.386045133076461, 50.858077588697277 ], [ -0.386041585789696, 50.858077728652106 ], [ -0.386038925326248, 50.85807797356653 ], [ -0.386037151686112, 50.858078323440608 ], [ -0.386036264869293, 50.858078778274368 ], [ -0.386036264875814, 50.858079338067839 ], [ -0.386035433492494, 50.858080352695147 ], [ -0.386033770719258, 50.858081822156294 ], [ -0.386031276555972, 50.858083746451214 ], [ -0.386027951002464, 50.858086125579852 ], [ -0.386023794058504, 50.858088959542165 ], [ -0.386018805723818, 50.858092248338053 ], [ -0.386012985998082, 50.858095991967375 ], [ -0.386006334880922, 50.858100190430029 ], [ -0.386000459732398, 50.858104388890432 ], [ -0.385995360552717, 50.858108587348717 ], [ -0.385991037342089, 50.858112785804984 ], [ -0.385987490100723, 50.858116984259311 ], [ -0.385984718828828, 50.858121182711777 ], [ -0.385982723526616, 50.858125381162431 ], [ -0.385981504194293, 50.858129579611337 ], [ -0.385981060832075, 50.858133778058509 ], [ -0.385980894596339, 50.858137521673427 ], [ -0.385981005487162, 50.858140810456064 ], [ -0.385981393504602, 50.858143644406461 ], [ -0.385982058648698, 50.858146023524611 ], [ -0.385983000919479, 50.858147947810487 ], [ -0.38598422031695, 50.858149417264102 ], [ -0.385985716841105, 50.858150431885434 ], [ -0.385987490491916, 50.858150991674485 ], [ -0.385989264144302, 50.858151691411649 ], [ -0.385991037798278, 50.85815253109692 ], [ -0.38599281145386, 50.858153510730311 ], [ -0.385994585111064, 50.858154630311802 ], [ -0.385996358769906, 50.85815588984142 ], [ -0.3859981324304, 50.858157289319145 ], [ -0.385999906092564, 50.858158828744976 ], [ -0.386001679756413, 50.858160508118928 ], [ -0.38600384140293, 50.858162012557038 ], [ -0.386006391032128, 50.858163342059292 ], [ -0.386009328644013, 50.858164496625655 ], [ -0.386012654238581, 50.858165476256119 ], [ -0.386016367815823, 50.858166280950613 ], [ -0.386020469375714, 50.858166910709137 ], [ -0.386024958918227, 50.858167365531635 ], [ -0.386029836443323, 50.858167645418064 ], [ -0.386034104277038, 50.858167820344462 ], [ -0.386037762419335, 50.858167890310902 ], [ -0.386040810870185, 50.858167855317447 ], [ -0.386043249629568, 50.858167715364154 ], [ -0.386045078697471, 50.858167470451029 ], [ -0.386046298073891, 50.858167120578138 ], [ -0.386046907758834, 50.858166665745458 ] ] ] } },
{ "type": "Feature", "properties": { "fid": 39, "pit_id": 39, "mon_name": "Flint Mine Pit Group 6", "site": "Cissbury Ring", "mon_type": "Flint mine pit group", "nhle_id": null, "mon_uid": "MNA188908", "src_shot": "142557", "full_label": "Flint Mine Pit Group 6, Cissbury Ring", "area_m2": 124.7, "perim_m": 39.96, "diam_m": 12.6 }, "geometry": { "type": "Polygon", "coordinates": [ [ [ -0.386285024316125, 50.858577271204311 ], [ -0.386291232045542, 50.858575032041934 ], [ -0.386296719232716, 50.858572897840808 ], [ -0.386301485877784, 50.858570868601063 ], [ -0.38630553198087, 50.858568944322791 ], [ -0.386308857542092, 50.858567125006047 ], [ -0.386311462561553, 50.858565410650918 ], [ -0.386313347039354, 50.858563801257425 ], [ -0.386314510975579, 50.858562296825625 ], [ -0.38631495437031, 50.858560897355538 ], [ -0.386315453193462, 50.858559672818998 ], [ -0.38631600744504, 50.858558623215991 ], [ -0.386316617125045, 50.858557748546524 ], [ -0.386317282233482, 50.858557048810603 ], [ -0.386318002770354, 50.858556524008222 ], [ -0.386318778735671, 50.85855617413938 ], [ -0.386319610129438, 50.858555999204086 ], [ -0.386320496951666, 50.858555999202309 ], [ -0.386321328346289, 50.858555894240439 ], [ -0.386322104313301, 50.858555684318468 ], [ -0.386322824852699, 50.858555369436381 ], [ -0.386323489964477, 50.858554949594215 ], [ -0.386324099648634, 50.858554424791933 ], [ -0.386324653905166, 50.858553795029565 ], [ -0.386325152734074, 50.858553060307095 ], [ -0.386325596135354, 50.858552220624532 ], [ -0.386326039532576, 50.85855103107442 ], [ -0.386326482925728, 50.858549491656767 ], [ -0.386326926314799, 50.858547602371566 ], [ -0.386327369699778, 50.85854536321883 ], [ -0.386327813080654, 50.858542774198547 ], [ -0.386328256457417, 50.858539835310729 ], [ -0.386328699830053, 50.858536546555342 ], [ -0.386329143198553, 50.858532907932428 ], [ -0.38632936486298, 50.858529409256796 ], [ -0.386329364823386, 50.858526050528432 ], [ -0.38632914307982, 50.858522831747372 ], [ -0.386328699632328, 50.858519752913566 ], [ -0.386328034480952, 50.858516814027034 ], [ -0.386327147625727, 50.858514015087799 ], [ -0.386326039066688, 50.858511356095832 ], [ -0.38632470880386, 50.858508837051133 ], [ -0.38632326769032, 50.858506492940471 ], [ -0.386321715726067, 50.858504323763839 ], [ -0.3863200529111, 50.858502329521222 ], [ -0.386318279245415, 50.85850051021265 ], [ -0.386316394729006, 50.858498865838094 ], [ -0.386314399361863, 50.858497396397553 ], [ -0.386312293143974, 50.858496101891014 ], [ -0.386310076075329, 50.858494982318483 ], [ -0.386308136139524, 50.858493932718922 ], [ -0.386306473336532, 50.858492953092323 ], [ -0.386305087666329, 50.858492043438716 ], [ -0.38630397912889, 50.85849120375812 ], [ -0.386303147724198, 50.858490434050516 ], [ -0.386302593452233, 50.858489734315924 ], [ -0.386302316312981, 50.858489104554351 ], [ -0.386302316306427, 50.858488544765805 ], [ -0.386301651181365, 50.858487845031512 ], [ -0.386300320937829, 50.858487005351471 ], [ -0.386298325575868, 50.858486025725668 ], [ -0.386295665095544, 50.858484906154054 ], [ -0.386292339496928, 50.858483646636607 ], [ -0.386288348780107, 50.858482247173242 ], [ -0.386283692945178, 50.858480707763924 ], [ -0.386278371992252, 50.858479028408532 ], [ -0.386273383599964, 50.858477523986316 ], [ -0.386268727768225, 50.858476194497314 ], [ -0.386264404496952, 50.858475039941538 ], [ -0.38626041378607, 50.858474060319047 ], [ -0.386256755635515, 50.858473255629875 ], [ -0.386253430045225, 50.858472625874036 ], [ -0.38625043701515, 50.858472171051567 ], [ -0.386247776545242, 50.858471891162502 ], [ -0.386244450962321, 50.85847189116938 ], [ -0.386240460266329, 50.858472171072151 ], [ -0.386235804457177, 50.858472730870758 ], [ -0.386230483534763, 50.858473570565103 ], [ -0.386224497498954, 50.858474690155091 ], [ -0.386217846349595, 50.858476089640632 ], [ -0.386210530086508, 50.858477769021604 ], [ -0.386202548709489, 50.858479728297894 ], [ -0.38619517702469, 50.85848186250638 ], [ -0.386188415032108, 50.858484171647191 ], [ -0.386182262731755, 50.858486655720455 ], [ -0.386176720123657, 50.858489314726256 ], [ -0.386171787207853, 50.858492148664666 ], [ -0.386167463984394, 50.858495157535778 ], [ -0.386163750453353, 50.858498341339654 ], [ -0.386160646614807, 50.858501700076346 ], [ -0.386157930760686, 50.858505058811964 ], [ -0.386155602891073, 50.858508417546524 ], [ -0.386153663006053, 50.858511776280039 ], [ -0.386152111105708, 50.858515135012546 ], [ -0.386150947190124, 50.858518493744057 ], [ -0.386150171259385, 50.858521852474588 ], [ -0.386149783313575, 50.858525211204118 ], [ -0.386149783352778, 50.858528569932702 ], [ -0.386149894243061, 50.858531788713904 ], [ -0.386150115984446, 50.858534867547718 ], [ -0.386150448576953, 50.858537806434164 ], [ -0.386150892020602, 50.858540605373229 ], [ -0.386151446315409, 50.858543264364918 ], [ -0.386152111461391, 50.858545783409227 ], [ -0.386152887458557, 50.858548162506146 ], [ -0.386153774306922, 50.858550401655691 ], [ -0.386154661152071, 50.858552360911325 ], [ -0.386155547993994, 50.858554040273042 ], [ -0.386156434832674, 50.858555439740833 ], [ -0.386157321668093, 50.858556559314735 ], [ -0.38615820850024, 50.858557398994719 ], [ -0.386159095329096, 50.858557958780764 ], [ -0.386159982154646, 50.858558238672913 ], [ -0.386160868976873, 50.858558238671158 ], [ -0.386161922081024, 50.858558483576161 ], [ -0.386163141467119, 50.858558973387943 ], [ -0.386164527135182, 50.85855970810649 ], [ -0.386166079085241, 50.858560687731796 ], [ -0.386167797317333, 50.858561912263866 ], [ -0.386169681831497, 50.858563381702666 ], [ -0.38617173262778, 50.858565096048217 ], [ -0.386173949706232, 50.85856705530049 ], [ -0.386176443915752, 50.858568944578785 ], [ -0.386179215256363, 50.858570763883087 ], [ -0.386182263728087, 50.858572513213367 ], [ -0.386185589330939, 50.85857419256962 ], [ -0.38618919206494, 50.858575801951801 ], [ -0.3861930719301, 50.85857734135989 ], [ -0.38619722892643, 50.858578810793873 ], [ -0.38620166305394, 50.858580210253706 ], [ -0.386206263458735, 50.858581434779701 ], [ -0.386211030140778, 50.858582484371837 ], [ -0.386215963100026, 50.858583359030092 ], [ -0.386221062336436, 50.85858405875446 ], [ -0.386226327849955, 50.858584583544896 ], [ -0.386231759640531, 50.858584933401382 ], [ -0.386237357708107, 50.858585108323901 ], [ -0.386243122052624, 50.858585108312425 ], [ -0.386248941820639, 50.858584828407103 ], [ -0.386254817012048, 50.85858426860797 ], [ -0.386260747626743, 50.858583428914976 ], [ -0.386266733664611, 50.858582309328128 ], [ -0.386272775125542, 50.858580909847404 ], [ -0.386278872009419, 50.858579230472806 ], [ -0.386285024316125, 50.858577271204311 ] ] ] } },
{ "type": "Feature", "properties": { "fid": 40, "pit_id": 40, "mon_name": "Flint Mine Pit Group 6", "site": "Cissbury Ring", "mon_type": "Flint mine pit group", "nhle_id": null, "mon_uid": "MNA188908", "src_shot": "142557", "full_label": "Flint Mine Pit Group 6, Cissbury Ring", "area_m2": 80.21, "perim_m": 32.15, "diam_m": 10.11 }, "geometry": { "type": "Polygon", "coordinates": [ [ [ -0.385993037142198, 50.858495402792784 ], [ -0.385997914641579, 50.858493443523365 ], [ -0.386002348729658, 50.858491484254607 ], [ -0.386006339406488, 50.858489524986553 ], [ -0.386009886672125, 50.858487565719273 ], [ -0.386012990526625, 50.858485606452781 ], [ -0.386015650970042, 50.858483647187114 ], [ -0.386017868002434, 50.858481687922307 ], [ -0.386019641623853, 50.858479728658402 ], [ -0.386020971834359, 50.858477769395385 ], [ -0.386022135764412, 50.858475705172197 ], [ -0.386023133414027, 50.858473535988793 ], [ -0.386023964783221, 50.85847126184521 ], [ -0.38602462987201, 50.858468882741441 ], [ -0.386025128680418, 50.858466398677471 ], [ -0.386025461208466, 50.858463809653344 ], [ -0.386025627456179, 50.858461115669016 ], [ -0.386025627423587, 50.858458316724516 ], [ -0.386025516539796, 50.85845565772739 ], [ -0.386025294804828, 50.858453138677625 ], [ -0.386024962218697, 50.858450759575234 ], [ -0.386024518781419, 50.858448520420197 ], [ -0.386023964493007, 50.858446421212534 ], [ -0.386023299353471, 50.858444461952239 ], [ -0.38602252336282, 50.858442642639304 ], [ -0.38602163652106, 50.858440963273722 ], [ -0.386020694253725, 50.85843935388187 ], [ -0.386019696560817, 50.858437814463734 ], [ -0.386018643442337, 50.858436345019321 ], [ -0.386017534898286, 50.858434945548623 ], [ -0.386016370928665, 50.858433616051649 ], [ -0.386015151533471, 50.85843235652839 ], [ -0.386013876712705, 50.858431166978832 ], [ -0.386012546466367, 50.858430047402976 ], [ -0.38601127164809, 50.858429067774324 ], [ -0.386010052257862, 50.858428228092869 ], [ -0.386008888295667, 50.858427528358618 ], [ -0.386007779761492, 50.858426968571571 ], [ -0.386006726655326, 50.858426548731721 ], [ -0.386005728977157, 50.858426268839089 ], [ -0.386004786726976, 50.858426128893655 ], [ -0.386003899904775, 50.858426128895424 ], [ -0.38600312393453, 50.8584260589233 ], [ -0.386002458816245, 50.858425918977289 ], [ -0.386001904549924, 50.858425709057379 ], [ -0.386001461135565, 50.858425429163589 ], [ -0.38600112857317, 50.858425079295912 ], [ -0.386000906862737, 50.85842465945435 ], [ -0.386000796004264, 50.858424169638909 ], [ -0.386000795997748, 50.858423609849567 ], [ -0.386000574286489, 50.858423120034374 ], [ -0.386000130870493, 50.858422700193287 ], [ -0.385999465749764, 50.858422350326315 ], [ -0.385998578924304, 50.858422070433463 ], [ -0.385997470394113, 50.85842186051471 ], [ -0.385996140159188, 50.858421720570085 ], [ -0.385994588219528, 50.858421650599524 ], [ -0.385992814575126, 50.85842165060307 ], [ -0.385990874649845, 50.85842151065961 ], [ -0.385988768443703, 50.858421230769181 ], [ -0.385986495956725, 50.85842081093174 ], [ -0.385984057188934, 50.858420251147272 ], [ -0.385981452140359, 50.858419551415778 ], [ -0.385978680811033, 50.858418711737272 ], [ -0.385975743200987, 50.85841773211169 ], [ -0.385972639310261, 50.858416612539081 ], [ -0.385969258289749, 50.858415667901298 ], [ -0.385965600139429, 50.85841489819834 ], [ -0.385961664859276, 50.858414303430187 ], [ -0.385957452449256, 50.858413883596782 ], [ -0.38595296290933, 50.858413638698124 ], [ -0.385948196239453, 50.858413568734171 ], [ -0.38594315243957, 50.858413673704874 ], [ -0.385937831509627, 50.858413953610224 ], [ -0.385932843139721, 50.858414373462111 ], [ -0.385928187329816, 50.858414933260583 ], [ -0.385923864079881, 50.858415633005706 ], [ -0.38591987338989, 50.858416472697463 ], [ -0.385916215259825, 50.858417452335928 ], [ -0.385912889689673, 50.858418571921121 ], [ -0.385909896679427, 50.858419831453077 ], [ -0.385907236229085, 50.858421230931803 ], [ -0.385904797484641, 50.858422665396823 ], [ -0.385902580446108, 50.858424134848185 ], [ -0.385900585113503, 50.858425639285819 ], [ -0.385898811486843, 50.858427178709832 ], [ -0.385897259566143, 50.85842875312018 ], [ -0.385895929351426, 50.85843036251687 ], [ -0.385894820842708, 50.858432006899946 ], [ -0.385893934040014, 50.858433686269365 ], [ -0.385893047235249, 50.858435190704661 ], [ -0.385892160428428, 50.858436520205821 ], [ -0.385891273619558, 50.858437674772837 ], [ -0.385890386808651, 50.85843865440571 ], [ -0.385889499995716, 50.85843945910446 ], [ -0.385888613180766, 50.858440088869067 ], [ -0.385887726363809, 50.85844054369953 ], [ -0.385886839544854, 50.858440823595863 ], [ -0.385886119011953, 50.858441698267505 ], [ -0.385885564765085, 50.858443167714505 ], [ -0.385885176804243, 50.858445231936805 ], [ -0.385884955129433, 50.858447890934443 ], [ -0.385884899740673, 50.858451144707416 ], [ -0.385885010637993, 50.858454993255705 ], [ -0.385885287821435, 50.858459436579324 ], [ -0.385885731291054, 50.858464474678279 ], [ -0.385886396461257, 50.858469092935024 ], [ -0.385887283332097, 50.858473291349583 ], [ -0.385888391903613, 50.858477069921925 ], [ -0.385889722175828, 50.858480428652065 ], [ -0.385891274148762, 50.858483367539996 ], [ -0.385893047822413, 50.858485886585704 ], [ -0.385895043196772, 50.858487985789168 ], [ -0.385897260271817, 50.858489665150394 ], [ -0.38589953277207, 50.858491239551142 ], [ -0.385901860697521, 50.858492708991434 ], [ -0.385904244048162, 50.858494073471221 ], [ -0.385906682823983, 50.858495332990536 ], [ -0.385909177024969, 50.858496487549353 ], [ -0.385911726651109, 50.858497537147677 ], [ -0.385914331702388, 50.858498481785531 ], [ -0.385916992178796, 50.858499321462865 ], [ -0.385920096065129, 50.858500056179146 ], [ -0.385923643361391, 50.858500685934338 ], [ -0.385927634067576, 50.858501210728413 ], [ -0.385932068183672, 50.858501630561292 ], [ -0.385936945709665, 50.858501945432955 ], [ -0.38594226664553, 50.858502155343338 ], [ -0.385948030991239, 50.858502260292376 ], [ -0.385954238746758, 50.858502260279991 ], [ -0.385960280220551, 50.858502015360408 ], [ -0.385966155412525, 50.858501525533633 ], [ -0.385971864322593, 50.858500790799695 ], [ -0.385977406950671, 50.858499811158616 ], [ -0.385982783296678, 50.858498586610438 ], [ -0.385987993360542, 50.858497117155153 ], [ -0.385993037142198, 50.858495402792784 ] ] ] } },
{ "type": "Feature", "properties": { "fid": 41, "pit_id": 41, "mon_name": "Flint Mine Pit Group 6", "site": "Cissbury Ring", "mon_type": "Flint mine pit group", "nhle_id": null, "mon_uid": "MNA188908", "src_shot": "142557", "full_label": "Flint Mine Pit Group 6, Cissbury Ring", "area_m2": 32.24, "perim_m": 20.27, "diam_m": 6.41 }, "geometry": { "type": "Polygon", "coordinates": [ [ [ -0.386382129398156, 50.858411013827229 ], [ -0.386385676673828, 50.858409894241142 ], [ -0.386388891390693, 50.858408739668782 ], [ -0.38639177354877, 50.858407550110137 ], [ -0.386394323148076, 50.858406325565248 ], [ -0.386396540188632, 50.858405066034152 ], [ -0.386398424670458, 50.858403771516841 ], [ -0.386399976593579, 50.858402442013357 ], [ -0.386401195958019, 50.858401077523688 ], [ -0.386402082763804, 50.858399678047888 ], [ -0.386402858715146, 50.858398138624779 ], [ -0.38640352381205, 50.858396459254365 ], [ -0.386404078054519, 50.858394639936662 ], [ -0.386404521442563, 50.858392680671678 ], [ -0.38640485397619, 50.858390581459403 ], [ -0.386405075655413, 50.858388342299833 ], [ -0.386405186480244, 50.858385963192987 ], [ -0.386405186450702, 50.858383444138852 ], [ -0.386404964716745, 50.858381030045692 ], [ -0.386404521278408, 50.858378720913485 ], [ -0.386403856135723, 50.858376516742261 ], [ -0.386402969288717, 50.858374417531998 ], [ -0.386401860737415, 50.858372423282674 ], [ -0.386400530481836, 50.858370533994311 ], [ -0.386398978522002, 50.858368749666894 ], [ -0.386397204857927, 50.85836707030041 ], [ -0.386394987784367, 50.858365530882423 ], [ -0.386392327301347, 50.858364131412912 ], [ -0.386389223408886, 50.858362871891849 ], [ -0.38638567610699, 50.858361752319176 ], [ -0.386381685395663, 50.858360772694894 ], [ -0.386377251274896, 50.858359933018939 ], [ -0.386372373744676, 50.858359233291218 ], [ -0.38636705280498, 50.858358673511745 ], [ -0.38636195357395, 50.85835835863989 ], [ -0.386357076051505, 50.858358288675696 ], [ -0.386352420237562, 50.85835846361919 ], [ -0.386347986132051, 50.85835888347038 ], [ -0.386343773734906, 50.858359548229323 ], [ -0.386339783046068, 50.858360457896019 ], [ -0.386336014065488, 50.858361612470482 ], [ -0.386332466793119, 50.858363011952768 ], [ -0.386329252081923, 50.858364656342296 ], [ -0.386326369931884, 50.8583665456391 ], [ -0.386323820342995, 50.858368679843167 ], [ -0.386321603315258, 50.858371058954589 ], [ -0.386319718848692, 50.858373682973344 ], [ -0.386318166943318, 50.85837655189944 ], [ -0.386316947599175, 50.858379665732897 ], [ -0.386316060816307, 50.85838302447376 ], [ -0.386315451161127, 50.858386033345376 ], [ -0.3863151186337, 50.858388692347759 ], [ -0.386315063234086, 50.858391001480911 ], [ -0.386315284962328, 50.858392960744851 ], [ -0.386315783818456, 50.858394570139552 ], [ -0.38631655980249, 50.858395829665028 ], [ -0.386317612914436, 50.858396739321272 ], [ -0.386318943154286, 50.858397299108269 ], [ -0.386320162542184, 50.858397928869181 ], [ -0.386321271078133, 50.858398628603979 ], [ -0.386322268762132, 50.858399398312692 ], [ -0.386323155594178, 50.858400237995312 ], [ -0.386323931574272, 50.858401147651826 ], [ -0.386324596702408, 50.858402127282275 ], [ -0.386325150978584, 50.858403176886625 ], [ -0.386325594402795, 50.858404296464897 ], [ -0.386326314958478, 50.858405381055789 ], [ -0.386327312645652, 50.858406430659272 ], [ -0.386328587464336, 50.858407445275354 ], [ -0.386330139414542, 50.858408424904049 ], [ -0.386331968496287, 50.858409369545306 ], [ -0.386334074709584, 50.858410279199113 ], [ -0.386336458054443, 50.858411153865504 ], [ -0.386339118530877, 50.858411993544415 ], [ -0.386341779006144, 50.858412728262799 ], [ -0.386344439480229, 50.858413358020655 ], [ -0.38634709995311, 50.858413882817992 ], [ -0.386349760424772, 50.858414302654772 ], [ -0.386352420895195, 50.858414617531061 ], [ -0.386355081364362, 50.858414827446801 ], [ -0.386357741832255, 50.858414932402027 ], [ -0.386360402298856, 50.858414932396705 ], [ -0.386363173616695, 50.858414792443838 ], [ -0.386366055785747, 50.858414512543384 ], [ -0.386369048805985, 50.858414092695355 ], [ -0.386372152677379, 50.858413532899725 ], [ -0.386375367399894, 50.858412833156514 ], [ -0.386378692973499, 50.858411993465673 ], [ -0.386382129398156, 50.858411013827229 ] ] ] } },
{ "type": "Feature", "properties": { "fid": 42, "pit_id": 42, "mon_name": "Flint Mine Pit Group 7", "site": "Cissbury Ring", "mon_type": "Flint mine pit group", "nhle_id": null, "mon_uid": "MNA188927", "src_shot": "142646", "full_label": "Flint Mine Pit Group 7, Cissbury Ring", "area_m2": 21.37, "perim_m": 16.48, "diam_m": 5.22 }, "geometry": { "type": "Polygon", "coordinates": [ [ [ -0.385032164949499, 50.858467275329232 ], [ -0.38503615563025, 50.858465595954875 ], [ -0.385039647472535, 50.858463846607712 ], [ -0.385042640476397, 50.858462027287771 ], [ -0.385045134641878, 50.858460137995102 ], [ -0.385047129969025, 50.858458178729741 ], [ -0.385048626457895, 50.858456149491701 ], [ -0.385049624108544, 50.858454050281011 ], [ -0.385050122921036, 50.858451881097672 ], [ -0.385050122895439, 50.858449641941725 ], [ -0.385050067445437, 50.858447577719915 ], [ -0.385049956571037, 50.858445688432241 ], [ -0.385049790272247, 50.85844397407871 ], [ -0.385049568549071, 50.858442434659317 ], [ -0.38504929140151, 50.858441070174081 ], [ -0.385048958829571, 50.858439880622974 ], [ -0.385048570833251, 50.858438866006011 ], [ -0.385048127412549, 50.858438026323199 ], [ -0.385047406859024, 50.858437116667275 ], [ -0.385046409172696, 50.858436137038275 ], [ -0.385045134353584, 50.85843508743617 ], [ -0.385043582401714, 50.858433967860933 ], [ -0.385041753317114, 50.85843277831259 ], [ -0.385039647099814, 50.858431518791107 ], [ -0.385037263749846, 50.85843018929647 ], [ -0.385034603267245, 50.858428789828672 ], [ -0.385031998213141, 50.858427565294882 ], [ -0.3850294485875, 50.858426515695115 ], [ -0.385026954390289, 50.858425641029378 ], [ -0.385024515621477, 50.858424941297663 ], [ -0.385022132281035, 50.858424416499986 ], [ -0.385019804368933, 50.858424066636324 ], [ -0.385017531885144, 50.858423891706707 ], [ -0.385015314829641, 50.858423891711134 ], [ -0.3850129314971, 50.858424066650066 ], [ -0.385010381887491, 50.858424416523505 ], [ -0.385007666000783, 50.858424941331442 ], [ -0.385004783836939, 50.858425641073836 ], [ -0.385001735395918, 50.858426515750715 ], [ -0.384998520677677, 50.858427565362035 ], [ -0.384995139682168, 50.858428789907791 ], [ -0.384991592409341, 50.858430189387981 ], [ -0.384988433123151, 50.85843176380132 ], [ -0.384985661823603, 50.858433513147837 ], [ -0.384983278510708, 50.858435437427573 ], [ -0.384981283184485, 50.858437536640565 ], [ -0.384979675844964, 50.858439810786791 ], [ -0.384978456492184, 50.858442259866301 ], [ -0.384977625126192, 50.858444883879102 ], [ -0.384977181747041, 50.858447682825187 ], [ -0.384976904644577, 50.858450271849996 ], [ -0.384976793818831, 50.858452650953552 ], [ -0.384976849269832, 50.858454820135833 ], [ -0.384977070997601, 50.858456779396853 ], [ -0.38497745900216, 50.858458528736605 ], [ -0.384978013283521, 50.85846006815509 ], [ -0.384978733841693, 50.858461397652292 ], [ -0.384979620676683, 50.85846251722824 ], [ -0.384980950922292, 50.858463601816553 ], [ -0.38498272457855, 50.858464651417243 ], [ -0.384984941645483, 50.85846566603027 ], [ -0.384987602123114, 50.858466645655639 ], [ -0.384990706011469, 50.858467590293294 ], [ -0.384994253310568, 50.858468499943193 ], [ -0.384998244020429, 50.858469374605328 ], [ -0.385002678141068, 50.858470214279635 ], [ -0.385007056832028, 50.858470739072821 ], [ -0.385011380093213, 50.85847094898493 ], [ -0.385015647924536, 50.858470844015947 ], [ -0.38501986032591, 50.858470424165894 ], [ -0.38502401729725, 50.858469689434742 ], [ -0.385028118838473, 50.858468639822526 ], [ -0.385032164949499, 50.858467275329232 ] ] ] } },
{ "type": "Feature", "properties": { "fid": 43, "pit_id": 43, "mon_name": "Flint Mine Pit Group 7", "site": "Cissbury Ring", "mon_type": "Flint mine pit group", "nhle_id": null, "mon_uid": "MNA188927", "src_shot": "142646", "full_label": "Flint Mine Pit Group 7, Cissbury Ring", "area_m2": 33.97, "perim_m": 20.78, "diam_m": 6.58 }, "geometry": { "type": "Polygon", "coordinates": [ [ [ -0.385565807961406, 50.85827218746077 ], [ -0.38557024205934, 50.858271067869602 ], [ -0.385574399022603, 50.858269703370127 ], [ -0.38557827885115, 50.85826809396238 ], [ -0.385581881544949, 50.858266239646404 ], [ -0.385585207103978, 50.858264140422193 ], [ -0.385588255528215, 50.858261796289788 ], [ -0.385591026817654, 50.858259207249205 ], [ -0.385593520972297, 50.858256373300485 ], [ -0.385595737992153, 50.858253294443614 ], [ -0.385597400748183, 50.858250250574606 ], [ -0.385598509240497, 50.858247241693491 ], [ -0.385599063469205, 50.858244267800266 ], [ -0.385599063434417, 50.858241328894955 ], [ -0.385598509136237, 50.858238424977564 ], [ -0.38559740057477, 50.858235556048079 ], [ -0.385595737750115, 50.858232722106479 ], [ -0.385593520662374, 50.858229923152749 ], [ -0.385591137298377, 50.858227369108192 ], [ -0.385588587658115, 50.858225059972817 ], [ -0.385585871741574, 50.858222995746601 ], [ -0.385582989548735, 50.858221176429538 ], [ -0.385579941079571, 50.858219602021606 ], [ -0.385576726334054, 50.858218272522784 ], [ -0.385573345312144, 50.8582171879331 ], [ -0.385569798013803, 50.85821634825249 ], [ -0.38556619529124, 50.858215683506948 ], [ -0.385562537144415, 50.858215193696488 ], [ -0.385558823573291, 50.858214878821087 ], [ -0.385555054577824, 50.858214738880726 ], [ -0.385551230157974, 50.858214773875432 ], [ -0.385547350313698, 50.858214983805176 ], [ -0.38554341504495, 50.858215368669946 ], [ -0.385539424351687, 50.858215928469754 ], [ -0.385535599940547, 50.858216733178018 ], [ -0.385531941811483, 50.858217782794767 ], [ -0.385528449964445, 50.858219077319987 ], [ -0.385525124399391, 50.858220616753705 ], [ -0.385521965116284, 50.858222401095951 ], [ -0.385518972115093, 50.858224430346702 ], [ -0.38551614539579, 50.858226704506002 ], [ -0.385513484958354, 50.858229223573872 ], [ -0.3855112125058, 50.858231777627708 ], [ -0.385509328038187, 50.858234366667553 ], [ -0.385507831555575, 50.858236990693442 ], [ -0.385506723058025, 50.858239649705361 ], [ -0.385506002545602, 50.858242343703346 ], [ -0.385505670018373, 50.858245072687417 ], [ -0.385505725476404, 50.858247836657533 ], [ -0.385506168919765, 50.858250635613729 ], [ -0.3855066677855, 50.858253084700181 ], [ -0.385507222073609, 50.858255183916889 ], [ -0.385507831784085, 50.858256933263846 ], [ -0.385508496916925, 50.858258332741066 ], [ -0.385509217472119, 50.858259382348535 ], [ -0.385509993449653, 50.858260082086268 ], [ -0.385510824849514, 50.858260431954236 ], [ -0.385511711671683, 50.858260431952459 ], [ -0.38551259849544, 50.858260571898491 ], [ -0.38551348532079, 50.858260851792338 ], [ -0.385514372147744, 50.858261271633985 ], [ -0.385515258976309, 50.858261831423427 ], [ -0.38551614580649, 50.858262531160683 ], [ -0.385517032638298, 50.858263370845769 ], [ -0.38551791947174, 50.858264350478642 ], [ -0.385518806306825, 50.858265470059322 ], [ -0.385520025699759, 50.858266554652417 ], [ -0.385521577650561, 50.858267604257932 ], [ -0.385523462159252, 50.85826861887584 ], [ -0.38552567922585, 50.858269598506141 ], [ -0.385528228850372, 50.858270543148798 ], [ -0.385531111032832, 50.858271452803812 ], [ -0.385534325773245, 50.85827232747112 ], [ -0.385537873071623, 50.858273167150735 ], [ -0.385541531220156, 50.858273761921524 ], [ -0.385545300218793, 50.858274111783523 ], [ -0.385549180067476, 50.858274216736682 ], [ -0.385553170766145, 50.858274076780994 ], [ -0.385557272314735, 50.858273691916459 ], [ -0.385561484713179, 50.858273062143056 ], [ -0.385565807961406, 50.85827218746077 ] ] ] } },
{ "type": "Feature", "properties": { "fid": 44, "pit_id": 44, "mon_name": "Flint Mine Pit Group 7", "site": "Cissbury Ring", "mon_type": "Flint mine pit group", "nhle_id": null, "mon_uid": "MNA188927", "src_shot": "142646", "full_label": "Flint Mine Pit Group 7, Cissbury Ring", "area_m2": 16.58, "perim_m": 14.56, "diam_m": 4.59 }, "geometry": { "type": "Polygon", "coordinates": [ [ [ -0.385339667288283, 50.8581836008807 ], [ -0.385342327745094, 50.858182761187066 ], [ -0.38534471106717, 50.858181676584749 ], [ -0.385346817254494, 50.858180347073741 ], [ -0.385348646307053, 50.858178772654078 ], [ -0.385350198224848, 50.858176953325767 ], [ -0.385351473007884, 50.858174889088843 ], [ -0.385352470656177, 50.858172579943272 ], [ -0.385353191169753, 50.858170025889095 ], [ -0.385353634548645, 50.858167226926284 ], [ -0.385353856223904, 50.858164602899009 ], [ -0.385353856195569, 50.858162153807207 ], [ -0.385353634463677, 50.858159879650934 ], [ -0.38535319102826, 50.858157780430162 ], [ -0.385352525889342, 50.858155856144897 ], [ -0.385351639046945, 50.858154106795105 ], [ -0.385350530501085, 50.858152532380835 ], [ -0.38534920025177, 50.858151132902044 ], [ -0.385347759150906, 50.858149838384584 ], [ -0.385346207198493, 50.858148648828468 ], [ -0.385344544394527, 50.858147564233668 ], [ -0.385342770739007, 50.858146584600199 ], [ -0.385340886231927, 50.858145709928046 ], [ -0.385338890873282, 50.858144940217208 ], [ -0.385336784663061, 50.85814427546768 ], [ -0.38533456760126, 50.858143715679446 ], [ -0.385332350540716, 50.858143260852344 ], [ -0.385330133481417, 50.858142910986366 ], [ -0.385327916423347, 50.85814266608152 ], [ -0.38532569936649, 50.858142526137797 ], [ -0.385323482310833, 50.858142491155199 ], [ -0.38532126525636, 50.858142561133747 ], [ -0.385319048203056, 50.858142736073404 ], [ -0.385316831150904, 50.858143015974186 ], [ -0.385314558676172, 50.858143610758411 ], [ -0.385312230778812, 50.858144520426023 ], [ -0.38530984745877, 50.858145744977065 ], [ -0.385307408715993, 50.858147284411508 ], [ -0.385304914550426, 50.858149138729374 ], [ -0.385302364962012, 50.858151307930626 ], [ -0.385299759950687, 50.85815379201528 ], [ -0.385297099516391, 50.85815659098332 ], [ -0.385294937918039, 50.858159284989107 ], [ -0.385293275155731, 50.85816187403266 ], [ -0.385292111229568, 50.858164358114017 ], [ -0.385291446139633, 50.858166737233162 ], [ -0.385291279886008, 50.858169011390146 ], [ -0.385291612468771, 50.858171180584961 ], [ -0.385292443887987, 50.858173244817557 ], [ -0.385293774143719, 50.858175204087999 ], [ -0.385295436955733, 50.85817698842272 ], [ -0.385297432324048, 50.858178597821713 ], [ -0.385299760248677, 50.858180032284963 ], [ -0.385302420729625, 50.858181291812457 ], [ -0.38530541376689, 50.858182376404173 ], [ -0.385308739360463, 50.858183286060068 ], [ -0.385312397510326, 50.858184020780136 ], [ -0.385316388216456, 50.858184580564334 ], [ -0.385320212641561, 50.858184965413741 ], [ -0.385323870785596, 50.858185175328401 ], [ -0.385327362648514, 50.858185210308299 ], [ -0.385330688230277, 50.858185070353457 ], [ -0.385333847530847, 50.858184755463924 ], [ -0.385336840550192, 50.85818426563965 ], [ -0.385339667288283, 50.8581836008807 ] ] ] } },
{ "type": "Feature", "properties": { "fid": 45, "pit_id": 45, "mon_name": "Flint Mine Pit Group 7", "site": "Cissbury Ring", "mon_type": "Flint mine pit group", "nhle_id": null, "mon_uid": "MNA188927", "src_shot": "142646", "full_label": "Flint Mine Pit Group 7, Cissbury Ring", "area_m2": 91.71, "perim_m": 34.39, "diam_m": 10.81 }, "geometry": { "type": "Polygon", "coordinates": [ [ [ -0.385691513708824, 50.858160228846202 ], [ -0.385696391217694, 50.858159109251424 ], [ -0.385700880741006, 50.858157919683201 ], [ -0.38570498227877, 50.858156660141546 ], [ -0.385708695830998, 50.858155330626502 ], [ -0.385712021397705, 50.858153931138133 ], [ -0.38571495897891, 50.858152461676454 ], [ -0.385717508574635, 50.858150922241492 ], [ -0.385719670184909, 50.85814931283327 ], [ -0.385721443809759, 50.858147633451829 ], [ -0.385723106584177, 50.858146163992814 ], [ -0.385724658508193, 50.858144904456267 ], [ -0.38572609958184, 50.858143854842169 ], [ -0.385727429805143, 50.858143015150517 ], [ -0.38572864917813, 50.858142385381335 ], [ -0.385729757700819, 50.858141965534614 ], [ -0.38573075537323, 50.858141755610355 ], [ -0.385731642195376, 50.858141755608585 ], [ -0.385732584439163, 50.858141335762056 ], [ -0.385733582104561, 50.858140496070746 ], [ -0.385734635191541, 50.858139236534683 ], [ -0.385735743700067, 50.858137557153874 ], [ -0.385736907630103, 50.858135457928277 ], [ -0.38573812698161, 50.858132938857928 ], [ -0.385739401754542, 50.85812999994279 ], [ -0.385740731948853, 50.858126641182885 ], [ -0.385741785011848, 50.858123352397456 ], [ -0.38574256094359, 50.858120133586489 ], [ -0.385743059744143, 50.858116984750005 ], [ -0.385743281413565, 50.858113905888004 ], [ -0.385743225951912, 50.858110897000486 ], [ -0.385742893359238, 50.858107958087452 ], [ -0.385742283635596, 50.858105089148921 ], [ -0.385741396781035, 50.858102290184846 ], [ -0.38574023279523, 50.858099561195417 ], [ -0.385738791678227, 50.858096902180591 ], [ -0.385737073430066, 50.858094313140377 ], [ -0.385735078050788, 50.858091794074753 ], [ -0.385732805540431, 50.858089344983703 ], [ -0.385730255899025, 50.858086965867216 ], [ -0.385727429126606, 50.858084656725289 ], [ -0.3857243252232, 50.858082417557874 ], [ -0.385721332175589, 50.858080423299832 ], [ -0.385718449983713, 50.858078673951148 ], [ -0.385715678647512, 50.858077169511844 ], [ -0.38571301816693, 50.85807590998192 ], [ -0.385710468541918, 50.858074895361405 ], [ -0.385708029772428, 50.858074125650269 ], [ -0.385705701858417, 50.858073600848549 ], [ -0.385703484799843, 50.858073320956237 ], [ -0.385701489446406, 50.858073006076353 ], [ -0.385699715798104, 50.858072656208897 ], [ -0.385698163854937, 50.858072271353883 ], [ -0.385696833616904, 50.858071851511319 ], [ -0.385695725083999, 50.858071396681225 ], [ -0.385694838256221, 50.858070906863603 ], [ -0.385694173133561, 50.858070382058443 ], [ -0.385693729716016, 50.858069822265762 ], [ -0.385692399477121, 50.858069332449297 ], [ -0.3856901824169, 50.858068912609035 ], [ -0.385687078535368, 50.858068562744918 ], [ -0.38568308783253, 50.85806828285687 ], [ -0.38567821030839, 50.858068072944818 ], [ -0.385672445962938, 50.858067933008627 ], [ -0.385665794796161, 50.858067863048163 ], [ -0.385658256808035, 50.858067863063297 ], [ -0.385651383937813, 50.858067968038057 ], [ -0.385645176185451, 50.858068177972569 ], [ -0.385639633550913, 50.85806849286692 ], [ -0.385634756034172, 50.858068912721208 ], [ -0.385630543635212, 50.858069437535541 ], [ -0.385626996354025, 50.858070067309946 ], [ -0.385624114190611, 50.85807080204453 ], [ -0.385621897144984, 50.858071641739322 ], [ -0.385619624675106, 50.858072656369636 ], [ -0.385617296780946, 50.8580738459355 ], [ -0.385614913462476, 50.858075210436873 ], [ -0.385612474719663, 50.858076749873781 ], [ -0.385609980552472, 50.858078464246212 ], [ -0.385607430960869, 50.858080353554158 ], [ -0.385604825944818, 50.858082417797625 ], [ -0.385602165504282, 50.858084656976594 ], [ -0.38559978219676, 50.858087001116054 ], [ -0.385597676022277, 50.858089450216013 ], [ -0.385595846980862, 50.858092004276479 ], [ -0.385594295072548, 50.858094663297493 ], [ -0.385593020297371, 50.858097427279041 ], [ -0.385592022655374, 50.858100296221139 ], [ -0.385591302146597, 50.858103270123806 ], [ -0.38559085877109, 50.858106348987029 ], [ -0.385590581673419, 50.858109322888588 ], [ -0.385590470853617, 50.858112191828447 ], [ -0.385590526311716, 50.858114955806634 ], [ -0.385590748047747, 50.858117614823158 ], [ -0.385591136061735, 50.85812016887801 ], [ -0.38559169035371, 50.858122617971169 ], [ -0.38559241092369, 50.858124962102657 ], [ -0.385593297771698, 50.85812720127246 ], [ -0.385594350898387, 50.858129405454804 ], [ -0.385595570303774, 50.858131574649704 ], [ -0.385596955987885, 50.85813370885711 ], [ -0.385598507950736, 50.858135808077073 ], [ -0.385600226192349, 50.858137872309541 ], [ -0.385602110712741, 50.85813990155453 ], [ -0.385604161511932, 50.858141895812018 ], [ -0.385606378589936, 50.858143855082005 ], [ -0.385608429386099, 50.85814556944301 ], [ -0.385610313900372, 50.858147038895012 ], [ -0.385612032132705, 50.858148263438039 ], [ -0.385613584083061, 50.858149243072084 ], [ -0.385614969751405, 50.858149977797176 ], [ -0.385616189137707, 50.858150467613306 ], [ -0.385617242241942, 50.858150712520484 ], [ -0.385618129064091, 50.858150712518707 ], [ -0.385618905034276, 50.858150782491208 ], [ -0.385619570152501, 50.858150922438021 ], [ -0.385620124418768, 50.858151132359112 ], [ -0.385620567833078, 50.858151412254507 ], [ -0.385620900395431, 50.85815176212418 ], [ -0.385621122105824, 50.858152181968165 ], [ -0.385621232964257, 50.858152671786442 ], [ -0.385621232970726, 50.858153231579024 ], [ -0.385621399255535, 50.858153721397194 ], [ -0.385621731818687, 50.858154141240988 ], [ -0.385622230660185, 50.858154491110355 ], [ -0.38562289578003, 50.858154771005339 ], [ -0.385623727178224, 50.85815498092591 ], [ -0.385624724854766, 50.858155120872084 ], [ -0.385625888809651, 50.858155190843831 ], [ -0.385627219042874, 50.858155190841153 ], [ -0.385628382997749, 50.858155260812879 ], [ -0.38562938067428, 50.858155400758974 ], [ -0.385630212072468, 50.858155610679489 ], [ -0.385630877192317, 50.858155890574402 ], [ -0.385631376033825, 50.858156240443698 ], [ -0.385631708596991, 50.858156660287406 ], [ -0.385631874881812, 50.858157150105512 ], [ -0.385631874888282, 50.858157709898038 ], [ -0.385632540011279, 50.858158269689334 ], [ -0.385633870250826, 50.858158829479393 ], [ -0.38563586560695, 50.858159389268209 ], [ -0.385638526079673, 50.858159949055732 ], [ -0.385641851669022, 50.85816050884192 ], [ -0.38564584237502, 50.858161068626721 ], [ -0.385650498197696, 50.858161628410052 ], [ -0.385655819137074, 50.858162188191862 ], [ -0.385661084647884, 50.858162538051559 ], [ -0.385666294730053, 50.858162677989185 ], [ -0.385671449383508, 50.858162608004719 ], [ -0.385676548608181, 50.858162328098189 ], [ -0.385681592404003, 50.858161838269574 ], [ -0.385686580770906, 50.858161138518909 ], [ -0.385691513708824, 50.858160228846202 ] ] ] } },
{ "type": "Feature", "properties": { "fid": 46, "pit_id": 46, "mon_name": "Flint Mine Pit Group 7", "site": "Cissbury Ring", "mon_type": "Flint mine pit group", "nhle_id": null, "mon_uid": "MNA188927", "src_shot": "142646", "full_label": "Flint Mine Pit Group 7, Cissbury Ring", "area_m2": 51.98, "perim_m": 25.88, "diam_m": 8.13 }, "geometry": { "type": "Polygon", "coordinates": [ [ [ -0.385352310719569, 50.858724217040262 ], [ -0.385354527768782, 50.858723657250167 ], [ -0.385356467686004, 50.858723097460555 ], [ -0.385358130471245, 50.858722537671476 ], [ -0.385359516124515, 50.858721977882915 ], [ -0.385360624645823, 50.858721418094916 ], [ -0.38536145603518, 50.858720858307457 ], [ -0.385362010292597, 50.858720298520552 ], [ -0.385362287418081, 50.85871973873423 ], [ -0.385362287411643, 50.858719178948455 ], [ -0.385362564536417, 50.858718549188907 ], [ -0.385363118792392, 50.858717849455601 ], [ -0.38536395017955, 50.858717079748516 ], [ -0.385365058697874, 50.858716240067643 ], [ -0.385366444347347, 50.858715330412984 ], [ -0.385368107127942, 50.858714350784531 ], [ -0.385370047039638, 50.858713301182242 ], [ -0.385372264082405, 50.858712181606158 ], [ -0.385374314845956, 50.858711062030331 ], [ -0.385376199330303, 50.858709942454794 ], [ -0.385377917535458, 50.858708822879549 ], [ -0.385379469461436, 50.858707703304596 ], [ -0.385380855108244, 50.858706583729969 ], [ -0.385382074475895, 50.858705464155655 ], [ -0.385383127564403, 50.858704344581646 ], [ -0.38538401437378, 50.858703225007972 ], [ -0.385384790327943, 50.858701895514656 ], [ -0.385385455426892, 50.858700356101721 ], [ -0.385386009670628, 50.858698606769138 ], [ -0.385386453059156, 50.858696647516922 ], [ -0.385386785592482, 50.858694478345072 ], [ -0.385387007270619, 50.858692099253609 ], [ -0.385387118093579, 50.858689510242506 ], [ -0.385387118061377, 50.858686711311769 ], [ -0.385386896325948, 50.858684122301256 ], [ -0.385386452887328, 50.858681743210944 ], [ -0.385385787745544, 50.858679574040835 ], [ -0.385384900900619, 50.858677614790935 ], [ -0.385383792352572, 50.858675865461244 ], [ -0.385382462101411, 50.858674326051727 ], [ -0.385380910147143, 50.858672996562404 ], [ -0.385379136489765, 50.858671876993256 ], [ -0.385377529111601, 50.858670757423738 ], [ -0.38537608801264, 50.858669637853851 ], [ -0.38537481319287, 50.858668518283601 ], [ -0.385373704652279, 50.858667398712988 ], [ -0.385372762390852, 50.858666279142028 ], [ -0.385371986408581, 50.85866515957072 ], [ -0.385371376705451, 50.858664039999056 ], [ -0.38537093328145, 50.858662920427051 ], [ -0.385370212726684, 50.858661905815573 ], [ -0.385369215041164, 50.858660996164652 ], [ -0.385367940224902, 50.858660191474243 ], [ -0.385366388277903, 50.858659491744341 ], [ -0.385364559200171, 50.858658896974951 ], [ -0.385362452991702, 50.858658407166054 ], [ -0.385360069652493, 50.85865802231762 ], [ -0.385357409182535, 50.858657742429656 ], [ -0.385355025844136, 50.858657427554434 ], [ -0.385352919637299, 50.858657077691973 ], [ -0.385351090562019, 50.858656692842274 ], [ -0.385349538618296, 50.858656273005359 ], [ -0.385348263806123, 50.858655818181276 ], [ -0.385347266125494, 50.858655328369963 ], [ -0.385346545576405, 50.858654803571476 ], [ -0.385346102158847, 50.858654243785807 ], [ -0.385344993625828, 50.858653788961583 ], [ -0.385343219977362, 50.858653439098795 ], [ -0.38534078121345, 50.858653194197402 ], [ -0.385337677334092, 50.858653054257367 ], [ -0.38533390833927, 50.85865301927862 ], [ -0.385329474228962, 50.858653089261125 ], [ -0.385324375003139, 50.858653264204783 ], [ -0.385318610661756, 50.858653544109529 ], [ -0.385313123456656, 50.85865417388009 ], [ -0.385307913387721, 50.858655153516501 ], [ -0.385302980454851, 50.858656483018819 ], [ -0.385298324657957, 50.858658162387059 ], [ -0.38529394599696, 50.85866019162124 ], [ -0.385289844471797, 50.858662570721414 ], [ -0.385286020082413, 50.858665299687615 ], [ -0.385282472828772, 50.858668378519866 ], [ -0.385279424412704, 50.858671492337429 ], [ -0.385276874834305, 50.858674641140375 ], [ -0.385274824093666, 50.858677824928741 ], [ -0.385273272190888, 50.858681043702525 ], [ -0.385272219126069, 50.858684297461764 ], [ -0.385271664899312, 50.85868758620645 ], [ -0.385271609510723, 50.858690909936648 ], [ -0.385272052960405, 50.8586942686523 ], [ -0.385272607259641, 50.858697347474653 ], [ -0.385273272408442, 50.858700146403692 ], [ -0.385274048406816, 50.858702665439409 ], [ -0.38527493525477, 50.858704904581813 ], [ -0.385275932952305, 50.858706863830889 ], [ -0.385277041499413, 50.858708543186665 ], [ -0.385278260896096, 50.858709942649099 ], [ -0.385279591142335, 50.858711062218219 ], [ -0.38528119852046, 50.8587121817868 ], [ -0.385283083030489, 50.858713301354854 ], [ -0.385285244672445, 50.858714420922354 ], [ -0.385287683446349, 50.858715540489285 ], [ -0.385290399352218, 50.858716660055642 ], [ -0.385293392390076, 50.858717779621401 ], [ -0.385296662559939, 50.858718899186535 ], [ -0.385300209861832, 50.858720018751036 ], [ -0.385303812588989, 50.858721033355593 ], [ -0.385307470741391, 50.858721943000234 ], [ -0.385311184319014, 50.858722747684922 ], [ -0.385314953321835, 50.858723447409695 ], [ -0.385318777749835, 50.85872404217448 ], [ -0.385322657602988, 50.858724531979341 ], [ -0.385326592881269, 50.858724916824237 ], [ -0.385330583584655, 50.858725196709152 ], [ -0.385334352581349, 50.858725371634641 ], [ -0.385337899871319, 50.858725441600697 ], [ -0.385341225454544, 50.858725406607356 ], [ -0.385344329330999, 50.858725266654631 ], [ -0.385347211500665, 50.858725021742529 ], [ -0.385349871963527, 50.858724671871073 ], [ -0.385352310719569, 50.858724217040262 ] ] ] } },
{ "type": "Feature", "properties": { "fid": 47, "pit_id": 47, "mon_name": "Flint Mine Pit Group 7", "site": "Cissbury Ring", "mon_type": "Flint mine pit group", "nhle_id": null, "mon_uid": "MNA188927", "src_shot": "142646", "full_label": "Flint Mine Pit Group 7, Cissbury Ring", "area_m2": 14.54, "perim_m": 13.7, "diam_m": 4.3 }, "geometry": { "type": "Polygon", "coordinates": [ [ [ -0.385278924606482, 50.85858720943196 ], [ -0.385282471872916, 50.858585250169121 ], [ -0.385285409447994, 50.858583220933859 ], [ -0.385287737331778, 50.85858112172621 ], [ -0.385289455524341, 50.858578952546225 ], [ -0.385290564025759, 50.858576713393923 ], [ -0.385291062836116, 50.858574404269319 ], [ -0.3852909519555, 50.858572025172435 ], [ -0.385290231384007, 50.85856957610325 ], [ -0.385288901121735, 50.858567057061784 ], [ -0.385287293730334, 50.858564782927964 ], [ -0.385285409209822, 50.858562753701783 ], [ -0.385283247560205, 50.858560969383234 ], [ -0.385280808781482, 50.85855942997231 ], [ -0.385278092873645, 50.858558135468968 ], [ -0.385275099836672, 50.858557085873208 ], [ -0.385271829670537, 50.858556281185017 ], [ -0.385268282375204, 50.858555721404343 ], [ -0.385265067639903, 50.858555301569886 ], [ -0.3852621854646, 50.858555021681624 ], [ -0.385259635849259, 50.858554881739629 ], [ -0.385257418793856, 50.858554881743878 ], [ -0.385255534298369, 50.858555021694428 ], [ -0.385253982362781, 50.858555301591288 ], [ -0.385252762987087, 50.858555721434456 ], [ -0.385251876171284, 50.858556281223954 ], [ -0.385250878501888, 50.85855677104022 ], [ -0.385249769978902, 50.858557190883239 ], [ -0.385248550602325, 50.858557540753033 ], [ -0.385247220372164, 50.858557820649565 ], [ -0.385245779288421, 50.858558030572858 ], [ -0.3852442273511, 50.858558170522905 ], [ -0.385242564560209, 50.85855824049969 ], [ -0.385240790915753, 50.858558240503228 ], [ -0.385239128126129, 50.858558415440157 ], [ -0.385237576191316, 50.858558765310498 ], [ -0.3852361351113, 50.858559290114243 ], [ -0.385234804886068, 50.858559989851415 ], [ -0.385233585515609, 50.858560864521984 ], [ -0.385232476999916, 50.858561914125993 ], [ -0.385231479338984, 50.858563138663406 ], [ -0.385230592532808, 50.85856453813426 ], [ -0.385229927433315, 50.85856604256476 ], [ -0.385229484040521, 50.858567651954914 ], [ -0.385229262354443, 50.858569366304728 ], [ -0.385229262375107, 50.858571185614181 ], [ -0.385229484102538, 50.858573109883309 ], [ -0.385229927536764, 50.858575139112077 ], [ -0.385230592677818, 50.858577273300511 ], [ -0.385231479525734, 50.858579512448593 ], [ -0.385232366371284, 50.858581541676344 ], [ -0.385233253214455, 50.858583360983793 ], [ -0.385234140055235, 50.858584970370934 ], [ -0.385235026893616, 50.858586369837745 ], [ -0.385235913729581, 50.858587559384254 ], [ -0.385236800563121, 50.858588539010441 ], [ -0.385237687394225, 50.858589308716319 ], [ -0.385238574222882, 50.858589868501895 ], [ -0.385239738183069, 50.858590393300226 ], [ -0.385241179274793, 50.858590883111347 ], [ -0.385242897498062, 50.858591337935209 ], [ -0.385244892852877, 50.858591757771848 ], [ -0.385247165339246, 50.858592142621205 ], [ -0.385249714957167, 50.85859249248329 ], [ -0.385252541706645, 50.858592807358072 ], [ -0.385255645587676, 50.858593087245545 ], [ -0.385258804892098, 50.858593087239235 ], [ -0.385262019619855, 50.858592807339164 ], [ -0.385265289770883, 50.858592247545296 ], [ -0.385268615345125, 50.858591407857666 ], [ -0.385271996342516, 50.858590288276226 ], [ -0.385275432762991, 50.858588888801002 ], [ -0.385278924606482, 50.85858720943196 ] ] ] } },
{ "type": "Feature", "properties": { "fid": 48, "pit_id": 48, "mon_name": "Flint Mine Pit Group 7", "site": "Cissbury Ring", "mon_type": "Flint mine pit group", "nhle_id": null, "mon_uid": "MNA188927", "src_shot": "142646", "full_label": "Flint Mine Pit Group 7, Cissbury Ring", "area_m2": 19.25, "perim_m": 15.78, "diam_m": 4.95 }, "geometry": { "type": "Polygon", "coordinates": [ [ [ -0.385114197116343, 50.858564538366544 ], [ -0.385117300978125, 50.85856313889127 ], [ -0.385120072280683, 50.858561669443091 ], [ -0.385122511024035, 50.858560130022006 ], [ -0.385124617208204, 50.85855852062803 ], [ -0.385126390833214, 50.858556841261198 ], [ -0.385127831899092, 50.858555091921524 ], [ -0.385128940405871, 50.858553272609001 ], [ -0.385129716353583, 50.858551383323658 ], [ -0.385130159742263, 50.858549424065501 ], [ -0.385130492279726, 50.85854760475447 ], [ -0.385130713965986, 50.858545925390601 ], [ -0.385130824801057, 50.858544385973865 ], [ -0.385130824784951, 50.858542986504276 ], [ -0.385130713917681, 50.858541726981827 ], [ -0.385130492199254, 50.858540607406539 ], [ -0.385130159629675, 50.858539627778391 ], [ -0.38512971620895, 50.858538788097377 ], [ -0.385129217363044, 50.858538053376719 ], [ -0.385128663091959, 50.858537423616397 ], [ -0.385128053395692, 50.858536898816453 ], [ -0.385127388274243, 50.858536478976838 ], [ -0.385126667727605, 50.858536164097565 ], [ -0.385125891755776, 50.858535954178656 ], [ -0.385125060358754, 50.858535849220068 ], [ -0.38512417353653, 50.858535849221838 ], [ -0.385123397565878, 50.858535744263129 ], [ -0.385122732446803, 50.858535534343936 ], [ -0.385122178179306, 50.858535219464272 ], [ -0.385121734763389, 50.858534799624152 ], [ -0.385121402199053, 50.85853427482354 ], [ -0.385121180486294, 50.858533645062458 ], [ -0.385121069625112, 50.858532910340919 ], [ -0.385121069615501, 50.858532070658889 ], [ -0.385120626195114, 50.858531265964551 ], [ -0.385119739363975, 50.858530496257892 ], [ -0.385118409122104, 50.858529761538882 ], [ -0.38511663546952, 50.858529061807538 ], [ -0.385114418406239, 50.858528397063814 ], [ -0.385111757932276, 50.858527767307699 ], [ -0.385108654047642, 50.858527172539141 ], [ -0.385105106752352, 50.858526612758126 ], [ -0.38510150403325, 50.858526262897769 ], [ -0.385097845890292, 50.858526122958061 ], [ -0.385094132323426, 50.858526192939003 ], [ -0.385090363332602, 50.858526472840566 ], [ -0.385086538917769, 50.858526962662758 ], [ -0.385082659078872, 50.858527662405571 ], [ -0.385078723815855, 50.858528572069005 ], [ -0.385074733128662, 50.85852969165304 ], [ -0.385071185854935, 50.858531021156509 ], [ -0.385068081994662, 50.85853256057942 ], [ -0.385065421547844, 50.858534309921801 ], [ -0.385063204514492, 50.858536269183716 ], [ -0.385061430894634, 50.858538438365166 ], [ -0.385060100688304, 50.858540817466178 ], [ -0.385059213895554, 50.858543406486767 ], [ -0.385058770516443, 50.858546205426961 ], [ -0.385058604267148, 50.858548829432834 ], [ -0.38505871514772, 50.8585512785044 ], [ -0.385059103158201, 50.858553552641631 ], [ -0.385059768298629, 50.858555651844561 ], [ -0.385060710569033, 50.858557576113185 ], [ -0.385061929969439, 50.85855932544748 ], [ -0.385063426499865, 50.858560899847426 ], [ -0.385065200160324, 50.858562299313043 ], [ -0.385067250951148, 50.85856355883125 ], [ -0.385069578872342, 50.85856467840204 ], [ -0.385072183923907, 50.858565658025391 ], [ -0.385075066105837, 50.858566497701283 ], [ -0.385078225418119, 50.858567197429714 ], [ -0.385081661860742, 50.858567757210636 ], [ -0.385085375433682, 50.858568177044027 ], [ -0.385089366136916, 50.858568456929873 ], [ -0.385093245985134, 50.85856852689556 ], [ -0.385097014978285, 50.858568386941059 ], [ -0.385100673116316, 50.858568037066419 ], [ -0.385104220399181, 50.858567477271635 ], [ -0.385107656826834, 50.858566707556719 ], [ -0.385110982399235, 50.858565727921693 ], [ -0.385114197116343, 50.858564538366544 ] ] ] } },
{ "type": "Feature", "properties": { "fid": 49, "pit_id": 49, "mon_name": "Flint Mine Pit Group 7", "site": "Cissbury Ring", "mon_type": "Flint mine pit group", "nhle_id": null, "mon_uid": "MNA188927", "src_shot": "142646", "full_label": "Flint Mine Pit Group 7, Cissbury Ring", "area_m2": 27.21, "perim_m": 18.65, "diam_m": 5.89 }, "geometry": { "type": "Polygon", "coordinates": [ [ [ -0.385706593853937, 50.858520453890463 ], [ -0.385709697725229, 50.858519894096119 ], [ -0.385712413611351, 50.858519299315695 ], [ -0.385714741512313, 50.858518669549248 ], [ -0.385716681428127, 50.858518004796764 ], [ -0.385718233358802, 50.858517305058278 ], [ -0.385719397304353, 50.858516570333819 ], [ -0.385720173264794, 50.858515800623387 ], [ -0.385720561240145, 50.858514995926996 ], [ -0.385720561230422, 50.858514156244638 ], [ -0.385720782925902, 50.858513281575064 ], [ -0.385721226326571, 50.858512371918287 ], [ -0.385721891432414, 50.85851142727428 ], [ -0.385722778243416, 50.858510447643056 ], [ -0.385723886759563, 50.858509433024587 ], [ -0.385725216980836, 50.858508383418879 ], [ -0.385726768907217, 50.858507298825948 ], [ -0.385728542538688, 50.858506179245751 ], [ -0.385730094463744, 50.858504989692392 ], [ -0.385731424682399, 50.85850373016585 ], [ -0.38573253319466, 50.858502400666175 ], [ -0.385733420000546, 50.858501001193339 ], [ -0.385734085100067, 50.858499531747363 ], [ -0.385734528493244, 50.858497992328246 ], [ -0.385734750180097, 50.858496382935989 ], [ -0.385734750160647, 50.858494703570592 ], [ -0.385734473008733, 50.858492989218924 ], [ -0.385733918724384, 50.858491239880955 ], [ -0.385733087307636, 50.858489455556708 ], [ -0.385731978758519, 50.858487636246174 ], [ -0.385730593077072, 50.858485781949319 ], [ -0.385728930263328, 50.858483892666158 ], [ -0.385726990317328, 50.858481968396688 ], [ -0.385724773239109, 50.85848000914087 ], [ -0.385722389883804, 50.858478224819358 ], [ -0.385719840251406, 50.858476615432139 ], [ -0.385717124341903, 50.858475180979212 ], [ -0.38571424215528, 50.858473921460558 ], [ -0.38571119369152, 50.858472836876174 ], [ -0.385707978950601, 50.858471927226034 ], [ -0.385704597932496, 50.858471192510109 ], [ -0.385701050637172, 50.858470632728441 ], [ -0.385697503344015, 50.858470247880724 ], [ -0.385693956052982, 50.858470037967031 ], [ -0.385690408764034, 50.858470002987296 ], [ -0.385686861477132, 50.858470142941556 ], [ -0.385683314192232, 50.858470457829796 ], [ -0.385679766909296, 50.858470947652016 ], [ -0.385676219628283, 50.858471612408231 ], [ -0.385672672349154, 50.858472452098425 ], [ -0.385669402202333, 50.858473326774757 ], [ -0.385666409187828, 50.858474236437281 ], [ -0.385663693305649, 50.858475181086 ], [ -0.385661254555804, 50.858476160720926 ], [ -0.385659092938307, 50.858477175342109 ], [ -0.385657208453172, 50.858478224949515 ], [ -0.38565560110041, 50.858479309543199 ], [ -0.385654270880038, 50.858480429123148 ], [ -0.385653051513235, 50.8584816186764 ], [ -0.385651943, 50.858482878202956 ], [ -0.385650945340346, 50.858484207702823 ], [ -0.385650058534267, 50.858485607176 ], [ -0.385649282581776, 50.858487076622481 ], [ -0.385648617482876, 50.85848861604228 ], [ -0.385648063237577, 50.858490225435403 ], [ -0.385647619845887, 50.858491904801838 ], [ -0.38564750901358, 50.858493689127855 ], [ -0.385647730740692, 50.858495578413461 ], [ -0.385648285027267, 50.858497572658649 ], [ -0.38564917187335, 50.858499671863427 ], [ -0.385650391278993, 50.858501876027766 ], [ -0.385651943244251, 50.858504185151688 ], [ -0.385653827769184, 50.858506599235149 ], [ -0.38565604485386, 50.85850911827815 ], [ -0.385658483641325, 50.858511392413355 ], [ -0.385661144131575, 50.858513421640751 ], [ -0.385664026324601, 50.858515205960344 ], [ -0.385667130220381, 50.8585167453721 ], [ -0.38567045581889, 50.858518039875989 ], [ -0.385674003120095, 50.858519089472011 ], [ -0.385677772123954, 50.858519894160153 ], [ -0.385681762830423, 50.858520453940358 ], [ -0.385685642682613, 50.858520873773706 ], [ -0.385689411680488, 50.858521153660234 ], [ -0.385693069824012, 50.858521293599914 ], [ -0.385696617113151, 50.858521293592752 ], [ -0.385700053547872, 50.858521153638797 ], [ -0.385703379128142, 50.858520873738044 ], [ -0.385706593853937, 50.858520453890463 ] ] ] } },
{ "type": "Feature", "properties": { "fid": 50, "pit_id": 50, "mon_name": "Flint Mine Pit Group 7", "site": "Cissbury Ring", "mon_type": "Flint mine pit group", "nhle_id": null, "mon_uid": "MNA188927", "src_shot": "142646", "full_label": "Flint Mine Pit Group 7, Cissbury Ring", "area_m2": 36.75, "perim_m": 21.64, "diam_m": 6.84 }, "geometry": { "type": "Polygon", "coordinates": [ [ [ -0.384868989720787, 50.858472453700834 ], [ -0.384872980411168, 50.858471614009794 ], [ -0.38487652769036, 50.858470774319493 ], [ -0.38487963155839, 50.858469934630016 ], [ -0.384882292015276, 50.858469094941377 ], [ -0.384884509061047, 50.858468255253591 ], [ -0.384886282695721, 50.858467415566707 ], [ -0.384887612919327, 50.858466575880733 ], [ -0.384888499731885, 50.85846573619569 ], [ -0.38488894313342, 50.858464896511585 ], [ -0.384889441962531, 50.858464161787794 ], [ -0.384889996219219, 50.858463532024267 ], [ -0.384890605903486, 50.858463007221054 ], [ -0.384891271015333, 50.858462587378135 ], [ -0.384891991554764, 50.858462272495487 ], [ -0.384892767521782, 50.858462062573146 ], [ -0.384893598916393, 50.858461957611091 ], [ -0.384894485738601, 50.858461957609329 ], [ -0.384895317129691, 50.858461537765905 ], [ -0.384896093089642, 50.85846069808084 ], [ -0.384896813618434, 50.858459438554128 ], [ -0.384897478716053, 50.858457759185754 ], [ -0.384898088382484, 50.858455659975739 ], [ -0.384898642617716, 50.858453140924084 ], [ -0.384899141421744, 50.85845020203076 ], [ -0.384899584794561, 50.858446843295795 ], [ -0.384899695610441, 50.858443624508631 ], [ -0.384899473869456, 50.858440545669268 ], [ -0.384898919571669, 50.858437606777713 ], [ -0.384898032717141, 50.85843480783393 ], [ -0.384896813305925, 50.858432148837927 ], [ -0.384895261338067, 50.858429629789718 ], [ -0.384893376813607, 50.858427250689275 ], [ -0.384891159732583, 50.858425011536561 ], [ -0.384888610095655, 50.858422982305576 ], [ -0.384885727902835, 50.858421162996301 ], [ -0.384882513154121, 50.858419553608705 ], [ -0.384878965849508, 50.858418154142761 ], [ -0.384875085988978, 50.858416964598426 ], [ -0.384870873572506, 50.858415984975686 ], [ -0.384866328600054, 50.858415215274484 ], [ -0.38486145107158, 50.858414655494798 ], [ -0.384856739826587, 50.858414270647863 ], [ -0.384852194864298, 50.858414060734042 ], [ -0.384847816183098, 50.858414025754129 ], [ -0.384843603782935, 50.858414165708098 ], [ -0.384839557663763, 50.858414480596025 ], [ -0.38483567782554, 50.858414970417911 ], [ -0.384831964268228, 50.858415635173742 ], [ -0.384828416991791, 50.858416474863553 ], [ -0.384825035997285, 50.858417559460825 ], [ -0.384821821284671, 50.858418888965545 ], [ -0.384818772853908, 50.858420463377733 ], [ -0.384815890704967, 50.858422282697383 ], [ -0.384813174837821, 50.858424346924558 ], [ -0.384810625252447, 50.858426656059208 ], [ -0.384808241948829, 50.858429210101392 ], [ -0.384806024926956, 50.858432009051093 ], [ -0.384804306742257, 50.858434842986583 ], [ -0.384803087394817, 50.858437711907911 ], [ -0.384802366884727, 50.858440615815049 ], [ -0.384802145212077, 50.858443554708039 ], [ -0.38480242237696, 50.858446528586867 ], [ -0.384803198379472, 50.858449537451548 ], [ -0.384804473219712, 50.85845258130206 ], [ -0.384806246897779, 50.858455660138397 ], [ -0.384808463983739, 50.858458494066426 ], [ -0.38481112447764, 50.858461083086134 ], [ -0.384814228379515, 50.858463427197464 ], [ -0.384817775689382, 50.858465526400408 ], [ -0.384821766407249, 50.858467380694925 ], [ -0.384826200533107, 50.858468990080965 ], [ -0.384831078066932, 50.85847035455847 ], [ -0.384836399008691, 50.85847147412737 ], [ -0.384841553668909, 50.858472348788936 ], [ -0.384846542047498, 50.858472978543119 ], [ -0.384851364144369, 50.858473363389997 ], [ -0.384856019959447, 50.85847350332952 ], [ -0.384860509493485, 50.85847339836139 ], [ -0.384864832748205, 50.858473048484711 ], [ -0.384868989720787, 50.858472453700834 ] ] ] } },
{ "type": "Feature", "properties": { "fid": 51, "pit_id": 51, "mon_name": "Flint Mine Pit Group 7", "site": "Cissbury Ring", "mon_type": "Flint mine pit group", "nhle_id": null, "mon_uid": "MNA188927", "src_shot": "142646", "full_label": "Flint Mine Pit Group 7, Cissbury Ring", "area_m2": 23.44, "perim_m": 17.24, "diam_m": 5.46 }, "geometry": { "type": "Polygon", "coordinates": [ [ [ -0.385479566436492, 50.858439844778005 ], [ -0.385482670307755, 50.858439284982673 ], [ -0.385485497046653, 50.858438690201012 ], [ -0.385488046653191, 50.858438060433052 ], [ -0.385490319127372, 50.858437395678763 ], [ -0.385492314469203, 50.858436695938217 ], [ -0.385494032678694, 50.858435961211377 ], [ -0.385495473755848, 50.858435191498302 ], [ -0.385496637700683, 50.858434386798969 ], [ -0.385497524513205, 50.858433547113393 ], [ -0.385498355896139, 50.858432427533209 ], [ -0.385499131849474, 50.858431028058398 ], [ -0.385499852373198, 50.858429348688972 ], [ -0.385500517467306, 50.858427389424925 ], [ -0.38550112713179, 50.858425150266257 ], [ -0.385501681366647, 50.858422631212974 ], [ -0.385502180171875, 50.858419832265085 ], [ -0.385502623547475, 50.85841675342256 ], [ -0.385502623513768, 50.858413849515067 ], [ -0.38550218007084, 50.858411120542584 ], [ -0.385501293218763, 50.858408566505112 ], [ -0.385499962957604, 50.85840618740265 ], [ -0.385498189287415, 50.858403983235171 ], [ -0.385495972208243, 50.858401954002652 ], [ -0.38549331172012, 50.858400099705094 ], [ -0.385490207823071, 50.858398420342446 ], [ -0.385487048502197, 50.858396950901025 ], [ -0.38548383375746, 50.858395691380842 ], [ -0.385480563588822, 50.858394641781878 ], [ -0.385477237996241, 50.858393802104132 ], [ -0.385473856979678, 50.858393172347611 ], [ -0.385470420539086, 50.85839275251228 ], [ -0.385466928674424, 50.858392542598168 ], [ -0.385463381385643, 50.858392542605245 ], [ -0.385460000377294, 50.858392647572508 ], [ -0.385456785649355, 50.858392857499958 ], [ -0.385453737201806, 50.858393172387643 ], [ -0.385450855034629, 50.858393592235544 ], [ -0.385448139147809, 50.85839411704368 ], [ -0.385445589541334, 50.858394746812053 ], [ -0.385443206215191, 50.85839548154069 ], [ -0.385440989169372, 50.858396321229598 ], [ -0.385438882978799, 50.85839737083932 ], [ -0.38543688764345, 50.858398630369798 ], [ -0.385435003163306, 50.858400099821111 ], [ -0.385433229538352, 50.858401779193208 ], [ -0.385431566768576, 50.858403668486105 ], [ -0.385430014853966, 50.858405767699843 ], [ -0.385428573794517, 50.858408076834408 ], [ -0.385427243590225, 50.858410595889787 ], [ -0.385426356796387, 50.858413079957309 ], [ -0.385425913413077, 50.858415529037011 ], [ -0.385425913440366, 50.858417943128877 ], [ -0.385426356878323, 50.858420322232917 ], [ -0.385427243727018, 50.858422666349121 ], [ -0.385428573986513, 50.85842497547749 ], [ -0.385430347656876, 50.858427249618003 ], [ -0.385432564738166, 50.858429488770632 ], [ -0.385434948096269, 50.858431518001986 ], [ -0.385437497731176, 50.858433337312064 ], [ -0.385440213642871, 50.858434946700825 ], [ -0.385443095831336, 50.858436346168276 ], [ -0.385446144296549, 50.858437535714373 ], [ -0.38544935903848, 50.858438515339152 ], [ -0.385452740057098, 50.858439285042579 ], [ -0.385456287352364, 50.85843984482463 ], [ -0.38545977921974, 50.858440264659492 ], [ -0.385463215659192, 50.858440544547179 ], [ -0.385466596670687, 50.858440684487675 ], [ -0.385469922254194, 50.858440684481018 ], [ -0.385473192409683, 50.858440544527177 ], [ -0.385476407137126, 50.858440264626161 ], [ -0.385479566436492, 50.858439844778005 ] ] ] } },
{ "type": "Feature", "properties": { "fid": 52, "pit_id": 52, "mon_name": "Flint Mine Pit Group 7", "site": "Cissbury Ring", "mon_type": "Flint mine pit group", "nhle_id": null, "mon_uid": "MNA188927", "src_shot": "142646", "full_label": "Flint Mine Pit Group 7, Cissbury Ring", "area_m2": 19.7, "perim_m": 15.8, "diam_m": 5.01 }, "geometry": { "type": "Polygon", "coordinates": [ [ [ -0.385433453052269, 50.858558799907634 ], [ -0.385436556917172, 50.858557680326058 ], [ -0.38543938365045, 50.85855659573167 ], [ -0.385441933252131, 50.858555546124521 ], [ -0.385444205722236, 50.858554531504609 ], [ -0.38544620106079, 50.858553551871964 ], [ -0.385447919267814, 50.858552607226599 ], [ -0.385449360343328, 50.858551697568515 ], [ -0.385450524287353, 50.858550822897733 ], [ -0.385451411099907, 50.858549983214267 ], [ -0.385452187058458, 50.858549038570757 ], [ -0.385452852163008, 50.858547988967196 ], [ -0.385453406413559, 50.858546834403612 ], [ -0.385453849810116, 50.858545574879997 ], [ -0.385454182352685, 50.858544210396332 ], [ -0.385454404041272, 50.858542740952636 ], [ -0.385454514875888, 50.85854116654891 ], [ -0.385454514856543, 50.858539487185148 ], [ -0.385454403984784, 50.858537842808303 ], [ -0.385454182260626, 50.858536233418391 ], [ -0.385453849684079, 50.858534659015397 ], [ -0.385453406255152, 50.858533119599329 ], [ -0.385452851973859, 50.858531615170165 ], [ -0.385452186840206, 50.858530145727933 ], [ -0.385451410854204, 50.858528711272605 ], [ -0.385450524015863, 50.858527311804202 ], [ -0.385449249193532, 50.858525982310134 ], [ -0.38544758638724, 50.858524722790371 ], [ -0.385445535597013, 50.858523533244927 ], [ -0.385443096822869, 50.858522413673747 ], [ -0.38544027006483, 50.858521364076843 ], [ -0.385437055322908, 50.858520384454174 ], [ -0.385433452597114, 50.858519474805689 ], [ -0.385429461887456, 50.858518635131375 ], [ -0.385425692885515, 50.858517970390352 ], [ -0.385422145591241, 50.858517480582663 ], [ -0.385418820004584, 50.858517165708307 ], [ -0.385415716125503, 50.85851702576732 ], [ -0.385412833953959, 50.858517060759702 ], [ -0.38541017348992, 50.858517270685489 ], [ -0.385407734733359, 50.858517655544667 ], [ -0.385405517684252, 50.858518215337277 ], [ -0.385403356062363, 50.858518845103262 ], [ -0.385401249867683, 50.858519544842629 ], [ -0.385399199100204, 50.858520314555392 ], [ -0.385397203759919, 50.858521154241551 ], [ -0.385395263846825, 50.858522063901113 ], [ -0.385393379360913, 50.858523043534063 ], [ -0.385391550302181, 50.858524093140396 ], [ -0.385389776670622, 50.858525212720153 ], [ -0.385388169318186, 50.858526332299519 ], [ -0.385386728244885, 50.858527451878516 ], [ -0.385385453450734, 50.85852857145715 ], [ -0.385384344935743, 50.858529691035422 ], [ -0.385383402699924, 50.858530810613352 ], [ -0.385382626743288, 50.858531930190935 ], [ -0.385382017065849, 50.858533049768155 ], [ -0.385381573667617, 50.858534169345049 ], [ -0.385381351976468, 50.858535428868407 ], [ -0.385381351992418, 50.858536828338259 ], [ -0.385381573715486, 50.858538367754598 ], [ -0.385382017145696, 50.858540047117408 ], [ -0.385382682283078, 50.858541866426698 ], [ -0.38538356912766, 50.858543825682474 ], [ -0.385384677679483, 50.858545924884716 ], [ -0.385386007938581, 50.858548164033429 ], [ -0.385387670753965, 50.858550228247807 ], [ -0.385389666125657, 50.858552117527879 ], [ -0.385391994053679, 50.858553831873579 ], [ -0.385394654538041, 50.858555371284908 ], [ -0.385397647578747, 50.858556735761859 ], [ -0.385400973175795, 50.858557925304368 ], [ -0.385404631329173, 50.858558939912442 ], [ -0.385408622038862, 50.858559779586045 ], [ -0.38541250189316, 50.858560374352692 ], [ -0.385416270891999, 50.858560724212438 ], [ -0.385419929035319, 50.858560829165256 ], [ -0.38542347632306, 50.858560689211195 ], [ -0.385426912755166, 50.85856030435022 ], [ -0.385430238331585, 50.858559674582366 ], [ -0.385433453052269, 50.858558799907634 ] ] ] } },
{ "type": "Feature", "properties": { "fid": 53, "pit_id": 53, "mon_name": "Flint Mine Pit Group 7", "site": "Cissbury Ring", "mon_type": "Flint mine pit group", "nhle_id": null, "mon_uid": "MNA188927", "src_shot": "142646", "full_label": "Flint Mine Pit Group 7, Cissbury Ring", "area_m2": 31.49, "perim_m": 19.94, "diam_m": 6.33 }, "geometry": { "type": "Polygon", "coordinates": [ [ [ -0.385585098046411, 50.858419692155401 ], [ -0.385589975562049, 50.858419132356289 ], [ -0.385594520517796, 50.858418432610343 ], [ -0.385598732913627, 50.858417592917597 ], [ -0.385602612749517, 50.858416613278081 ], [ -0.385606160025453, 50.858415493691851 ], [ -0.385609374741426, 50.858414234158914 ], [ -0.385612256897434, 50.858412834679321 ], [ -0.385614806493479, 50.858411295253063 ], [ -0.38561702352957, 50.858409615880191 ], [ -0.385618963432419, 50.858407831547197 ], [ -0.385620626202046, 50.858405942254073 ], [ -0.385622011838473, 50.85840394800087 ], [ -0.385623120341724, 50.85840184878758 ], [ -0.38562395171183, 50.858399644614209 ], [ -0.385624505948824, 50.858397335480753 ], [ -0.385624783052743, 50.858394921387244 ], [ -0.385624783023631, 50.858392402333649 ], [ -0.385624505863257, 50.85838995325426 ], [ -0.385623951571667, 50.858387574149042 ], [ -0.385623120148902, 50.858385265018029 ], [ -0.385622011595, 50.858383025861187 ], [ -0.385620625909996, 50.858380856678508 ], [ -0.385618963093923, 50.858378757470014 ], [ -0.385617023146812, 50.858376728235655 ], [ -0.38561480606869, 50.85837476897543 ], [ -0.385612367287085, 50.858372984650039 ], [ -0.385609706801991, 50.858371375259466 ], [ -0.385606824613406, 50.858369940803698 ], [ -0.385603720721315, 50.858368681282698 ], [ -0.385600395125705, 50.858367596696461 ], [ -0.385596847826551, 50.858366687044992 ], [ -0.38559307882383, 50.858365952328235 ], [ -0.385589088117507, 50.858365392546176 ], [ -0.385585097413799, 50.858365042685385 ], [ -0.385581106712652, 50.858364902745841 ], [ -0.385577116014008, 50.858364972727543 ], [ -0.385573125317815, 50.858365252630506 ], [ -0.385569134624019, 50.858365742454708 ], [ -0.385565143932563, 50.858366442200172 ], [ -0.385561153243396, 50.858367351866889 ], [ -0.385557162556462, 50.858368471454853 ], [ -0.385553504430285, 50.858369800963182 ], [ -0.385550178864843, 50.85837134039194 ], [ -0.385547185860121, 50.858373089741114 ], [ -0.385544525416118, 50.858375049010746 ], [ -0.385542197532836, 50.858377218200864 ], [ -0.385540202210292, 50.85837959731149 ], [ -0.385538539448506, 50.858382186342631 ], [ -0.385537209247511, 50.858384985294315 ], [ -0.385536156177473, 50.858387714271565 ], [ -0.385535380238447, 50.858390373274425 ], [ -0.385534881430483, 50.858392962302872 ], [ -0.38553465975363, 50.858395481356929 ], [ -0.385534715207936, 50.858397930436595 ], [ -0.385535047793443, 50.858400309541871 ], [ -0.385535657510194, 50.858402618672748 ], [ -0.385536544358228, 50.858404857829228 ], [ -0.385537763762891, 50.858406957037673 ], [ -0.385539315724222, 50.85840891629806 ], [ -0.385541200242247, 50.858410735610391 ], [ -0.38554341731699, 50.858412414974644 ], [ -0.385545966948468, 50.858413954390798 ], [ -0.385548849136691, 50.858415353858831 ], [ -0.385552063881665, 50.858416613378729 ], [ -0.385555611183387, 50.858417732950457 ], [ -0.385559324762021, 50.858418642600888 ], [ -0.385563204617528, 50.858419342330023 ], [ -0.385567250749861, 50.858419832137812 ], [ -0.385571463158972, 50.858420112024277 ], [ -0.385575841844807, 50.858420181989366 ], [ -0.385580386807308, 50.858420042033082 ], [ -0.385585098046411, 50.858419692155401 ] ] ] } },
{ "type": "Feature", "properties": { "fid": 54, "pit_id": 54, "mon_name": "Flint Mine Pit Group 7", "site": "Cissbury Ring", "mon_type": "Flint mine pit group", "nhle_id": null, "mon_uid": "MNA188927", "src_shot": "142646", "full_label": "Flint Mine Pit Group 7, Cissbury Ring", "area_m2": 32.01, "perim_m": 20.13, "diam_m": 6.38 }, "geometry": { "type": "Polygon", "coordinates": [ [ [ -0.385750268481859, 50.858402338351212 ], [ -0.385754702573389, 50.858400658973572 ], [ -0.38575869325248, 50.858398874636038 ], [ -0.385762240519154, 50.858396985338644 ], [ -0.38576534437344, 50.85839499108144 ], [ -0.385768004815375, 50.858392891864455 ], [ -0.385770221844998, 50.858390687687709 ], [ -0.385771995462357, 50.858388378551247 ], [ -0.385773325667505, 50.858385964455088 ], [ -0.385774212460502, 50.858383445399234 ], [ -0.385774822122229, 50.858380996317571 ], [ -0.385775154652734, 50.858378617210079 ], [ -0.385775210052057, 50.858376308076785 ], [ -0.385774988320243, 50.858374068917676 ], [ -0.385774489457332, 50.858371899732767 ], [ -0.385773713463359, 50.858369800522034 ], [ -0.385772660338361, 50.858367771285486 ], [ -0.385771330082367, 50.858365812023095 ], [ -0.385769722695604, 50.858363957721913 ], [ -0.385767838178093, 50.858362208381926 ], [ -0.385765676529853, 50.858360564003092 ], [ -0.385763237750902, 50.858359024585432 ], [ -0.385760521841249, 50.858357590128904 ], [ -0.385757528800903, 50.858356260633499 ], [ -0.385754258629868, 50.858355036099198 ], [ -0.385750711328145, 50.858353916525971 ], [ -0.38574694232348, 50.85835300687458 ], [ -0.385742951615836, 50.858352307145012 ], [ -0.385738739205169, 50.858351817337244 ], [ -0.385734305091431, 50.858351537451242 ], [ -0.385729649274564, 50.85835146748699 ], [ -0.385724771754507, 50.858351607444455 ], [ -0.385719672531194, 50.858351957323606 ], [ -0.385714351604549, 50.858352517124416 ], [ -0.385709474091501, 50.858353286845443 ], [ -0.385705039992005, 50.858354266486728 ], [ -0.385701049306027, 50.858355456048329 ], [ -0.385697502033545, 50.858356855530282 ], [ -0.385694398174551, 50.858358464932628 ], [ -0.385691737729045, 50.858360284255433 ], [ -0.385689520697045, 50.858362313498681 ], [ -0.385687747078576, 50.858364552662422 ], [ -0.385686306019471, 50.858366896785931 ], [ -0.385685197519769, 50.858369345869235 ], [ -0.385684421579515, 50.858371899912321 ], [ -0.38568397819876, 50.858374558915209 ], [ -0.385683867377555, 50.858377322877885 ], [ -0.38568408911596, 50.858380191800393 ], [ -0.385684643414039, 50.858383165682675 ], [ -0.385685530271857, 50.858386244524773 ], [ -0.385686749685473, 50.858389113445021 ], [ -0.385688301654932, 50.858391772443404 ], [ -0.385690186180272, 50.858394221519916 ], [ -0.385692403261522, 50.858396460674534 ], [ -0.3856949528987, 50.858398489907259 ], [ -0.385697835091815, 50.858400309218069 ], [ -0.385701049840871, 50.858401918606901 ], [ -0.385704597145861, 50.858403318073762 ], [ -0.385707978169816, 50.858404542606678 ], [ -0.385711192912688, 50.858405592205642 ], [ -0.385714241374428, 50.85840646687069 ], [ -0.385717123554993, 50.858407166601815 ], [ -0.385719839454341, 50.858407691399037 ], [ -0.385722389072438, 50.858408041262358 ], [ -0.385724772409249, 50.858408216191812 ], [ -0.385726989464744, 50.858408216187385 ], [ -0.385729483649929, 50.858408006261392 ], [ -0.385732254964763, 50.858407586413804 ], [ -0.385735303409204, 50.8584069566446 ], [ -0.385738628983198, 50.858406116953766 ], [ -0.385742231686685, 50.858405067341273 ], [ -0.385746111519596, 50.858403807807093 ], [ -0.385750268481859, 50.858402338351212 ] ] ] } },
{ "type": "Feature", "properties": { "fid": 55, "pit_id": 55, "mon_name": "Flint Mine Pit Group 7", "site": "Cissbury Ring", "mon_type": "Flint mine pit group", "nhle_id": null, "mon_uid": "MNA188927", "src_shot": "142646", "full_label": "Flint Mine Pit Group 7, Cissbury Ring", "area_m2": 23.74, "perim_m": 17.6, "diam_m": 5.5 }, "geometry": { "type": "Polygon", "coordinates": [ [ [ -0.384867436805526, 50.858386666002367 ], [ -0.384870984075169, 50.858384986626 ], [ -0.384874087931591, 50.858383132315943 ], [ -0.38487674837481, 50.85838110307229 ], [ -0.38487896540485, 50.858378898895026 ], [ -0.384880739021752, 50.858376519784187 ], [ -0.384882069225561, 50.858373965739801 ], [ -0.384882956016334, 50.858371236761876 ], [ -0.384883399394139, 50.858368332850439 ], [ -0.384883399359053, 50.85836525400547 ], [ -0.384883177621538, 50.858362455055925 ], [ -0.384882734181628, 50.858359936001783 ], [ -0.384882069039355, 50.858357696843079 ], [ -0.384881182194737, 50.858355737579764 ], [ -0.384880073647789, 50.858354058211859 ], [ -0.384878743398517, 50.858352658739356 ], [ -0.384877191446915, 50.858351539162236 ], [ -0.384875417792974, 50.858350699480511 ], [ -0.384873865845024, 50.858349894785199 ], [ -0.384872535603051, 50.858349125076302 ], [ -0.384871427067039, 50.858348390353846 ], [ -0.384870540236976, 50.858347690617812 ], [ -0.384869875112851, 50.858347025868227 ], [ -0.384869431694651, 50.858346396105084 ], [ -0.384869209982369, 50.85834580132839 ], [ -0.384869209975991, 50.858345241538146 ], [ -0.38486860027971, 50.858344716736106 ], [ -0.384867380893542, 50.858344226922263 ], [ -0.384865551817508, 50.858343772096596 ], [ -0.38486311305162, 50.85834335225907 ], [ -0.384860064595891, 50.858342967409662 ], [ -0.384856406452694, 50.858342617547152 ], [ -0.384852138620608, 50.85834230267217 ], [ -0.384847261099175, 50.858342022784889 ], [ -0.384842993268787, 50.85834184785714 ], [ -0.384839335129411, 50.858341777888981 ], [ -0.384836286681015, 50.858341812880489 ], [ -0.384833847923581, 50.858341952831672 ], [ -0.384832018857096, 50.858342197742608 ], [ -0.384830799481557, 50.858342547613297 ], [ -0.384830189796967, 50.858343002443775 ], [ -0.384830189803344, 50.858343562234055 ], [ -0.384829857252527, 50.858344191998661 ], [ -0.384829192144503, 50.858344891737602 ], [ -0.384828194479253, 50.858345661450855 ], [ -0.384826864256758, 50.858346501138428 ], [ -0.384825201476993, 50.858347410800306 ], [ -0.384823206139931, 50.858348390436454 ], [ -0.384820878245543, 50.858349440046887 ], [ -0.384818217793797, 50.858350559631575 ], [ -0.384815834475325, 50.858351819163239 ], [ -0.384813728290132, 50.858353218641874 ], [ -0.38481189923822, 50.858354758067534 ], [ -0.384810347319602, 50.858356437440207 ], [ -0.384809072534289, 50.858358256759921 ], [ -0.384808074882306, 50.858360216026654 ], [ -0.384807354363675, 50.858362315240456 ], [ -0.384806910978428, 50.858364554401298 ], [ -0.384806633869368, 50.858366548653734 ], [ -0.384806523036521, 50.858368297997735 ], [ -0.384806578479908, 50.858369802433344 ], [ -0.384806800199545, 50.858371061960547 ], [ -0.384807188195442, 50.858372076579315 ], [ -0.384807742467604, 50.858372846289683 ], [ -0.384808463016032, 50.858373371091623 ], [ -0.38480934984072, 50.858373650985143 ], [ -0.384810125813917, 50.858374035839446 ], [ -0.384810790935627, 50.858374525654497 ], [ -0.384811345205852, 50.858375120430317 ], [ -0.384811788624588, 50.85837582016692 ], [ -0.384812121191835, 50.858376624864285 ], [ -0.38481234290759, 50.858377534522432 ], [ -0.384812453771846, 50.858378549141349 ], [ -0.384812453784597, 50.858379668721035 ], [ -0.384812841781656, 50.858380788300103 ], [ -0.384813617763051, 50.858381907878567 ], [ -0.38481478172881, 50.858383027456405 ], [ -0.38481633367896, 50.858384147033604 ], [ -0.384818273613531, 50.858385266610156 ], [ -0.384820601532551, 50.858386386186034 ], [ -0.384823317436047, 50.858387505761229 ], [ -0.384826421324049, 50.858388625335692 ], [ -0.384829414357874, 50.858389604962873 ], [ -0.384832296537487, 50.858390444642794 ], [ -0.38483506786286, 50.858391144375446 ], [ -0.38483772833396, 50.858391704160837 ], [ -0.384840277950759, 50.858392123998968 ], [ -0.384842716713233, 50.858392403889866 ], [ -0.384845044621355, 50.858392543833524 ], [ -0.384847261675105, 50.85839254382995 ], [ -0.384849645005646, 50.858392333904987 ], [ -0.384852194612946, 50.858391914058622 ], [ -0.384854910496963, 50.858391284290853 ], [ -0.384857792657657, 50.85839044460166 ], [ -0.384860841096055, 50.85838939499051 ], [ -0.384864055812467, 50.858388135457197 ], [ -0.384867436805526, 50.858386666002367 ] ] ] } },
{ "type": "Feature", "properties": { "fid": 56, "pit_id": 56, "mon_name": "Flint Mine Pit Group 7", "site": "Cissbury Ring", "mon_type": "Flint mine pit group", "nhle_id": null, "mon_uid": "MNA188927", "src_shot": "142646", "full_label": "Flint Mine Pit Group 7, Cissbury Ring", "area_m2": 51.52, "perim_m": 25.74, "diam_m": 8.1 }, "geometry": { "type": "Polygon", "coordinates": [ [ [ -0.385164965600792, 50.858382187090612 ], [ -0.385169399692516, 50.85838050771229 ], [ -0.385173279521335, 50.858378933295505 ], [ -0.385176605087335, 50.858377463840299 ], [ -0.385179376390585, 50.858376099346728 ], [ -0.385181593431157, 50.858374839814871 ], [ -0.385183256209108, 50.858373685244686 ], [ -0.385184364724491, 50.858372635636258 ], [ -0.385184918977352, 50.858371690989571 ], [ -0.385184918967729, 50.858370851304649 ], [ -0.385185085237296, 50.8583700116194 ], [ -0.385185417786048, 50.858369171933795 ], [ -0.385185916613972, 50.858368332247871 ], [ -0.385186581721062, 50.858367492561584 ], [ -0.385187413107308, 50.858366652874942 ], [ -0.385188410772701, 50.858365813187973 ], [ -0.385189574717232, 50.858364973500628 ], [ -0.385190904940891, 50.858364133812934 ], [ -0.385192124310569, 50.858363189164777 ], [ -0.385193232826264, 50.858362139556149 ], [ -0.385194230487975, 50.858360984987073 ], [ -0.385195117295704, 50.858359725457539 ], [ -0.385195893249453, 50.858358360967564 ], [ -0.385196558349226, 50.858356891517118 ], [ -0.385197112595029, 50.858355317106259 ], [ -0.38519755598687, 50.858353637734929 ], [ -0.385197833099083, 50.858351923376965 ], [ -0.385197943931685, 50.858350174032381 ], [ -0.385197888484696, 50.85834838970117 ], [ -0.385197666758132, 50.858346570383333 ], [ -0.385197278752017, 50.858344716078882 ], [ -0.38519672446637, 50.858342826787784 ], [ -0.385196003901212, 50.858340902510058 ], [ -0.385195117056567, 50.858338943245712 ], [ -0.385194230214777, 50.858337228889624 ], [ -0.385193343375828, 50.8583357594418 ], [ -0.385192456539709, 50.858334534902248 ], [ -0.385191569706404, 50.858333555270953 ], [ -0.385190682875901, 50.858332820547929 ], [ -0.385189796048184, 50.85833233073317 ], [ -0.385188909223241, 50.858332085826667 ], [ -0.385188022401058, 50.858332085828444 ], [ -0.385187191004045, 50.858331980869394 ], [ -0.385186415032208, 50.858331770949519 ], [ -0.385185694485551, 50.858331456068818 ], [ -0.385185029364079, 50.858331036227291 ], [ -0.385184419667792, 50.85833051142496 ], [ -0.385183865396696, 50.858329881661803 ], [ -0.38518336655079, 50.858329146937805 ], [ -0.385182923130074, 50.858328307253018 ], [ -0.385182147150137, 50.85832739759509 ], [ -0.385181038611001, 50.858326417964015 ], [ -0.385179597512693, 50.858325368359786 ], [ -0.385177823855242, 50.858324248782395 ], [ -0.385175717638679, 50.858323059231843 ], [ -0.385173278863043, 50.858321799708087 ], [ -0.385170507528368, 50.858320470211119 ], [ -0.385167403634699, 50.858319070740912 ], [ -0.385163911759306, 50.858317916180006 ], [ -0.385160031902164, 50.858317006528374 ], [ -0.385155764063237, 50.858316341785958 ], [ -0.385151108242472, 50.858315921952752 ], [ -0.38514606443981, 50.858315747028669 ], [ -0.385140632655175, 50.858315817013661 ], [ -0.38513481288848, 50.858316131907706 ], [ -0.385128605139627, 50.858316691710719 ], [ -0.385122785378018, 50.858317461434183 ], [ -0.385117353603594, 50.858318441078175 ], [ -0.385112309816302, 50.858319630642725 ], [ -0.385107654016103, 50.858321030127897 ], [ -0.385103386202967, 50.858322639533746 ], [ -0.385099506376874, 50.858324458860295 ], [ -0.385096014537818, 50.858326488107593 ], [ -0.3850929106858, 50.858328727275662 ], [ -0.385090194819916, 50.85833110639031 ], [ -0.385087866940203, 50.85833362545155 ], [ -0.385085927046701, 50.858336284459426 ], [ -0.385084375139458, 50.858339083413924 ], [ -0.38508321121853, 50.858342022315092 ], [ -0.385082435283981, 50.858345101162932 ], [ -0.385082047335878, 50.858348319957443 ], [ -0.385082047374298, 50.858351678698639 ], [ -0.385082213688219, 50.858354722557465 ], [ -0.385082546277669, 50.858357451533969 ], [ -0.385083045142674, 50.858359865628096 ], [ -0.385083710283247, 50.858361964839887 ], [ -0.385084541699404, 50.858363749169314 ], [ -0.385085539391146, 50.858365218616377 ], [ -0.385086703358467, 50.858366373181092 ], [ -0.385088033601357, 50.858367212863435 ], [ -0.38508919756512, 50.858368052546076 ], [ -0.385090195249746, 50.858368892229031 ], [ -0.385091026655223, 50.858369731912305 ], [ -0.385091691781545, 50.858370571595884 ], [ -0.385092190628703, 50.858371411279791 ], [ -0.385092523196686, 50.85837225096401 ], [ -0.385092689485485, 50.858373090648563 ], [ -0.385092689495092, 50.858373930333457 ], [ -0.385092911210205, 50.858374770017882 ], [ -0.385093354630835, 50.858375609701859 ], [ -0.385094019756996, 50.858376449385396 ], [ -0.3850949065887, 50.858377289068486 ], [ -0.385096015125957, 50.858378128751106 ], [ -0.38509734536878, 50.858378968433271 ], [ -0.385098897317183, 50.858379808114961 ], [ -0.385100670971178, 50.858380647796167 ], [ -0.385102444624787, 50.858381452490498 ], [ -0.385104218278004, 50.858382222197974 ], [ -0.385105991930828, 50.858382956918575 ], [ -0.385107765583254, 50.858383656652293 ], [ -0.385109539235278, 50.858384321399136 ], [ -0.385111312886898, 50.85838495115911 ], [ -0.385113086538106, 50.858385545932208 ], [ -0.385114860188902, 50.858386105718438 ], [ -0.385116855544464, 50.858386595530568 ], [ -0.385119072604793, 50.858387015368557 ], [ -0.385121511369884, 50.858387365232403 ], [ -0.385124171839732, 50.858387645122093 ], [ -0.385127054014329, 50.858387855037627 ], [ -0.385130157893663, 50.858387994978976 ], [ -0.385133483477727, 50.858388064946098 ], [ -0.385137030766504, 50.858388064939021 ], [ -0.385140688905851, 50.858387855010577 ], [ -0.385144457895713, 50.858387435160765 ], [ -0.385148337736041, 50.858386805389543 ], [ -0.385152328426774, 50.858385965696947 ], [ -0.385156429967853, 50.858384916082933 ], [ -0.385160642359215, 50.858383656547488 ], [ -0.385164965600792, 50.858382187090612 ] ] ] } },
{ "type": "Feature", "properties": { "fid": 57, "pit_id": 57, "mon_name": "Flint Mine Pit Group 7", "site": "Cissbury Ring", "mon_type": "Flint mine pit group", "nhle_id": null, "mon_uid": "MNA188927", "src_shot": "142646", "full_label": "Flint Mine Pit Group 7, Cissbury Ring", "area_m2": 84.33, "perim_m": 36.35, "diam_m": 10.36 }, "geometry": { "type": "Polygon", "coordinates": [ [ [ -0.38538024161735, 50.858376168919513 ], [ -0.385383345485364, 50.858375329228465 ], [ -0.38538633850173, 50.858374594498223 ], [ -0.385389220666475, 50.858373964728784 ], [ -0.385391991979626, 50.858373439920172 ], [ -0.385394652441204, 50.858373020072371 ], [ -0.385397202051229, 50.858372705185403 ], [ -0.38539964080972, 50.858372495259282 ], [ -0.385401968716697, 50.858372390294001 ], [ -0.385404185772177, 50.858372390289574 ], [ -0.385406125690546, 50.858371935456198 ], [ -0.385407788471756, 50.858371025793886 ], [ -0.385409174115775, 50.858369661302667 ], [ -0.385410282622583, 50.858367841982535 ], [ -0.38541111399218, 50.858365567833502 ], [ -0.38541166822458, 50.858362838855555 ], [ -0.385411945319815, 50.85835965504873 ], [ -0.385411945277928, 50.858356016413005 ], [ -0.385411668107621, 50.858352692659722 ], [ -0.385411113808947, 50.858349683788902 ], [ -0.38541028238195, 50.85834698980053 ], [ -0.385409173826662, 50.858344610694608 ], [ -0.385407788143106, 50.858342546471121 ], [ -0.385406125331292, 50.858340797130055 ], [ -0.385404185391217, 50.858339362671408 ], [ -0.385401968322869, 50.858338243095147 ], [ -0.385400028385712, 50.858337053544474 ], [ -0.385398365579732, 50.858335794019382 ], [ -0.385396979904916, 50.858334464519885 ], [ -0.385395871361243, 50.858333065045969 ], [ -0.385395039948694, 50.858331595597697 ], [ -0.385394485667246, 50.858330056175035 ], [ -0.385394208516873, 50.858328446777996 ], [ -0.385394208497549, 50.858326767406552 ], [ -0.385394374759024, 50.858325227982426 ], [ -0.385394707301283, 50.858323828505569 ], [ -0.385395206124317, 50.858322568975986 ], [ -0.385395871228115, 50.858321449393671 ], [ -0.385396702612671, 50.858320469758638 ], [ -0.385397700277985, 50.858319630070874 ], [ -0.385398864224054, 50.858318930330377 ], [ -0.385400194450883, 50.858318370537141 ], [ -0.385401413819762, 50.858317355914046 ], [ -0.385402522330665, 50.858315886461114 ], [ -0.385403519983566, 50.858313962178343 ], [ -0.385404406778449, 50.858311583065721 ], [ -0.385405182715303, 50.85830874912326 ], [ -0.385405847794123, 50.858305460350969 ], [ -0.385406402014911, 50.858301716748855 ], [ -0.385406845377675, 50.858297518316895 ], [ -0.385407122467224, 50.85829384468915 ], [ -0.385407233283606, 50.85829069586562 ], [ -0.385407177826865, 50.858288071846303 ], [ -0.385406956097025, 50.858285972631215 ], [ -0.385406568094107, 50.858284398220341 ], [ -0.385406013818115, 50.858283348613689 ], [ -0.38540529326904, 50.858282823811244 ], [ -0.385404406446865, 50.85828282381302 ], [ -0.38540340876943, 50.858282613893358 ], [ -0.38540230023675, 50.858282194052293 ], [ -0.385401080848842, 50.858281564289776 ], [ -0.385399750605729, 50.858280724605834 ], [ -0.385398309507432, 50.858279675000439 ], [ -0.38539675755398, 50.85827841547362 ], [ -0.385395094745402, 50.858276946025335 ], [ -0.38539332108173, 50.85827526665561 ], [ -0.385391214861348, 50.858273727234391 ], [ -0.385388776084265, 50.858272327761654 ], [ -0.385386004750495, 50.858271068237386 ], [ -0.385382900860039, 50.858269948661579 ], [ -0.385379464412893, 50.858268969034192 ], [ -0.385375695409048, 50.858268129355167 ], [ -0.385371593848489, 50.858267429624519 ], [ -0.385367159731196, 50.858266869842197 ], [ -0.385362836469714, 50.858266554968246 ], [ -0.385358624063972, 50.858266485002687 ], [ -0.385354522513903, 50.858266659945521 ], [ -0.385350531819443, 50.858267079796775 ], [ -0.385346651980531, 50.858267744556436 ], [ -0.385342882997107, 50.858268654224538 ], [ -0.385339224869123, 50.85826980880109 ], [ -0.385335677596522, 50.85827120828607 ], [ -0.385332462885866, 50.858272922652624 ], [ -0.385329580737121, 50.858274951900768 ], [ -0.385327031150272, 50.858277296030529 ], [ -0.385324814125314, 50.858279955041908 ], [ -0.385322929662261, 50.858282928934969 ], [ -0.385321377761133, 50.858286217709676 ], [ -0.385320158421971, 50.858289821366057 ], [ -0.385319271644822, 50.858293739904148 ], [ -0.385318052306246, 50.858297378547405 ], [ -0.385316500406188, 50.858300737295814 ], [ -0.385314615944604, 50.858303816149373 ], [ -0.385312398921464, 50.858306615108063 ], [ -0.38530984933675, 50.858309134171868 ], [ -0.385306967190453, 50.858311373340761 ], [ -0.385303752482582, 50.858313332614699 ], [ -0.385300205213154, 50.858315011993703 ], [ -0.385297101353828, 50.858316621397854 ], [ -0.385294440904668, 50.858318160827203 ], [ -0.385292223865726, 50.858319630281777 ], [ -0.385290450237057, 50.858321029761598 ], [ -0.385289120018708, 50.858322359266708 ], [ -0.385288233210721, 50.858323618797101 ], [ -0.385287789813137, 50.858324808352791 ], [ -0.385287789825996, 50.858325927933784 ], [ -0.385287678984886, 50.858326942554292 ], [ -0.385287457289805, 50.858327852214295 ], [ -0.385287124740744, 50.858328656913791 ], [ -0.385286681337703, 50.858329356652796 ], [ -0.385286127080679, 50.858329951431308 ], [ -0.385285461969672, 50.858330441249301 ], [ -0.385284686004683, 50.858330826106794 ], [ -0.385283799185713, 50.858331106003781 ], [ -0.385283023223547, 50.858331735769461 ], [ -0.38528235811817, 50.858332715403819 ], [ -0.385281803869575, 50.858334044906854 ], [ -0.385281360477759, 50.858335724278589 ], [ -0.385281027942721, 50.858337753519002 ], [ -0.385280806264466, 50.858340132628101 ], [ -0.385280695443008, 50.858342861605898 ], [ -0.38528069547836, 50.858345940452388 ], [ -0.385281305202422, 50.85834891433695 ], [ -0.385282524615307, 50.858351783259579 ], [ -0.38528435371712, 50.858354547220252 ], [ -0.385286792507961, 50.85835720621894 ], [ -0.385289840987918, 50.858359760255638 ], [ -0.385293499157074, 50.858362209330259 ], [ -0.385297767015503, 50.858364553442755 ], [ -0.385302644563268, 50.858366792593081 ], [ -0.385307688387978, 50.85836882182187 ], [ -0.385312898489585, 50.858370641129127 ], [ -0.38531827486804, 50.858372250514805 ], [ -0.385323817523289, 50.858373649978901 ], [ -0.385329526455271, 50.858374839521389 ], [ -0.385335401663923, 50.858375819142218 ], [ -0.385341443149176, 50.858376588841402 ], [ -0.385347650910958, 50.858377148618885 ], [ -0.385353470686224, 50.85837753346263 ], [ -0.385358902474902, 50.858377743372699 ], [ -0.385363946276918, 50.85837777834913 ], [ -0.385368602092219, 50.858377638391978 ], [ -0.38537286992075, 50.858377323501301 ], [ -0.385376749762472, 50.858376833677134 ], [ -0.38538024161735, 50.858376168919513 ] ] ] } },
{ "type": "Feature", "properties": { "fid": 58, "pit_id": 58, "mon_name": "Flint Mine Pit Group 7", "site": "Cissbury Ring", "mon_type": "Flint mine pit group", "nhle_id": null, "mon_uid": "MNA188927", "src_shot": "142646", "full_label": "Flint Mine Pit Group 7, Cissbury Ring", "area_m2": 48.88, "perim_m": 25.06, "diam_m": 7.89 }, "geometry": { "type": "Polygon", "coordinates": [ [ [ -0.385741177605823, 50.858320469071352 ], [ -0.385746055111609, 50.858319069585164 ], [ -0.38575054462949, 50.858317390204149 ], [ -0.385754646159425, 50.858315430928329 ], [ -0.385758359701387, 50.858313191757759 ], [ -0.385761685255363, 50.858310672692483 ], [ -0.385764622821354, 50.858307873732514 ], [ -0.385767172399376, 50.858304794877881 ], [ -0.385769333989458, 50.858301436128627 ], [ -0.385771107591643, 50.858297797484781 ], [ -0.385772604064901, 50.85829443873677 ], [ -0.385773823409324, 50.858291359884646 ], [ -0.385774765624987, 50.858288560928393 ], [ -0.385775430711959, 50.858286041868048 ], [ -0.385775818670299, 50.858283802703589 ], [ -0.385775929500056, 50.85828184343503 ], [ -0.385775763201266, 50.858280164062393 ], [ -0.385775319773957, 50.858278764585627 ], [ -0.385774820922304, 50.858277540043673 ], [ -0.385774266646304, 50.858276490436559 ], [ -0.385773656945955, 50.858275615764256 ], [ -0.385772991821254, 50.858274916026765 ], [ -0.385772271272196, 50.8582743912241 ], [ -0.385771495298773, 50.858274041356246 ], [ -0.385770663900981, 50.858273866423211 ], [ -0.385769777078807, 50.858273866424973 ], [ -0.385768890254573, 50.858273691492016 ], [ -0.385768003428287, 50.85827334162429 ], [ -0.385767116599959, 50.858272816821817 ], [ -0.385766229769601, 50.858272117084596 ], [ -0.385765342937219, 50.858271242412627 ], [ -0.385764456102826, 50.858270192805911 ], [ -0.385763569266428, 50.858268968264476 ], [ -0.38576268242804, 50.85826756878825 ], [ -0.385761518458061, 50.858266204299554 ], [ -0.385760077356512, 50.858264874798373 ], [ -0.385758359123417, 50.858263580284685 ], [ -0.385756363758793, 50.858262320758485 ], [ -0.385754091262659, 50.858261096219763 ], [ -0.385751541635034, 50.858259906668486 ], [ -0.385748714875933, 50.858258752104646 ], [ -0.38574561098537, 50.858257632528229 ], [ -0.385742562522917, 50.858256652899527 ], [ -0.38573956948854, 50.85825581321852 ], [ -0.385736631882212, 50.858255113485228 ], [ -0.385733749703903, 50.858254553699645 ], [ -0.385730922953585, 50.858254133861792 ], [ -0.385728151631229, 50.858253853971668 ], [ -0.385725435736812, 50.85825371402926 ], [ -0.385722775270306, 50.858253714034589 ], [ -0.385720003952323, 50.858253819001042 ], [ -0.385717121782842, 50.858254028928606 ], [ -0.385714128761843, 50.858254343817286 ], [ -0.385711024889304, 50.85825476366707 ], [ -0.385707810165198, 50.858255288477949 ], [ -0.385704484589503, 50.85825591824991 ], [ -0.385701048162191, 50.858256652982938 ], [ -0.385697500883233, 50.858257492677019 ], [ -0.385694064458737, 50.858258472318624 ], [ -0.385690738888675, 50.858259591907753 ], [ -0.385687524173027, 50.858260851444435 ], [ -0.385684420311774, 50.858262250928661 ], [ -0.385681427304893, 50.858263790360439 ], [ -0.385678545152372, 50.858265469739777 ], [ -0.385675773854193, 50.858267289066688 ], [ -0.385673113410344, 50.858269248341188 ], [ -0.385670730097064, 50.858271102654179 ], [ -0.385668623914398, 50.85827285200574 ], [ -0.385666794862397, 50.858274496395808 ], [ -0.385665242941097, 50.858276035824453 ], [ -0.385663968150541, 50.858277470291661 ], [ -0.385662970490762, 50.858278799797453 ], [ -0.385662249961789, 50.858280024341823 ], [ -0.385661806563651, 50.858281143924806 ], [ -0.385661474019869, 50.858282403455235 ], [ -0.38566125233045, 50.858283802933123 ], [ -0.385661141495401, 50.858285342358471 ], [ -0.38566114151473, 50.858287021731279 ], [ -0.385661252388453, 50.858288841051532 ], [ -0.385661474116579, 50.858290800319267 ], [ -0.385661806699127, 50.858292899534455 ], [ -0.385662250136112, 50.858295138697102 ], [ -0.385662804423438, 50.858297167937927 ], [ -0.38566346956111, 50.858298987256944 ], [ -0.385664245549134, 50.858300596654146 ], [ -0.38566513238751, 50.858301996129526 ], [ -0.385666130076239, 50.858303185683098 ], [ -0.385667238615315, 50.85830416531482 ], [ -0.385668458004728, 50.858304935024755 ], [ -0.385669788244472, 50.858305494812832 ], [ -0.38567095220548, 50.858306089588147 ], [ -0.38567194988775, 50.858306719350693 ], [ -0.385672781291276, 50.858307384100492 ], [ -0.385673446416053, 50.858308083837521 ], [ -0.385673945262076, 50.858308818561795 ], [ -0.385674277829337, 50.858309588273329 ], [ -0.385674444117829, 50.858310392972093 ], [ -0.385674444127543, 50.858311232658117 ], [ -0.38567488754903, 50.858312142317111 ], [ -0.38567577438232, 50.858313121949053 ], [ -0.385677104627441, 50.858314171553964 ], [ -0.385678878284433, 50.858315291131802 ], [ -0.385681095353336, 50.858316480682561 ], [ -0.385683755834194, 50.858317740206211 ], [ -0.385686859727056, 50.858319069702723 ], [ -0.385690407031976, 50.858320469172064 ], [ -0.385693843482248, 50.858321693707047 ], [ -0.385697169077826, 50.858322743307667 ], [ -0.385700383818665, 50.858323617973944 ], [ -0.385703487704721, 50.858324317705907 ], [ -0.385706480735953, 50.858324842503514 ], [ -0.385709362912325, 50.858325192366792 ], [ -0.3857121342338, 50.858325367295791 ], [ -0.385714794700349, 50.858325367290476 ], [ -0.385717732296971, 50.858325192350144 ], [ -0.385720947023633, 50.858324842474744 ], [ -0.38572443888029, 50.858324317664312 ], [ -0.385728207866897, 50.858323617918778 ], [ -0.385732253983395, 50.858322743238126 ], [ -0.385736577229727, 50.858321693622337 ], [ -0.385741177605823, 50.858320469071352 ] ] ] } },
{ "type": "Feature", "properties": { "fid": 59, "pit_id": 59, "mon_name": "Flint Mine Pit Group 7", "site": "Cissbury Ring", "mon_type": "Flint mine pit group", "nhle_id": null, "mon_uid": "MNA188927", "src_shot": "142646", "full_label": "Flint Mine Pit Group 7, Cissbury Ring", "area_m2": 48.71, "perim_m": 24.86, "diam_m": 7.87 }, "geometry": { "type": "Polygon", "coordinates": [ [ [ -0.385811014042991, 50.858250774953454 ], [ -0.385814561321922, 50.858249935259245 ], [ -0.385817720616084, 50.858249095565711 ], [ -0.385820491925495, 50.858248255872887 ], [ -0.385822875250175, 50.858247416180802 ], [ -0.385824870590148, 50.858246576489464 ], [ -0.38582647794543, 50.858245736798914 ], [ -0.385827697316043, 50.858244897109174 ], [ -0.385828528702011, 50.858244057420222 ], [ -0.385828972103352, 50.858243217732102 ], [ -0.385829526358279, 50.858242448017698 ], [ -0.385830191466788, 50.85824174827701 ], [ -0.385830967428878, 50.85824111851003 ], [ -0.385831854244548, 50.85824055871678 ], [ -0.385832851913798, 50.858240068897231 ], [ -0.385833960436629, 50.858239649051377 ], [ -0.385835179813043, 50.858239299179253 ], [ -0.385836510043045, 50.858239019280809 ], [ -0.385837784842677, 50.858238389512657 ], [ -0.385839004211915, 50.858237409874782 ], [ -0.385840168150733, 50.858236080367185 ], [ -0.385841276659107, 50.858234400989893 ], [ -0.38584232973702, 50.858232371742879 ], [ -0.385843327384455, 50.85822999262615 ], [ -0.385844269601393, 50.858227263639698 ], [ -0.385845156387822, 50.858224184783545 ], [ -0.385845710616539, 50.858221175901868 ], [ -0.385845932287609, 50.858218236994681 ], [ -0.385845821401098, 50.85821536806197 ], [ -0.385845377957069, 50.85821256910377 ], [ -0.385844601955576, 50.858209840120018 ], [ -0.38584349339668, 50.858207181110764 ], [ -0.38584205228043, 50.858204592075971 ], [ -0.385840278606879, 50.858202073015647 ], [ -0.385838283229382, 50.858199693903735 ], [ -0.385836066147959, 50.858197454740257 ], [ -0.385833627362621, 50.858195355525169 ], [ -0.385830966873378, 50.858193396258478 ], [ -0.385828084680234, 50.858191576940158 ], [ -0.38582498078319, 50.858189897570192 ], [ -0.385821655182243, 50.858188358148581 ], [ -0.385818107877384, 50.85818695867529 ], [ -0.385814671427474, 50.858185734136804 ], [ -0.385811345832466, 50.858184684533114 ], [ -0.385808131092315, 50.858183809864229 ], [ -0.385805027206975, 50.858183110130192 ], [ -0.38580203417641, 50.858182585330958 ], [ -0.385799152000579, 50.858182235466593 ], [ -0.385796380679448, 50.858182060537068 ], [ -0.385793720212982, 50.858182060542397 ], [ -0.385790727190862, 50.858182270470564 ], [ -0.38578740161304, 50.858182690321534 ], [ -0.385783743479464, 50.858183320095279 ], [ -0.38577975279007, 50.858184159791776 ], [ -0.385775429544786, 50.858185209410991 ], [ -0.385770773743531, 50.85818646895288 ], [ -0.385765785386216, 50.85818793841738 ], [ -0.385760464472742, 50.858189617804484 ], [ -0.385755642398662, 50.858191472125313 ], [ -0.385751319163981, 50.858193501379915 ], [ -0.385747494768713, 50.858195705568335 ], [ -0.385744169212885, 50.858198084690656 ], [ -0.385741342496533, 50.858200638746894 ], [ -0.385739014619709, 50.858203367737097 ], [ -0.385737185582471, 50.858206271661295 ], [ -0.385735855384893, 50.858209350519516 ], [ -0.385734968598086, 50.858212429376636 ], [ -0.385734525222138, 50.858215508232682 ], [ -0.385734525257139, 50.858218587087642 ], [ -0.385734968703177, 50.858221665941514 ], [ -0.38573585556034, 50.858224744794313 ], [ -0.385737185828719, 50.858227823646033 ], [ -0.3857389595084, 50.858230902496643 ], [ -0.385741176599475, 50.858233981346132 ], [ -0.385743504540564, 50.858236815286531 ], [ -0.385745943331651, 50.858239404317843 ], [ -0.38574849297272, 50.858241748440072 ], [ -0.385751153463747, 50.858243847653192 ], [ -0.385753924804705, 50.858245701957188 ], [ -0.385756806995566, 50.858247311352081 ], [ -0.385759800036294, 50.858248675837856 ], [ -0.385762903926855, 50.858249795414473 ], [ -0.385766007815892, 50.85825077504326 ], [ -0.385769111703378, 50.858251614724168 ], [ -0.385772215589285, 50.858252314457232 ], [ -0.385775319473585, 50.858252874242446 ], [ -0.385778423356249, 50.858253294079809 ], [ -0.38578152723725, 50.858253573969293 ], [ -0.385784631116559, 50.858253713910948 ], [ -0.38578773499415, 50.858253713904745 ], [ -0.38579089429699, 50.858253608937545 ], [ -0.385794109025057, 50.858253399009357 ], [ -0.385797379178329, 50.858253084120179 ], [ -0.385800704756783, 50.858252664270019 ], [ -0.385804085760394, 50.858252139458834 ], [ -0.385807522189139, 50.858251509686653 ], [ -0.385811014042991, 50.858250774953454 ] ] ] } },
{ "type": "Feature", "properties": { "fid": 60, "pit_id": 60, "mon_name": "Flint Mine Pit Group 7", "site": "Cissbury Ring", "mon_type": "Flint mine pit group", "nhle_id": null, "mon_uid": "MNA188927", "src_shot": "142646", "full_label": "Flint Mine Pit Group 7, Cissbury Ring", "area_m2": 40.63, "perim_m": 22.77, "diam_m": 7.19 }, "geometry": { "type": "Polygon", "coordinates": [ [ [ -0.385355411412722, 50.858447122283316 ], [ -0.385358515271131, 50.858445442909996 ], [ -0.385361231146263, 50.858443903484606 ], [ -0.385363559038179, 50.858442504007208 ], [ -0.385365498946937, 50.858441244477802 ], [ -0.385367050872585, 50.85844012489644 ], [ -0.385368214815166, 50.858439145263098 ], [ -0.385368990774715, 50.858438305577813 ], [ -0.385369378751259, 50.858437605840599 ], [ -0.385369378744822, 50.858437046051435 ], [ -0.385369489591966, 50.858436556235702 ], [ -0.385369711292692, 50.858436136393415 ], [ -0.385370043846996, 50.858435786524545 ], [ -0.385370487254878, 50.858435506629085 ], [ -0.385371041516338, 50.858435296707057 ], [ -0.385371706631377, 50.858435156758446 ], [ -0.385372482599995, 50.858435086783267 ], [ -0.385373369422199, 50.85843508678149 ], [ -0.385374200814036, 50.858434736911498 ], [ -0.385374976775488, 50.858434037173296 ], [ -0.385375697306541, 50.8584329875669 ], [ -0.38537636240718, 50.858431588092259 ], [ -0.385376972077396, 50.858429838749423 ], [ -0.385377526317181, 50.858427739538371 ], [ -0.385378025126526, 50.858425290459095 ], [ -0.385378468505427, 50.858422491511625 ], [ -0.385378579326624, 50.858419762538375 ], [ -0.385378357590172, 50.858417103539352 ], [ -0.385377803296131, 50.858414514514536 ], [ -0.385376916444553, 50.85841199546396 ], [ -0.385375697035487, 50.858409546387584 ], [ -0.385374145068984, 50.858407167285414 ], [ -0.385372260545087, 50.858404858157428 ], [ -0.385370043463839, 50.85840261900362 ], [ -0.38536738297347, 50.85840055478505 ], [ -0.38536427907401, 50.858398665501682 ], [ -0.385360731765481, 50.858396951153473 ], [ -0.385356741047895, 50.85839541174041 ], [ -0.385352306921248, 50.858394047262429 ], [ -0.385347429385532, 50.858392857719487 ], [ -0.38534210844073, 50.858391843111498 ], [ -0.38533634408681, 50.858391003438442 ], [ -0.385331023146209, 50.858390338698619 ], [ -0.385326145618848, 50.858389848892081 ], [ -0.385321711504654, 50.858389534018869 ], [ -0.385317720803567, 50.858389394079069 ], [ -0.385314173515539, 50.858389429072687 ], [ -0.385311069640529, 50.858389638999775 ], [ -0.385308409178506, 50.858390023860387 ], [ -0.385306192129448, 50.858390583654526 ], [ -0.38530397508165, 50.85839124840922 ], [ -0.385301758035094, 50.858392018124462 ], [ -0.385299540989767, 50.858392892800225 ], [ -0.385297323945651, 50.858393872436544 ], [ -0.385295106902732, 50.858394957033418 ], [ -0.385292889860995, 50.858396146590813 ], [ -0.385290672820425, 50.858397441108764 ], [ -0.385288455781006, 50.858398840587249 ], [ -0.385286405020696, 50.858400240065329 ], [ -0.38528452053951, 50.858401639543025 ], [ -0.385282802337462, 50.858403039020345 ], [ -0.385281250414568, 50.858404438497281 ], [ -0.385279864770841, 50.858405837973862 ], [ -0.3852786454063, 50.858407237450059 ], [ -0.385277592320956, 50.858408636925908 ], [ -0.385276705514825, 50.858410036401395 ], [ -0.38527598498981, 50.858411610810656 ], [ -0.385275430745919, 50.858413360153662 ], [ -0.385275042783164, 50.858415284430407 ], [ -0.38527482110156, 50.858417383640933 ], [ -0.385274765701128, 50.858419657785205 ], [ -0.38527487658189, 50.858422106863259 ], [ -0.385275153743873, 50.858424730875051 ], [ -0.385275597187109, 50.858427529820617 ], [ -0.385276373186929, 50.858430188818147 ], [ -0.385277481743386, 50.858432707867657 ], [ -0.385278922856522, 50.858435086969124 ], [ -0.385280696526379, 50.858437326122534 ], [ -0.385282802752987, 50.858439425327873 ], [ -0.385285241536375, 50.858441384585127 ], [ -0.385288012876564, 50.858443203894289 ], [ -0.385291116773569, 50.858444883255309 ], [ -0.385294497800585, 50.858446387681802 ], [ -0.385298155957603, 50.858447717173711 ], [ -0.385302091244605, 50.858448871731035 ], [ -0.38530630366157, 50.85844985135374 ], [ -0.385310793208467, 50.858450656041782 ], [ -0.385315559885262, 50.858451285795134 ], [ -0.385320603691912, 50.858451740613773 ], [ -0.385325924628369, 50.858452020497651 ], [ -0.385330968430294, 50.858452055474274 ], [ -0.385335735097607, 50.858451845543662 ], [ -0.385340224630231, 50.858451390705852 ], [ -0.385344437028107, 50.858450690960893 ], [ -0.385348372291177, 50.8584497463088 ], [ -0.385352030419393, 50.858448556749607 ], [ -0.385355411412722, 50.858447122283316 ] ] ] } },
{ "type": "Feature", "properties": { "fid": 61, "pit_id": 61, "mon_name": "Flint Mine Pit Group 8", "site": "Cissbury Ring", "mon_type": "Flint mine pit group", "nhle_id": null, "mon_uid": "MNA188910", "src_shot": "supplementary_shot", "full_label": "Flint Mine Pit Group 8, Cissbury Ring", "area_m2": 59.81, "perim_m": 27.53, "diam_m": 8.73 }, "geometry": { "type": "Polygon", "coordinates": [ [ [ -0.385706596216296, 50.858724496230003 ], [ -0.385709700081246, 50.858723376652385 ], [ -0.385712693092229, 50.858722152115085 ], [ -0.385715575249229, 50.858720822618103 ], [ -0.385718346552242, 50.858719388161425 ], [ -0.385721007001255, 50.858717848745094 ], [ -0.38572355659626, 50.858716204369088 ], [ -0.385725995337253, 50.858714455033429 ], [ -0.385728323224228, 50.858712600738144 ], [ -0.385730540257186, 50.858710641483185 ], [ -0.385732424728424, 50.858708402335651 ], [ -0.385733976637958, 50.858705883295549 ], [ -0.385735195985814, 50.858703084362872 ], [ -0.385736082772026, 50.858700005537663 ], [ -0.385736636996645, 50.858696646819894 ], [ -0.385736858659731, 50.858693008209606 ], [ -0.385736747761357, 50.858689089706758 ], [ -0.385736304301607, 50.858684891311398 ], [ -0.385735417433316, 50.858680937823273 ], [ -0.385734087156584, 50.858677229242389 ], [ -0.385732313471498, 50.858673765568703 ], [ -0.385730096378132, 50.858670546802237 ], [ -0.385727435876545, 50.858667572942942 ], [ -0.38572433196678, 50.858664843990795 ], [ -0.385720784648872, 50.858662359945754 ], [ -0.385716793922835, 50.858660120807777 ], [ -0.385712692347052, 50.85865812657665 ], [ -0.385708479921476, 50.858656377252352 ], [ -0.385704156646052, 50.858654872834869 ], [ -0.385699722520723, 50.858653613324201 ], [ -0.38569517754543, 50.858652598720298 ], [ -0.385690521720107, 50.858651829023174 ], [ -0.385685755044687, 50.858651304232829 ], [ -0.385680877519098, 50.858651024349236 ], [ -0.385676221700818, 50.858650884411752 ], [ -0.3856717875898, 50.85865088442042 ], [ -0.385667575186006, 50.858651024375249 ], [ -0.385663584489398, 50.858651304276272 ], [ -0.385659815499943, 50.858651724123526 ], [ -0.385656268217612, 50.858652283917003 ], [ -0.385652942642381, 50.858652983656739 ], [ -0.385649838774229, 50.858653823342756 ], [ -0.385647012038392, 50.858654698014817 ], [ -0.385644462434881, 50.858655607672915 ], [ -0.385642189963704, 50.858656552317072 ], [ -0.385640194624874, 50.85865753194733 ], [ -0.385638476418401, 50.858658546563667 ], [ -0.385637035344303, 50.858659596166127 ], [ -0.385635871402592, 50.858660680754717 ], [ -0.385634984593285, 50.858661800329429 ], [ -0.385634097782333, 50.858662779957513 ], [ -0.385633210969742, 50.858663619638989 ], [ -0.385632324155521, 50.858664319373844 ], [ -0.38563143733968, 50.858664879162077 ], [ -0.385630550522223, 50.858665299003704 ], [ -0.385629663703161, 50.858665578898695 ], [ -0.385628776882502, 50.858665718847078 ], [ -0.385627890060254, 50.85866571884884 ], [ -0.385626947814927, 50.858665998743881 ], [ -0.385625950146505, 50.858666558532185 ], [ -0.385624897054966, 50.858667398213761 ], [ -0.385623788540289, 50.858668517788601 ], [ -0.385622624602447, 50.858669917256712 ], [ -0.385621405241416, 50.85867159661808 ], [ -0.385620130457165, 50.858673555872706 ], [ -0.385618800249666, 50.858675795020609 ], [ -0.385617636320438, 50.858677964194783 ], [ -0.385616638669512, 50.858680063395283 ], [ -0.385615807296915, 50.858682092622075 ], [ -0.385615142202674, 50.858684051875166 ], [ -0.38561464338681, 50.858685941154597 ], [ -0.385614310849348, 50.858687760460327 ], [ -0.385614144590309, 50.858689509792384 ], [ -0.385614144609714, 50.858691189150761 ], [ -0.385614255481858, 50.858692868508854 ], [ -0.385614477206754, 50.858694547866676 ], [ -0.385614809784413, 50.858696227224208 ], [ -0.38561525321485, 50.858697906581462 ], [ -0.385615807498073, 50.858699585938432 ], [ -0.385616472634098, 50.858701265295132 ], [ -0.385617248622934, 50.858702944651547 ], [ -0.385618135464596, 50.858704624007672 ], [ -0.385619244011738, 50.85870630336332 ], [ -0.385620574264384, 50.858707982718499 ], [ -0.38562212622256, 50.858709662073203 ], [ -0.385623899886287, 50.858711341427401 ], [ -0.385625895255593, 50.858713020781096 ], [ -0.385628112330502, 50.858714700134279 ], [ -0.385630551111036, 50.85871637948695 ], [ -0.385633211597223, 50.858718058839067 ], [ -0.385635761229115, 50.858719598244924 ], [ -0.385638200006679, 50.85872099770453 ], [ -0.385640527929883, 50.85872225721787 ], [ -0.385642744998697, 50.858723376784965 ], [ -0.385644851213092, 50.858724356405837 ], [ -0.385646846573044, 50.858725196080449 ], [ -0.385648731078527, 50.858725895808853 ], [ -0.385650504729518, 50.858726455591018 ], [ -0.385652666364454, 50.858726945399319 ], [ -0.385655215983337, 50.858727365233705 ], [ -0.385658153586166, 50.858727715094176 ], [ -0.385661479172937, 50.858727994980683 ], [ -0.385665192743642, 50.858728204893211 ], [ -0.385669294298273, 50.858728344831704 ], [ -0.385673783836813, 50.858728414796133 ], [ -0.385678661359247, 50.858728414786448 ], [ -0.385683317174609, 50.858728274830689 ], [ -0.38568775128286, 50.858727994928891 ], [ -0.385691963683963, 50.858727575081076 ], [ -0.385695954377884, 50.858727015287243 ], [ -0.385699723364597, 50.858726315547436 ], [ -0.385703270644074, 50.858725475861682 ], [ -0.385706596216296, 50.858724496230003 ] ] ] } },
{ "type": "Feature", "properties": { "fid": 62, "pit_id": 62, "mon_name": "Flint Mine Pit Group 8", "site": "Cissbury Ring", "mon_type": "Flint mine pit group", "nhle_id": null, "mon_uid": "MNA188910", "src_shot": "supplementary_shot", "full_label": "Flint Mine Pit Group 8, Cissbury Ring", "area_m2": 42.43, "perim_m": 23.23, "diam_m": 7.35 }, "geometry": { "type": "Polygon", "coordinates": [ [ [ -0.385942269503398, 50.858747866810319 ], [ -0.385945816782694, 50.858747027125112 ], [ -0.385949142355991, 50.858746152453683 ], [ -0.385952246223296, 50.858745242796026 ], [ -0.385955128384615, 50.858744298152189 ], [ -0.385957788839953, 50.858743318522158 ], [ -0.385960227589318, 50.858742303905963 ], [ -0.38596244463272, 50.858741254303631 ], [ -0.385964439970167, 50.858740169715155 ], [ -0.385966213601672, 50.858739050140557 ], [ -0.385967876377977, 50.858737720646467 ], [ -0.385969428299069, 50.858736181232899 ], [ -0.385970869364939, 50.858734431899848 ], [ -0.385972199575578, 50.858732472647326 ], [ -0.385973418930981, 50.858730303475326 ], [ -0.385974527431147, 50.858727924383849 ], [ -0.385975525076077, 50.858725335372924 ], [ -0.385976411865776, 50.858722536442528 ], [ -0.38597707695305, 50.858720017405396 ], [ -0.385977520337949, 50.858717778261557 ], [ -0.385977742020516, 50.85871581901101 ], [ -0.385977742000782, 50.858714139653735 ], [ -0.385977520278773, 50.858712740189766 ], [ -0.385977076854503, 50.858711620619069 ], [ -0.385976411727983, 50.858710780941664 ], [ -0.385975524899214, 50.85871022115753 ], [ -0.385974748922424, 50.858709591399915 ], [ -0.385974083797611, 50.858708891668833 ], [ -0.385973529524775, 50.858708121964263 ], [ -0.385973086103911, 50.858707282286225 ], [ -0.385972753535016, 50.858706372634714 ], [ -0.385972531818084, 50.858705393009714 ], [ -0.385972420953111, 50.858704343411254 ], [ -0.385972420940086, 50.858703223839321 ], [ -0.385972199221443, 50.858702104267813 ], [ -0.385971755797195, 50.858700984696718 ], [ -0.385971090667359, 50.858699865126056 ], [ -0.385970203831954, 50.858698745555806 ], [ -0.385969095290991, 50.858697625985982 ], [ -0.385967765044489, 50.858696506416557 ], [ -0.385966213092466, 50.858695386847536 ], [ -0.385964439434936, 50.858694267278906 ], [ -0.385962554925022, 50.858693182697131 ], [ -0.385960559562728, 50.858692133102203 ], [ -0.385958453348059, 50.858691118494114 ], [ -0.385956236281015, 50.858690138872866 ], [ -0.385953908361601, 50.858689194238444 ], [ -0.385951469589816, 50.858688284590848 ], [ -0.385948919965662, 50.85868740993007 ], [ -0.385946259489141, 50.85868657025609 ], [ -0.385943599013903, 50.858685835542033 ], [ -0.385940938539931, 50.858685205787886 ], [ -0.385938278067208, 50.85868468099364 ], [ -0.385935617595713, 50.85868426115929 ], [ -0.38593295712543, 50.858683946284856 ], [ -0.385930296656341, 50.858683736370331 ], [ -0.385927636188428, 50.858683631415715 ], [ -0.385924975721671, 50.858683631421002 ], [ -0.38592214897792, 50.858683806359835 ], [ -0.385919155957137, 50.858684156232201 ], [ -0.385915996659289, 50.858684681038106 ], [ -0.385912671084331, 50.858685380777509 ], [ -0.38590917923222, 50.858686255450401 ], [ -0.385905521102906, 50.85868730505679 ], [ -0.385901696696336, 50.85868852959662 ], [ -0.385897706012455, 50.858689929069904 ], [ -0.385893992463416, 50.858691573448823 ], [ -0.385890556049189, 50.858693462733413 ], [ -0.38588739676975, 50.858695596923681 ], [ -0.385884514625088, 50.858697976019656 ], [ -0.385881909615197, 50.858700600021379 ], [ -0.385879581740084, 50.858703468928837 ], [ -0.385877530999759, 50.858706582742052 ], [ -0.385875757394247, 50.858709941461058 ], [ -0.385874316344398, 50.85871309025957 ], [ -0.385873207850301, 50.858716029137611 ], [ -0.385872431912035, 50.858718758095158 ], [ -0.385871988529671, 50.85872127713224 ], [ -0.385871877703268, 50.858723586248885 ], [ -0.38587209943288, 50.858725685445059 ], [ -0.385872653718549, 50.858727574720767 ], [ -0.385873540560308, 50.858729254076032 ], [ -0.385874538254021, 50.858730863457843 ], [ -0.385875646799694, 50.858732402866181 ], [ -0.385876866197332, 50.858733872301087 ], [ -0.385878196446941, 50.858735271762519 ], [ -0.385879637548526, 50.858736601250492 ], [ -0.38588118950209, 50.85873786076499 ], [ -0.385882852307636, 50.858739050306021 ], [ -0.385884625965163, 50.858740169873577 ], [ -0.385886787606958, 50.858741254453847 ], [ -0.385889337233042, 50.8587423040468 ], [ -0.385892274843437, 50.858743318652451 ], [ -0.385895600438163, 50.858744298270736 ], [ -0.385899314017237, 50.858745242901627 ], [ -0.385903415580676, 50.858746152545095 ], [ -0.385907905128494, 50.85874702720109 ], [ -0.385912782660704, 50.858747866869571 ], [ -0.385917493911517, 50.858748496618787 ], [ -0.385922038880864, 50.858748916448739 ], [ -0.385926417568675, 50.858749126359463 ], [ -0.38593062997489, 50.858749126350972 ], [ -0.38593467609945, 50.858748916423259 ], [ -0.385938555942303, 50.858748496576375 ], [ -0.385942269503398, 50.858747866810319 ] ] ] } },
{ "type": "Feature", "properties": { "fid": 63, "pit_id": 63, "mon_name": "Flint Mine Pit Group 8", "site": "Cissbury Ring", "mon_type": "Flint mine pit group", "nhle_id": null, "mon_uid": "MNA188910", "src_shot": "supplementary_shot", "full_label": "Flint Mine Pit Group 8, Cissbury Ring", "area_m2": 61.01, "perim_m": 27.87, "diam_m": 8.81 }, "geometry": { "type": "Polygon", "coordinates": [ [ [ -0.386224945027065, 50.858827215768088 ], [ -0.386227162076222, 50.858826655979215 ], [ -0.38622948997586, 50.858825886270864 ], [ -0.386231928725943, 50.858824906643072 ], [ -0.386234478326429, 50.858823717095831 ], [ -0.386237138777275, 50.858822317629112 ], [ -0.386239910078435, 50.858820708242924 ], [ -0.386242792229859, 50.858818888937243 ], [ -0.386245785231493, 50.858816859712078 ], [ -0.386248889083284, 50.858814620567387 ], [ -0.386251660374952, 50.858812241476947 ], [ -0.386254099106523, 50.858809722440775 ], [ -0.386256205278027, 50.858807063458869 ], [ -0.386257978889503, 50.858804264531273 ], [ -0.386259419940993, 50.858801325657993 ], [ -0.386260528432547, 50.858798246839015 ], [ -0.386261304364219, 50.858795028074411 ], [ -0.386261747736074, 50.858791669364116 ], [ -0.386262024831516, 50.85878855555999 ], [ -0.386262135650588, 50.858785686662024 ], [ -0.386262080193322, 50.858783062670199 ], [ -0.386261858459746, 50.858780683584527 ], [ -0.386261470449884, 50.85877854940501 ], [ -0.386260916163752, 50.858776660131653 ], [ -0.386260195601365, 50.858775015764458 ], [ -0.386259308762728, 50.858773616303381 ], [ -0.386258200218028, 50.858772181856168 ], [ -0.386256869967287, 50.858770712422789 ], [ -0.38625531801053, 50.858769208003245 ], [ -0.386253544347782, 50.858767668597501 ], [ -0.386251548979069, 50.858766094205606 ], [ -0.386249331904419, 50.858764484827482 ], [ -0.386246893123861, 50.858762840463172 ], [ -0.386244232637423, 50.858761161112639 ], [ -0.386241683005512, 50.858759621708145 ], [ -0.386239244228091, 50.858758222249726 ], [ -0.38623691630513, 50.858756962737388 ], [ -0.386234699236599, 50.85875584317116 ], [ -0.386232593022469, 50.858754863550985 ], [ -0.386230597662714, 50.858754023876919 ], [ -0.386228713157311, 50.85875332414895 ], [ -0.386226939506237, 50.858752764367068 ], [ -0.386224777871253, 50.858752274559265 ], [ -0.386222228252363, 50.858751854725476 ], [ -0.386219290649565, 50.858751504865687 ], [ -0.386215965062857, 50.858751224979855 ], [ -0.386212251492231, 50.858751015067959 ], [ -0.386208149937676, 50.858750875129978 ], [ -0.386203660399178, 50.858750805165847 ], [ -0.38619878287672, 50.858750805175511 ], [ -0.386193960783766, 50.858751050091151 ], [ -0.386189194120238, 50.858751539912731 ], [ -0.386184482886066, 50.858752274640253 ], [ -0.386179827081175, 50.858753254273751 ], [ -0.386175226705493, 50.858754478813218 ], [ -0.386170681758952, 50.858755948258661 ], [ -0.386166192241485, 50.858757662610074 ], [ -0.386161758153024, 50.858759621867463 ], [ -0.38615782290103, 50.858761511150519 ], [ -0.386154386485577, 50.858763330459304 ], [ -0.386151448906742, 50.858765079793834 ], [ -0.386149010164592, 50.85876675915415 ], [ -0.386147070259192, 50.858768368540311 ], [ -0.386145629190604, 50.858769907952315 ], [ -0.386144686958883, 50.858771377390191 ], [ -0.38614424356408, 50.858772776853939 ], [ -0.386143744741245, 50.858774036371543 ], [ -0.386143190490376, 50.858775155942936 ], [ -0.386142580811476, 50.858776135568149 ], [ -0.386141915704548, 50.858776975247181 ], [ -0.386141195169593, 50.85877767498004 ], [ -0.386140419206615, 50.858778234766696 ], [ -0.386139587815621, 50.858778654607185 ], [ -0.386138700996617, 50.858778934501487 ], [ -0.386137925032851, 50.858779424314911 ], [ -0.386137259924314, 50.85878012404747 ], [ -0.386136705671004, 50.858781033699152 ], [ -0.386136262272921, 50.858782153269971 ], [ -0.386135929730062, 50.858783482759954 ], [ -0.386135708042435, 50.858785022169052 ], [ -0.386135597210047, 50.858786771497286 ], [ -0.386135597232907, 50.858788730744664 ], [ -0.386135818962035, 50.85879075996462 ], [ -0.38613626239746, 50.858792859157134 ], [ -0.386136927539213, 50.858795028322213 ], [ -0.386137814387328, 50.858797267459877 ], [ -0.386138922941842, 50.858799576570085 ], [ -0.386140253202794, 50.858801955652865 ], [ -0.386141805170224, 50.858804404708181 ], [ -0.386143578844172, 50.858806923736026 ], [ -0.386145352516149, 50.858809267831099 ], [ -0.386147126186134, 50.858811436993406 ], [ -0.386148899854109, 50.858813431222927 ], [ -0.386150673520053, 50.858815250519683 ], [ -0.386152447183947, 50.858816894883645 ], [ -0.386154220845771, 50.858818364314843 ], [ -0.386155994505505, 50.858819658813246 ], [ -0.386157768163132, 50.858820778378877 ], [ -0.386160151510185, 50.858821827970424 ], [ -0.386163144546699, 50.858822807587821 ], [ -0.386166747272698, 50.858823717231061 ], [ -0.386170959688204, 50.858824556900061 ], [ -0.386175781793234, 50.858825326594761 ], [ -0.386181213587795, 50.858826026315079 ], [ -0.386187255071895, 50.858826656060948 ], [ -0.386193906245532, 50.85882721583225 ], [ -0.386200003153792, 50.858827635658294 ], [ -0.386205545796601, 50.858827915539145 ], [ -0.386210534173897, 50.858828055474881 ], [ -0.386214968285626, 50.858828055465594 ], [ -0.386218848131751, 50.858827915511327 ], [ -0.386222173712238, 50.858827635612137 ], [ -0.386224945027065, 50.858827215768088 ] ] ] } },
{ "type": "Feature", "properties": { "fid": 64, "pit_id": 64, "mon_name": "Flint Mine Pit Group 8", "site": "Cissbury Ring", "mon_type": "Flint mine pit group", "nhle_id": null, "mon_uid": "MNA188910", "src_shot": "supplementary_shot", "full_label": "Flint Mine Pit Group 8, Cissbury Ring", "area_m2": 41.64, "perim_m": 22.92, "diam_m": 7.28 }, "geometry": { "type": "Polygon", "coordinates": [ [ [ -0.386082610461635, 50.858862342513767 ], [ -0.386085714323324, 50.858860943047432 ], [ -0.386088596478978, 50.858859508594918 ], [ -0.38609125692861, 50.85885803915626 ], [ -0.386093695672234, 50.858856534731444 ], [ -0.386095912709868, 50.858854995320534 ], [ -0.386097908041525, 50.858853420923481 ], [ -0.386099681667226, 50.858851811540355 ], [ -0.386101233586988, 50.85885016717112 ], [ -0.386102563800832, 50.85884848781582 ], [ -0.386103672306983, 50.858846633528209 ], [ -0.386104559105452, 50.85884460430831 ], [ -0.386105224196262, 50.858842400156114 ], [ -0.386105667579435, 50.858840021071622 ], [ -0.386105889254997, 50.858837467054869 ], [ -0.386105889222984, 50.858834738105813 ], [ -0.386105667483433, 50.858831834224475 ], [ -0.386105224036389, 50.858828755410855 ], [ -0.386104337179625, 50.858825816544204 ], [ -0.386103006913218, 50.858823017624495 ], [ -0.386101233237238, 50.858820358651705 ], [ -0.386099016151746, 50.858817839625843 ], [ -0.386096355656795, 50.858815460546857 ], [ -0.386093251752432, 50.858813221414735 ], [ -0.386089704438692, 50.858811122229419 ], [ -0.386085713715607, 50.858809162990902 ], [ -0.386081556716401, 50.858807448658595 ], [ -0.386077233441028, 50.858805979232464 ], [ -0.386072743889438, 50.858804754712494 ], [ -0.38606808806157, 50.858803775098679 ], [ -0.386063265957364, 50.858803040390995 ], [ -0.386058277576752, 50.858802550589402 ], [ -0.38605312291966, 50.858802305693899 ], [ -0.38604780198601, 50.858802305704437 ], [ -0.386042869039264, 50.858802480646801 ], [ -0.386038324079371, 50.858802830521029 ], [ -0.386034167106284, 50.858803355327154 ], [ -0.38603039811997, 50.858804055065235 ], [ -0.386027017120403, 50.858804929735292 ], [ -0.386024024107564, 50.858805979337362 ], [ -0.386021419081447, 50.8588072038715 ], [ -0.386019202042051, 50.8588086033377 ], [ -0.386017095856242, 50.85881007277667 ], [ -0.386015100524023, 50.85881161218844 ], [ -0.386013216045396, 50.858813221572987 ], [ -0.386011442420362, 50.858814900930334 ], [ -0.386009779648925, 50.858816650260486 ], [ -0.38600822773109, 50.85881846956346 ], [ -0.386006786666862, 50.858820358839239 ], [ -0.38600545645625, 50.858822318087832 ], [ -0.386004347951517, 50.858824312322398 ], [ -0.386003461152687, 50.858826341542958 ], [ -0.386002796059791, 50.85882840574952 ], [ -0.386002352672853, 50.858830504942063 ], [ -0.386002130991905, 50.858832639120607 ], [ -0.386002131016975, 50.85883480828516 ], [ -0.386002352748097, 50.858837012435714 ], [ -0.386002796185299, 50.85883925157227 ], [ -0.386003572180691, 50.858841490708087 ], [ -0.386004680734318, 50.85884372984318 ], [ -0.38600612184623, 50.858845968977541 ], [ -0.386007895516476, 50.858848208111141 ], [ -0.386010001745104, 50.858850447243981 ], [ -0.386012440532164, 50.858852686376025 ], [ -0.386015211877702, 50.858854925507273 ], [ -0.38601831578177, 50.858857164637691 ], [ -0.386021696815072, 50.858859158862089 ], [ -0.386025354977592, 50.858860908180446 ], [ -0.386029290269305, 50.858862412592728 ], [ -0.386033502690177, 50.85886367209892 ], [ -0.386037992240163, 50.858864686698986 ], [ -0.386042758919213, 50.858865456392877 ], [ -0.386047802727265, 50.858865981180593 ], [ -0.38605312366425, 50.858866261062055 ], [ -0.386058167467019, 50.858866331024942 ], [ -0.386062934135499, 50.858866191069275 ], [ -0.386067423669628, 50.85886584119509 ], [ -0.386071636069351, 50.858865281402416 ], [ -0.386075571334619, 50.858864511691287 ], [ -0.386079229465391, 50.858863532061733 ], [ -0.386082610461635, 50.858862342513767 ] ] ] } },
{ "type": "Feature", "properties": { "fid": 65, "pit_id": 65, "mon_name": "Flint Mine Pit Group 8", "site": "Cissbury Ring", "mon_type": "Flint mine pit group", "nhle_id": null, "mon_uid": "MNA188910", "src_shot": "supplementary_shot", "full_label": "Flint Mine Pit Group 8, Cissbury Ring", "area_m2": 40.04, "perim_m": 22.46, "diam_m": 7.14 }, "geometry": { "type": "Polygon", "coordinates": [ [ [ -0.385606830401811, 50.858870600270244 ], [ -0.385610821076237, 50.85886836112644 ], [ -0.3856143129105, 50.85886591206426 ], [ -0.385617305904628, 50.858863253083769 ], [ -0.385619800058665, 50.858860384184972 ], [ -0.38562179537267, 50.858857305367934 ], [ -0.385623291846712, 50.858854016632641 ], [ -0.385624289480874, 50.858850517979164 ], [ -0.385624788275259, 50.858846809407474 ], [ -0.385624788229975, 50.858842890917579 ], [ -0.385624289349707, 50.85883921733425 ], [ -0.385623291634569, 50.858835788657437 ], [ -0.385621795084656, 50.858832604887176 ], [ -0.385619799700049, 50.858829666023418 ], [ -0.385617305480813, 50.858826972066154 ], [ -0.385614312427, 50.858824523015336 ], [ -0.385610820538639, 50.858822318870949 ], [ -0.38560682981575, 50.858820359632936 ], [ -0.385602783669513, 50.858818645300801 ], [ -0.38559868209987, 50.858817175874513 ], [ -0.385594525106762, 50.858815951354103 ], [ -0.385590312690127, 50.858814971739534 ], [ -0.385586044849906, 50.858814237030813 ], [ -0.385581721586029, 50.858813747227941 ], [ -0.385577342898432, 50.858813502330911 ], [ -0.385572908787048, 50.858813502339693 ], [ -0.385568751808904, 50.858813607307454 ], [ -0.385564871963974, 50.858813817234221 ], [ -0.385561269252234, 50.858814132120024 ], [ -0.385557943673665, 50.858814551964876 ], [ -0.385554895228251, 50.858815076768806 ], [ -0.38555212391598, 50.858815706531843 ], [ -0.385549629736845, 50.858816441254007 ], [ -0.38554741269084, 50.858817280935298 ], [ -0.385545251072473, 50.858818225576059 ], [ -0.385543144881733, 50.858819275176252 ], [ -0.385541094118606, 50.858820429735914 ], [ -0.385539098783087, 50.858821689255016 ], [ -0.385537158875162, 50.858823053733595 ], [ -0.385535274394824, 50.858824523171613 ], [ -0.385533445342067, 50.858826097569114 ], [ -0.385531671716881, 50.858827776926077 ], [ -0.385530119799219, 50.858829631215066 ], [ -0.385528789589087, 50.85883166043611 ], [ -0.385527681086501, 50.858833864589201 ], [ -0.385526794291478, 50.858836243674332 ], [ -0.385526129204042, 50.85883879769154 ], [ -0.38552568582422, 50.858841526640781 ], [ -0.385525464152046, 50.858844430522112 ], [ -0.38552546418756, 50.858847509335511 ], [ -0.385525852206396, 50.858850483188505 ], [ -0.385526628208628, 50.858853352081084 ], [ -0.385527792194323, 50.858856116013257 ], [ -0.385529344163543, 50.858858774985002 ], [ -0.385531284116345, 50.858861328996291 ], [ -0.385533612052782, 50.858863778047123 ], [ -0.3855363279729, 50.858866122137492 ], [ -0.38553943187674, 50.858868361267341 ], [ -0.385542812909839, 50.858870355491241 ], [ -0.385546471072185, 50.858872104809137 ], [ -0.385550406363749, 50.858873609221042 ], [ -0.385554618784498, 50.858874868726922 ], [ -0.385559108334389, 50.858875883326718 ], [ -0.385563875013368, 50.858876653020424 ], [ -0.385568918821377, 50.858877177808004 ], [ -0.385574239758343, 50.858877457689402 ], [ -0.385579394412816, 50.858877422692593 ], [ -0.385584382784686, 50.858877072817577 ], [ -0.385589204873859, 50.85887640806439 ], [ -0.385593860680239, 50.858875428433031 ], [ -0.385598350203744, 50.858874133923557 ], [ -0.38560267344429, 50.858872524535947 ], [ -0.385606830401811, 50.858870600270244 ] ] ] } },
{ "type": "Feature", "properties": { "fid": 66, "pit_id": 66, "mon_name": "Flint Mine Pit Group 8", "site": "Cissbury Ring", "mon_type": "Flint mine pit group", "nhle_id": null, "mon_uid": "MNA188910", "src_shot": "supplementary_shot", "full_label": "Flint Mine Pit Group 8, Cissbury Ring", "area_m2": 60.14, "perim_m": 27.65, "diam_m": 8.75 }, "geometry": { "type": "Polygon", "coordinates": [ [ [ -0.385875316416403, 50.858919021033721 ], [ -0.385877976876436, 50.858918461244713 ], [ -0.385880526482847, 50.858917831482906 ], [ -0.385882965235625, 50.858917131748321 ], [ -0.385885293134766, 50.858916362040958 ], [ -0.385887510180264, 50.858915522360832 ], [ -0.385889616372114, 50.858914612707949 ], [ -0.385891611710313, 50.858913633082288 ], [ -0.38589349619486, 50.8589125834839 ], [ -0.385895269825754, 50.858911463912754 ], [ -0.385897043454993, 50.858910204395571 ], [ -0.38589881708256, 50.858908804932348 ], [ -0.385900590708638, 50.858907265523307 ], [ -0.385902364333849, 50.85890558616908 ], [ -0.385904137957426, 50.858903766868885 ], [ -0.385905911579352, 50.858901807622765 ], [ -0.385907685199608, 50.858899708430684 ], [ -0.385909458818181, 50.85889746929265 ], [ -0.38591101073147, 50.858895265141427 ], [ -0.38591234093951, 50.85889309597701 ], [ -0.385913449442337, 50.858890961799425 ], [ -0.385914336239981, 50.858888862608673 ], [ -0.385915001332478, 50.85888679840474 ], [ -0.385915444719857, 50.858884769187654 ], [ -0.385915666402149, 50.858882774957387 ], [ -0.385915666379382, 50.858880815713981 ], [ -0.385915555504193, 50.858878891457223 ], [ -0.385915333776592, 50.8588770021871 ], [ -0.385915001196596, 50.858875147903632 ], [ -0.385914557764215, 50.858873328606805 ], [ -0.385914003479463, 50.858871544296612 ], [ -0.385913338342349, 50.858869794973074 ], [ -0.385912562352886, 50.858868080636171 ], [ -0.385911675511086, 50.858866401285916 ], [ -0.385910788671767, 50.858864931854654 ], [ -0.385909901834914, 50.858863672342395 ], [ -0.385909015000521, 50.85886262274915 ], [ -0.385908128168571, 50.858861783074893 ], [ -0.385907241339056, 50.858861153319637 ], [ -0.385906354511963, 50.858860733483397 ], [ -0.385905467687278, 50.85886052356615 ], [ -0.385904580864993, 50.858860523567905 ], [ -0.385903804894675, 50.858860453596421 ], [ -0.385903139776331, 50.858860313651697 ], [ -0.385902585509962, 50.85886010373374 ], [ -0.385902142095568, 50.85885982384255 ], [ -0.385901809533149, 50.858859473978136 ], [ -0.385901587822705, 50.858859054140488 ], [ -0.385901476964232, 50.858858564329601 ], [ -0.385901476957729, 50.858858004545496 ], [ -0.385901199818387, 50.858857374788919 ], [ -0.385900645546221, 50.858856675059869 ], [ -0.385899814141243, 50.858855905358354 ], [ -0.385898705603472, 50.858855065684359 ], [ -0.385897319932929, 50.858854156037879 ], [ -0.385895657129634, 50.858853176418918 ], [ -0.385893717193616, 50.858852126827436 ], [ -0.385891500124901, 50.858851007263446 ], [ -0.385889338483436, 50.858849957672334 ], [ -0.385887232269206, 50.858848978054141 ], [ -0.385885181482201, 50.858848068408847 ], [ -0.385883186122407, 50.858847228736437 ], [ -0.385881246189811, 50.858846459036954 ], [ -0.385879361684403, 50.858845759310356 ], [ -0.385877532606171, 50.858845129556684 ], [ -0.385875758955104, 50.858844569775925 ], [ -0.385873652746511, 50.858844079968932 ], [ -0.385871213980391, 50.858843660135719 ], [ -0.385868442656742, 50.858843310276228 ], [ -0.38586533877556, 50.85884303039046 ], [ -0.38586190233684, 50.858842820478365 ], [ -0.385858133340568, 50.858842680539929 ], [ -0.385854031786735, 50.858842610575131 ], [ -0.385849597675321, 50.85884261058392 ], [ -0.385845274418872, 50.858842785525013 ], [ -0.38584106201734, 50.858843135398445 ], [ -0.385836960470679, 50.858843660204222 ], [ -0.385832969778846, 50.858844359942331 ], [ -0.385829089941801, 50.858845234612794 ], [ -0.385825320959504, 50.85884628421563 ], [ -0.38582166283192, 50.858847508750848 ], [ -0.385818115559018, 50.858848908218476 ], [ -0.385814789993309, 50.858850447631539 ], [ -0.385811686134787, 50.858852126990072 ], [ -0.385808803983445, 50.858853946294104 ], [ -0.385806143539285, 50.858855905543649 ], [ -0.385803704802308, 50.858858004738714 ], [ -0.385801487772521, 50.858860243879306 ], [ -0.385799492449937, 50.858862622965454 ], [ -0.385797718834569, 50.858865141997171 ], [ -0.385796166924238, 50.858867626041793 ], [ -0.385794836718982, 50.858870075099354 ], [ -0.385793728218837, 50.858872489169848 ], [ -0.385792841423844, 50.858874868253295 ], [ -0.385792176334036, 50.858877212349682 ], [ -0.385791732949448, 50.858879521459031 ], [ -0.385791511270119, 50.858881795581325 ], [ -0.385791511296076, 50.858884034716588 ], [ -0.385791788454253, 50.858886308837675 ], [ -0.385792342744692, 50.858888617944601 ], [ -0.385793174167432, 50.858890962037343 ], [ -0.38579428272252, 50.858893341115923 ], [ -0.385795668410001, 50.858895755180292 ], [ -0.38579733122992, 50.858898204230485 ], [ -0.385799271182327, 50.858900688266459 ], [ -0.385801488267269, 50.858903207288222 ], [ -0.385803705349883, 50.85890551639109 ], [ -0.385805922430156, 50.85890761557512 ], [ -0.385808139509241, 50.858909504841456 ], [ -0.38581035658577, 50.858911184188791 ], [ -0.385812573659715, 50.858912653617111 ], [ -0.385814790731046, 50.858913913126415 ], [ -0.385817007799732, 50.858914962716725 ], [ -0.385819224865748, 50.858915802388005 ], [ -0.385821774489267, 50.858916572085754 ], [ -0.385824656670297, 50.858917271809922 ], [ -0.38582787140884, 50.858917901560524 ], [ -0.385831418704896, 50.858918461337524 ], [ -0.385835298558461, 50.858918951140865 ], [ -0.38583951096953, 50.858919370970533 ], [ -0.385844055938092, 50.858919720826485 ], [ -0.385848933464137, 50.858920000708686 ], [ -0.385853533857027, 50.85892017563188 ], [ -0.385857857116724, 50.85892024559611 ], [ -0.385861903243201, 50.858920210601397 ], [ -0.385865672236429, 50.858920070647784 ], [ -0.385869164096384, 50.858919825735285 ], [ -0.385872378823047, 50.858919475863914 ], [ -0.385875316416403, 50.858919021033721 ] ] ] } },
{ "type": "Feature", "properties": { "fid": 67, "pit_id": 67, "mon_name": "Flint Mine Pit Group 8", "site": "Cissbury Ring", "mon_type": "Flint mine pit group", "nhle_id": null, "mon_uid": "MNA188910", "src_shot": "supplementary_shot", "full_label": "Flint Mine Pit Group 8, Cissbury Ring", "area_m2": 63.32, "perim_m": 28.95, "diam_m": 8.98 }, "geometry": { "type": "Polygon", "coordinates": [ [ [ -0.385706379839967, 50.85916938398131 ], [ -0.385713474394188, 50.859167424734302 ], [ -0.385719959257834, 50.859165465488168 ], [ -0.38572583443098, 50.859163506243007 ], [ -0.385731099913699, 50.859161546998891 ], [ -0.385735755706064, 50.859159587755926 ], [ -0.385739801808152, 50.859157628514176 ], [ -0.385743238220037, 50.859155669273683 ], [ -0.385746064941795, 50.859153710034533 ], [ -0.385748281973501, 50.859151750796777 ], [ -0.385750221874394, 50.859149896518417 ], [ -0.385751884644522, 50.859148147199498 ], [ -0.385753270283928, 50.859146502839998 ], [ -0.385754378792648, 50.859144963439967 ], [ -0.385755210170719, 50.859143528999361 ], [ -0.385755764418169, 50.85914219951826 ], [ -0.385756041535029, 50.859140974996606 ], [ -0.38575604152132, 50.859139855434428 ], [ -0.385755764372932, 50.859138525954805 ], [ -0.385755210089893, 50.859136986557729 ], [ -0.385754378672236, 50.859135237243201 ], [ -0.38575327012, 50.859133278011228 ], [ -0.385751884433239, 50.85913110886176 ], [ -0.385750221612007, 50.859128729794833 ], [ -0.385748281656368, 50.859126140810424 ], [ -0.385746064566395, 50.859123341908493 ], [ -0.385743958333678, 50.859120892869626 ], [ -0.385741962958155, 50.859118793693817 ], [ -0.385740078439768, 50.85911704438108 ], [ -0.385738304778463, 50.859115644931414 ], [ -0.385736641974189, 50.859114595344835 ], [ -0.385735090026904, 50.859113895621334 ], [ -0.385733648936568, 50.859113545760927 ], [ -0.385732318703147, 50.859113545763599 ], [ -0.385730822188313, 50.859113370834926 ], [ -0.385729159392087, 50.859113020974888 ], [ -0.38572733031449, 50.859112496183492 ], [ -0.385725334955549, 50.859111796460738 ], [ -0.385723173315294, 50.859110921806582 ], [ -0.385720845393756, 50.859109872221048 ], [ -0.385718351190976, 50.859108647704105 ], [ -0.385715690706991, 50.859107248255746 ], [ -0.385712420535836, 50.859106093713272 ], [ -0.385708540677507, 50.859105184076626 ], [ -0.385704051131979, 50.859104519345742 ], [ -0.385698951899211, 50.85910409952055 ], [ -0.385693242979141, 50.859103924600973 ], [ -0.385686924371686, 50.859103994586924 ], [ -0.385679996076751, 50.859104309478298 ], [ -0.385672458094215, 50.859104869274987 ], [ -0.385665197247412, 50.859105708961629 ], [ -0.385658213536224, 50.859106828538252 ], [ -0.385651506960547, 50.859108228004935 ], [ -0.385645077520283, 50.859109907361685 ], [ -0.385638925215345, 50.859111866608586 ], [ -0.385633050045654, 50.859114105745668 ], [ -0.385627452011146, 50.859116624772973 ], [ -0.385622131111761, 50.859119423690537 ], [ -0.38561753075547, 50.859122257592588 ], [ -0.385613650942391, 50.859125126479213 ], [ -0.385610491672646, 50.859128030350483 ], [ -0.38560805294636, 50.859130969206454 ], [ -0.385606334763662, 50.859133943047162 ], [ -0.385605337124684, 50.859136951872664 ], [ -0.385605060029563, 50.859139995682945 ], [ -0.385605503478436, 50.859143074478048 ], [ -0.385606113204282, 50.859145978341147 ], [ -0.385606889207124, 50.85914870727224 ], [ -0.385607831486985, 50.859151261271329 ], [ -0.385608940043881, 50.859153640338413 ], [ -0.385610214877827, 50.85915584447347 ], [ -0.38561165598883, 50.859157873676537 ], [ -0.385613263376899, 50.859159727947564 ], [ -0.385615037042036, 50.85916140728655 ], [ -0.385617531249233, 50.859163016651692 ], [ -0.385620745998554, 50.859164556042955 ], [ -0.385624681290058, 50.859166025460262 ], [ -0.385629337123796, 50.859167424903561 ], [ -0.385634713499814, 50.859168754372725 ], [ -0.385640810418153, 50.859170013867697 ], [ -0.385647627878844, 50.859171203388335 ], [ -0.385655165881916, 50.859172322934533 ], [ -0.385662648454518, 50.859173057631551 ], [ -0.385670075596462, 50.859173407479389 ], [ -0.385677447307565, 50.859173372478054 ], [ -0.385684763587644, 50.859172952627567 ], [ -0.38569202443652, 50.859172147927957 ], [ -0.385699229854021, 50.859170958379188 ], [ -0.385706379839967, 50.85916938398131 ] ] ] } },
{ "type": "Feature", "properties": { "fid": 68, "pit_id": 68, "mon_name": "Flint Mine Pit Group 8", "site": "Cissbury Ring", "mon_type": "Flint mine pit group", "nhle_id": null, "mon_uid": "MNA188910", "src_shot": "supplementary_shot", "full_label": "Flint Mine Pit Group 8, Cissbury Ring", "area_m2": 27.11, "perim_m": 18.52, "diam_m": 5.88 }, "geometry": { "type": "Polygon", "coordinates": [ [ [ -0.386275274127281, 50.858988993151485 ], [ -0.386279708218237, 50.858987313794039 ], [ -0.386283643469808, 50.85898549449162 ], [ -0.386287079882018, 50.858983535244249 ], [ -0.386290017454897, 50.858981436051991 ], [ -0.386292456188483, 50.858979196914866 ], [ -0.386294396082825, 50.858976817832954 ], [ -0.386295837137981, 50.85897429880621 ], [ -0.386296779354016, 50.858971639834685 ], [ -0.386297222731009, 50.858968840918408 ], [ -0.386297444404022, 50.85896618194824 ], [ -0.386297444373097, 50.858963662924225 ], [ -0.38629722263827, 50.858961283846341 ], [ -0.386296779199573, 50.858959044714609 ], [ -0.386296114057036, 50.858956945528973 ], [ -0.386295227210681, 50.858954986289504 ], [ -0.386294118660529, 50.85895316699613 ], [ -0.386292788406599, 50.858951487648895 ], [ -0.386291014742724, 50.858949913261974 ], [ -0.386288797668941, 50.858948443835367 ], [ -0.386286137185278, 50.858947079369045 ], [ -0.386283033291753, 50.858945819862981 ], [ -0.386279485988387, 50.858944665317132 ], [ -0.386275495275187, 50.858943615731476 ], [ -0.386271061152157, 50.858942671105929 ], [ -0.386266183619297, 50.85894183144049 ], [ -0.386261527794781, 50.858941201693312 ], [ -0.38625709367854, 50.858940781864398 ], [ -0.386252881270506, 50.858940571953809 ], [ -0.38624889057062, 50.858940571961554 ], [ -0.386245121578829, 50.858940781887654 ], [ -0.386241574295083, 50.858941201732137 ], [ -0.386238248719339, 50.858941831495017 ], [ -0.386235144851565, 50.858942671176301 ], [ -0.38623220726649, 50.858943790748825 ], [ -0.386229435964076, 50.858945190212559 ], [ -0.386226830944288, 50.858946869567539 ], [ -0.386224392207092, 50.85894882881378 ], [ -0.386222119752469, 50.85895106795126 ], [ -0.386220013580398, 50.858953586980036 ], [ -0.386218073690868, 50.858956385900065 ], [ -0.386216300083872, 50.858959464711397 ], [ -0.386215080739595, 50.858962473548566 ], [ -0.386214415658151, 50.858965412411578 ], [ -0.386214304839643, 50.858968281300442 ], [ -0.386214748284176, 50.858971080215191 ], [ -0.386215745991847, 50.858973809155792 ], [ -0.386217297962752, 50.858976468122222 ], [ -0.386219404196974, 50.858979057114489 ], [ -0.386222064694599, 50.858981576132543 ], [ -0.386224836042137, 50.858983850245323 ], [ -0.386227718239561, 50.858985879452867 ], [ -0.386230711286841, 50.858987663755116 ], [ -0.386233815183946, 50.858989203152078 ], [ -0.386237029930836, 50.858990497643759 ], [ -0.386240355527471, 50.85899154723014 ], [ -0.38624379197381, 50.858992351911205 ], [ -0.386247339269801, 50.858992911686947 ], [ -0.386250997415413, 50.858993191571088 ], [ -0.386254766410581, 50.858993191563606 ], [ -0.386258646255239, 50.858992911664487 ], [ -0.386262636949316, 50.858992351873731 ], [ -0.386266738492735, 50.858991512191317 ], [ -0.386270950885418, 50.858990392617251 ], [ -0.386275274127281, 50.858988993151485 ] ] ] } },
{ "type": "Feature", "properties": { "fid": 69, "pit_id": 69, "mon_name": "Flint Mine Pit Group 8", "site": "Cissbury Ring", "mon_type": "Flint mine pit group", "nhle_id": null, "mon_uid": "MNA188910", "src_shot": "supplementary_shot", "full_label": "Flint Mine Pit Group 8, Cissbury Ring", "area_m2": 85.94, "perim_m": 33.6, "diam_m": 10.46 }, "geometry": { "type": "Polygon", "coordinates": [ [ [ -0.385573798704009, 50.85907128257201 ], [ -0.385583553742272, 50.859070722770511 ], [ -0.385592643660682, 50.859069883078796 ], [ -0.38560106845911, 50.859068763497049 ], [ -0.385608828137448, 50.859067364025421 ], [ -0.385615922695616, 50.859065684664024 ], [ -0.385622352133551, 50.859063725412987 ], [ -0.38562811645122, 50.859061486272402 ], [ -0.385633215648611, 50.859058967242397 ], [ -0.385637649725738, 50.859056168323029 ], [ -0.385641584967105, 50.859053544336383 ], [ -0.385645021372841, 50.859051095282496 ], [ -0.385647958943061, 50.859048821161409 ], [ -0.385650397677869, 50.859046721973172 ], [ -0.385652337577362, 50.8590447977178 ], [ -0.385653778641621, 50.859043048395328 ], [ -0.385654720870718, 50.859041474005785 ], [ -0.385655164264714, 50.859040074549156 ], [ -0.385655496803741, 50.859038500160672 ], [ -0.385655718487802, 50.859036750840311 ], [ -0.38565582931691, 50.859034826588072 ], [ -0.385655829291073, 50.859032727403964 ], [ -0.38565571841031, 50.859030453287986 ], [ -0.385655496674635, 50.85902800424013 ], [ -0.385655164084068, 50.859025380260412 ], [ -0.385654720638632, 50.859022581348803 ], [ -0.385654000062388, 50.859019887396926 ], [ -0.385653002355383, 50.859017298404723 ], [ -0.385651727517655, 50.859014814372223 ], [ -0.38565017554924, 50.859012435299405 ], [ -0.385648346450172, 50.859010161186234 ], [ -0.385646240220479, 50.859007992032744 ], [ -0.385643856860185, 50.859005927838872 ], [ -0.385641196369313, 50.85900396860464 ], [ -0.385638757587182, 50.85900225427487 ], [ -0.385636540513731, 50.85900078484957 ], [ -0.385634545148905, 50.858999560328762 ], [ -0.385632771492657, 50.858998580712445 ], [ -0.385631219544943, 50.858997846000648 ], [ -0.385629889305729, 50.858997356193356 ], [ -0.385628780774988, 50.858997111290599 ], [ -0.3856278939527, 50.858997111292368 ], [ -0.385627117982336, 50.858997041321054 ], [ -0.3856264528639, 50.858996901376656 ], [ -0.385625898597396, 50.85899669145919 ], [ -0.385625455182822, 50.858996411568633 ], [ -0.385625122620179, 50.858996061705 ], [ -0.385624900909465, 50.858995641868304 ], [ -0.385624790050681, 50.858995152058547 ], [ -0.38562479004382, 50.858994592275685 ], [ -0.385624568331799, 50.858994067479721 ], [ -0.385624124914623, 50.858993577670624 ], [ -0.385623459792299, 50.858993122848425 ], [ -0.385622572964832, 50.85899270301308 ], [ -0.385621464432225, 50.85899231816461 ], [ -0.385620134194482, 50.858991968303009 ], [ -0.385618582251605, 50.858991653428248 ], [ -0.385616808603597, 50.858991373540327 ], [ -0.385615256660742, 50.858991058665524 ], [ -0.38561392642304, 50.85899070880383 ], [ -0.38561281789049, 50.858990323955247 ], [ -0.385611931063087, 50.858989904119788 ], [ -0.38561126594083, 50.858989449297454 ], [ -0.38561082252371, 50.858988959488251 ], [ -0.385610600811725, 50.858988434692186 ], [ -0.385610600804864, 50.858987874909261 ], [ -0.38561032366556, 50.858987280140454 ], [ -0.385609769393826, 50.858986650385766 ], [ -0.385608937989672, 50.858985985645212 ], [ -0.385607829453113, 50.85898528591877 ], [ -0.385606443784164, 50.858984551206433 ], [ -0.385604780982841, 50.858983781508201 ], [ -0.385602841049161, 50.858982976824052 ], [ -0.385600623983144, 50.858982137153959 ], [ -0.38559790808278, 50.858981542390104 ], [ -0.385594693348044, 50.858981192532426 ], [ -0.385590979778899, 50.858981087580894 ], [ -0.385586767375293, 50.858981227535459 ], [ -0.385582056137154, 50.858981612396065 ], [ -0.385576846064398, 50.858982242162639 ], [ -0.385571137156926, 50.858983116835148 ], [ -0.385564929414622, 50.858984236413484 ], [ -0.385559109658355, 50.858985460950123 ], [ -0.385553677888118, 50.858986790445115 ], [ -0.385548634103903, 50.858988224898511 ], [ -0.385543978305711, 50.85898976431038 ], [ -0.385539710493549, 50.858991408680765 ], [ -0.385535830667428, 50.858993158009689 ], [ -0.385532338827363, 50.8589950122972 ], [ -0.385529234973374, 50.858996971543348 ], [ -0.38552624197392, 50.858999070734782 ], [ -0.385523359828988, 50.859001309871523 ], [ -0.385520588538566, 50.859003688953578 ], [ -0.385517928102643, 50.859006207980975 ], [ -0.385515378521218, 50.859008866953687 ], [ -0.385512939794281, 50.859011665871733 ], [ -0.385510611921833, 50.85901460473513 ], [ -0.385508394903872, 50.859017683543875 ], [ -0.385506455018553, 50.859020832324603 ], [ -0.385504792265924, 50.859024051077313 ], [ -0.385503406646034, 50.859027339802019 ], [ -0.385502298158934, 50.859030698498756 ], [ -0.385501466804678, 50.859034127167497 ], [ -0.385500912583323, 50.85903762580827 ], [ -0.385500635494927, 50.859041194421067 ], [ -0.385500635539552, 50.859044833005889 ], [ -0.385500801859002, 50.859048121726438 ], [ -0.385501134453311, 50.859051060582679 ], [ -0.385501633322503, 50.859053649574626 ], [ -0.385502298466597, 50.859055888702287 ], [ -0.385503129885602, 50.859057777965639 ], [ -0.385504127579522, 50.859059317364682 ], [ -0.385505291548351, 50.859060506899418 ], [ -0.385506621792075, 50.859061346569852 ], [ -0.385508229168116, 50.859062221226139 ], [ -0.385510113676492, 50.859063130868265 ], [ -0.385512275317225, 50.859064075496207 ], [ -0.385514714090333, 50.859065055109987 ], [ -0.385517429995843, 50.859066069709556 ], [ -0.38552042303378, 50.859067119294892 ], [ -0.385523693204166, 50.859068203865981 ], [ -0.385527240507031, 50.859069323422816 ], [ -0.385531563777001, 50.859070233060258 ], [ -0.385536663014068, 50.859070932778231 ], [ -0.385542538218196, 50.859071422576648 ], [ -0.385549189389338, 50.859071702455367 ], [ -0.385556616527419, 50.859071772414268 ], [ -0.385564819632347, 50.859071632453208 ], [ -0.385573798704009, 50.85907128257201 ] ] ] } },
{ "type": "Feature", "properties": { "fid": 70, "pit_id": 70, "mon_name": "Flint Mine Pit Group 8", "site": "Cissbury Ring", "mon_type": "Flint mine pit group", "nhle_id": null, "mon_uid": "MNA188910", "src_shot": "supplementary_shot", "full_label": "Flint Mine Pit Group 8, Cissbury Ring", "area_m2": 94.49, "perim_m": 34.87, "diam_m": 10.97 }, "geometry": { "type": "Polygon", "coordinates": [ [ [ -0.38617085345064, 50.859205908716405 ], [ -0.386174844137205, 50.859204789147782 ], [ -0.386178723968155, 50.859203424675343 ], [ -0.386182492943437, 50.859201815299066 ], [ -0.386186151063002, 50.859199961019023 ], [ -0.386189698326805, 50.859197861835177 ], [ -0.386193134734807, 50.859195517747573 ], [ -0.386196460286966, 50.859192928756208 ], [ -0.386199674983249, 50.859190094861077 ], [ -0.386202778823626, 50.859187016062208 ], [ -0.386205272969821, 50.859183657373798 ], [ -0.38620715742192, 50.859180018795861 ], [ -0.386208432180029, 50.859176100328462 ], [ -0.386209097244276, 50.859171901971607 ], [ -0.38620915261481, 50.859167423725289 ], [ -0.386208598291805, 50.859162665589515 ], [ -0.386207434275451, 50.859157627564301 ], [ -0.386205660565967, 50.859152309649595 ], [ -0.386203609730988, 50.859147516529994 ], [ -0.386201281770536, 50.859143248205513 ], [ -0.386198676684612, 50.859139504676087 ], [ -0.386195794473197, 50.85913628594173 ], [ -0.386192635136255, 50.859133592002429 ], [ -0.386189198673732, 50.859131422858134 ], [ -0.38618548508555, 50.859129778508851 ], [ -0.386181494371619, 50.859128658954525 ], [ -0.38617778078972, 50.859127539399537 ], [ -0.386174344339835, 50.859126419843911 ], [ -0.386171185021941, 50.859125300287666 ], [ -0.38616830283602, 50.859124180730838 ], [ -0.386165697782051, 50.859123061173435 ], [ -0.386163369860013, 50.859121941615477 ], [ -0.386161319069887, 50.859120822057001 ], [ -0.386159545411653, 50.859119702497985 ], [ -0.386157162065761, 50.859118792858389 ], [ -0.386154169032216, 50.859118093138164 ], [ -0.386150566311009, 50.859117603337275 ], [ -0.386146353902109, 50.859117323455656 ], [ -0.386141531805473, 50.859117253493253 ], [ -0.386136100021041, 50.859117393449971 ], [ -0.386130058548737, 50.85911774332574 ], [ -0.386123407388468, 50.859118303120468 ], [ -0.386116867084294, 50.859119107819154 ], [ -0.38611043763612, 50.859120157421835 ], [ -0.38610411904385, 50.859121451928509 ], [ -0.386097911307393, 50.859122991339184 ], [ -0.386091814426663, 50.85912477565391 ], [ -0.386085828401576, 50.85912680487268 ], [ -0.386079953232052, 50.859129078995522 ], [ -0.386074188918011, 50.859131598022451 ], [ -0.386069034296619, 50.859134326965581 ], [ -0.386064489367908, 50.859137265824984 ], [ -0.386060554131931, 50.859140414600738 ], [ -0.386057228588754, 50.859143773292921 ], [ -0.386054512738462, 50.859147341901554 ], [ -0.386052406581155, 50.859151120426681 ], [ -0.386050910116951, 50.859155108868364 ], [ -0.386050023345983, 50.859159307226598 ], [ -0.386049413703762, 50.859163260679999 ], [ -0.386049081190366, 50.859166969228561 ], [ -0.386049025805871, 50.859170432872276 ], [ -0.386049247550338, 50.859173651611172 ], [ -0.386049746423823, 50.859176625445208 ], [ -0.386050522426372, 50.859179354374412 ], [ -0.386051575558021, 50.859181838398761 ], [ -0.386052905818801, 50.859184077518279 ], [ -0.386054180650275, 50.859186071733902 ], [ -0.386055400052418, 50.85918782104563 ], [ -0.386056564025207, 50.859189325453457 ], [ -0.386057672568616, 50.859190584957418 ], [ -0.386058725682625, 50.859191599557477 ], [ -0.386059723367213, 50.859192369253648 ], [ -0.386060665622364, 50.859192894045961 ], [ -0.38606155244806, 50.859193173934379 ], [ -0.386062439276281, 50.859193663740399 ], [ -0.386063326107037, 50.859194363464042 ], [ -0.386064212940342, 50.8591952731053 ], [ -0.386065099776206, 50.859196392664181 ], [ -0.386065986614641, 50.859197722140657 ], [ -0.386066873455659, 50.859199261534762 ], [ -0.38606776029927, 50.859201010846469 ], [ -0.386068647145487, 50.859202970075792 ], [ -0.386070753369241, 50.859204684399245 ], [ -0.386074078970633, 50.859206153816778 ], [ -0.386078623949732, 50.859207378328264 ], [ -0.386084388306563, 50.859208357933568 ], [ -0.386091372041117, 50.859209092632518 ], [ -0.38609957515335, 50.859209582424882 ], [ -0.386108997643174, 50.859209827310423 ], [ -0.38611963951047, 50.859209827288801 ], [ -0.386129449980365, 50.859209687323236 ], [ -0.386138429052777, 50.859209407413864 ], [ -0.386146576727632, 50.859208987560905 ], [ -0.386153893004877, 50.859208427764528 ], [ -0.386160377884474, 50.859207728024906 ], [ -0.386166031366397, 50.859206888342158 ], [ -0.38617085345064, 50.859205908716405 ] ] ] } },
{ "type": "Feature", "properties": { "fid": 71, "pit_id": 71, "mon_name": "Flint Mine Pit Group 8", "site": "Cissbury Ring", "mon_type": "Flint mine pit group", "nhle_id": null, "mon_uid": "MNA188910", "src_shot": "supplementary_shot", "full_label": "Flint Mine Pit Group 8, Cissbury Ring", "area_m2": 59.34, "perim_m": 27.34, "diam_m": 8.69 }, "geometry": { "type": "Polygon", "coordinates": [ [ [ -0.386183491870921, 50.85930442991274 ], [ -0.386187039146323, 50.859303310347308 ], [ -0.386190420141696, 50.859302120809744 ], [ -0.386193634857037, 50.859300861300049 ], [ -0.386196683292343, 50.859299531818259 ], [ -0.386199565447618, 50.85929813236433 ], [ -0.38620228132286, 50.859296662938348 ], [ -0.386204830918072, 50.859295123540271 ], [ -0.386207214233259, 50.85929351417014 ], [ -0.386209431268429, 50.859291834827943 ], [ -0.38621142659543, 50.859289945568804 ], [ -0.386213200214263, 50.859287846392697 ], [ -0.386214752124931, 50.859285537299655 ], [ -0.386216082327447, 50.859283018289659 ], [ -0.386217190821827, 50.859280289362751 ], [ -0.386218077608094, 50.859277350518923 ], [ -0.386218742686276, 50.859274201758161 ], [ -0.386219186056408, 50.859270843080502 ], [ -0.386219186015514, 50.859267519389782 ], [ -0.386218742563687, 50.859264230685987 ], [ -0.386217855701022, 50.859260976969146 ], [ -0.386216525427607, 50.859257758239224 ], [ -0.386214751743532, 50.859254574496219 ], [ -0.386212534648884, 50.859251425740105 ], [ -0.386209874143748, 50.859248311970852 ], [ -0.386206770228207, 50.859245233188439 ], [ -0.386203278331404, 50.859242434296803 ], [ -0.386199398453348, 50.859239915295923 ], [ -0.386195130594034, 50.859237676185757 ], [ -0.386190474753442, 50.859235716966268 ], [ -0.386185430931542, 50.859234037637385 ], [ -0.386179999128285, 50.859232638199089 ], [ -0.386174179343611, 50.859231518651306 ], [ -0.386167971577444, 50.859230678993988 ], [ -0.386161930095169, 50.859230189198698 ], [ -0.386156054896645, 50.85923004926547 ], [ -0.386150345981738, 50.85923025919432 ], [ -0.386144803350321, 50.859230818985267 ], [ -0.386139427002278, 50.859231728638356 ], [ -0.386134216937494, 50.8592329881536 ], [ -0.386129173155867, 50.859234597531007 ], [ -0.3861242956573, 50.859236556770618 ], [ -0.386119861569677, 50.859238516009107 ], [ -0.386115870893056, 50.859240475246501 ], [ -0.386112323627488, 50.859242434482901 ], [ -0.38610921977303, 50.859244393718292 ], [ -0.386106559329736, 50.859246352952745 ], [ -0.386104342297661, 50.859248312186267 ], [ -0.386102568676862, 50.859250271418887 ], [ -0.38610123846739, 50.859252230650647 ], [ -0.386100074537883, 50.859254259854396 ], [ -0.386099076888356, 50.859256359030148 ], [ -0.386098245518828, 50.85925852817789 ], [ -0.386097580429315, 50.859260767297648 ], [ -0.386097081619841, 50.859263076389411 ], [ -0.386096749090426, 50.85926545545319 ], [ -0.386096582841094, 50.859267904488973 ], [ -0.38609658287187, 50.859270423496774 ], [ -0.386096860034448, 50.859272942503893 ], [ -0.386097414328873, 50.859275461510336 ], [ -0.38609824575519, 50.859277980516076 ], [ -0.386099354313443, 50.859280499521134 ], [ -0.386100740003677, 50.859283018525495 ], [ -0.386102402825938, 50.859285537529125 ], [ -0.386104342780268, 50.859288056532044 ], [ -0.386106559866716, 50.859290575534224 ], [ -0.386108776950701, 50.859292884619137 ], [ -0.386110994032193, 50.85929498378681 ], [ -0.386113211111164, 50.859296873037216 ], [ -0.386115428187586, 50.859298552370383 ], [ -0.386117645261427, 50.859300021786261 ], [ -0.38611986233266, 50.859301281284907 ], [ -0.386122079401255, 50.859302330866285 ], [ -0.386124296467183, 50.859303170530403 ], [ -0.386126846090607, 50.859303940221558 ], [ -0.386129728271533, 50.859304639939715 ], [ -0.386132943009964, 50.859305269684832 ], [ -0.3861364903059, 50.859305829456922 ], [ -0.386140370159336, 50.859306319255914 ], [ -0.386144582570268, 50.859306739081802 ], [ -0.386149127538686, 50.859307088934528 ], [ -0.386154005064577, 50.859307368814086 ], [ -0.386158716309322, 50.859307473762946 ], [ -0.386163261272865, 50.859307403781145 ], [ -0.386167639955157, 50.859307158868681 ], [ -0.386171852356149, 50.859306739025605 ], [ -0.3861758984758, 50.85930614425191 ], [ -0.386179778314069, 50.859305374547617 ], [ -0.386183491870921, 50.85930442991274 ] ] ] } },
{ "type": "Feature", "properties": { "fid": 72, "pit_id": 72, "mon_name": "Flint Mine Pit Group 8", "site": "Cissbury Ring", "mon_type": "Flint mine pit group", "nhle_id": null, "mon_uid": "MNA188910", "src_shot": "supplementary_shot", "full_label": "Flint Mine Pit Group 8, Cissbury Ring", "area_m2": 57.07, "perim_m": 27.08, "diam_m": 8.52 }, "geometry": { "type": "Polygon", "coordinates": [ [ [ -0.385834970896117, 50.859318844936617 ], [ -0.385840291819445, 50.859318005257308 ], [ -0.385845391034785, 50.859316955661164 ], [ -0.385850268542089, 50.859315696148222 ], [ -0.385854924341303, 50.85931422671851 ], [ -0.385859358432386, 50.859312547372042 ], [ -0.385863570815303, 50.859310658108853 ], [ -0.38586756149002, 50.85930855892898 ], [ -0.385871330456515, 50.859306249832414 ], [ -0.385874877714766, 50.859303730819192 ], [ -0.385877593570535, 50.859300722000263 ], [ -0.385879478023888, 50.859297223375691 ], [ -0.385880531074953, 50.859293234945504 ], [ -0.385880752723902, 50.859288756709709 ], [ -0.385880142970965, 50.859283788668343 ], [ -0.385878701816422, 50.859278330821375 ], [ -0.385876429260605, 50.859272383168751 ], [ -0.385873325303896, 50.859265945710476 ], [ -0.385869777946275, 50.859260312936328 ], [ -0.385865787187727, 50.859255484846301 ], [ -0.385861353028187, 50.859251461440337 ], [ -0.385856475467549, 50.859248242718408 ], [ -0.385851154505659, 50.859245828680422 ], [ -0.385845390142315, 50.859244219326342 ], [ -0.385839182377269, 50.859243414656113 ], [ -0.385832531210227, 50.859243414669656 ], [ -0.385826378882548, 50.859243554626893 ], [ -0.385820725394177, 50.859243834527909 ], [ -0.385815570745071, 50.859244254372783 ], [ -0.385810914935198, 50.859244814161578 ], [ -0.38580675796453, 50.859245513894344 ], [ -0.385803099833052, 50.859246353571152 ], [ -0.385799940540756, 50.85924733319203 ], [ -0.385797280087645, 50.859248452757036 ], [ -0.385794785911904, 50.859249432376721 ], [ -0.385792458013564, 50.859250272051092 ], [ -0.385790296392655, 50.859250971780163 ], [ -0.385788301049208, 50.859251531563963 ], [ -0.385786471983241, 50.859251951402463 ], [ -0.385784809194776, 50.859252231295713 ], [ -0.385783312683834, 50.859252371243663 ], [ -0.385781982450426, 50.859252371246384 ], [ -0.385780596792392, 50.859252511194143 ], [ -0.38577915570972, 50.859252791086924 ], [ -0.385777659202394, 50.859253210924763 ], [ -0.385776107270399, 50.859253770707632 ], [ -0.385774499913722, 50.859254470435538 ], [ -0.385772837132343, 50.859255310108473 ], [ -0.385771118926245, 50.859256289726432 ], [ -0.385769345295409, 50.859257409289427 ], [ -0.385767793373976, 50.859258843727844 ], [ -0.385766463161934, 50.859260593041675 ], [ -0.38576535465928, 50.859262657230936 ], [ -0.38576446786602, 50.85926503629566 ], [ -0.385763802782168, 50.8592677302358 ], [ -0.385763359407746, 50.859270739051411 ], [ -0.385763137742791, 50.859274062742465 ], [ -0.385763137787339, 50.859277701308962 ], [ -0.385763248682462, 50.859281164944008 ], [ -0.385763470428185, 50.859284453647625 ], [ -0.385763803024528, 50.859287567419784 ], [ -0.385764246471509, 50.8592905062605 ], [ -0.385764800769147, 50.859293270169758 ], [ -0.385765465917457, 50.859295859147586 ], [ -0.385766241916448, 50.859298273193929 ], [ -0.38576712876613, 50.859300512308835 ], [ -0.385768625305025, 50.859302681450181 ], [ -0.385770731533212, 50.859304780617911 ], [ -0.385773447450763, 50.85930680981204 ], [ -0.385776773057748, 50.859308769032495 ], [ -0.385780708354229, 50.859310658279234 ], [ -0.385785253340264, 50.859312477552166 ], [ -0.385790408015903, 50.859314226851289 ], [ -0.385796172381198, 50.859315906176448 ], [ -0.385801881316649, 50.859317270626022 ], [ -0.385807534822137, 50.859318320200039 ], [ -0.385813132897547, 50.859319054898457 ], [ -0.385818675542761, 50.859319474721325 ], [ -0.385824162757668, 50.859319579668629 ], [ -0.385829594542157, 50.85931936974039 ], [ -0.385834970896117, 50.859318844936617 ] ] ] } },
{ "type": "Feature", "properties": { "fid": 73, "pit_id": 73, "mon_name": "Flint Mine Pit Group 8", "site": "Cissbury Ring", "mon_type": "Flint mine pit group", "nhle_id": null, "mon_uid": "MNA188910", "src_shot": "supplementary_shot", "full_label": "Flint Mine Pit Group 8, Cissbury Ring", "area_m2": 23.79, "perim_m": 17.36, "diam_m": 5.5 }, "geometry": { "type": "Polygon", "coordinates": [ [ [ -0.386213862186705, 50.859030277241288 ], [ -0.386216966047624, 50.859028877779146 ], [ -0.386219681921149, 50.859027268399167 ], [ -0.386222009807281, 50.859025449101388 ], [ -0.386223949706035, 50.859023419885816 ], [ -0.386225501617432, 50.859021180752499 ], [ -0.386226665541507, 50.859018731701433 ], [ -0.386227441478305, 50.859016072732622 ], [ -0.386227829427877, 50.859013203846104 ], [ -0.386227829390291, 50.85901012504187 ], [ -0.386227663076453, 50.859007291142795 ], [ -0.38622733048639, 50.85900470214888 ], [ -0.386226831620127, 50.859002358060152 ], [ -0.386226166477682, 50.859000258876584 ], [ -0.386225335059067, 50.858998404598175 ], [ -0.386224337364287, 50.85899679522494 ], [ -0.386223173393348, 50.858995430756842 ], [ -0.386221843146246, 50.858994311193911 ], [ -0.386220402047215, 50.85899326160407 ], [ -0.386218850096254, 50.858992281987277 ], [ -0.386217187293367, 50.85899137234356 ], [ -0.386215413638549, 50.858990532672905 ], [ -0.386213529131803, 50.858989762975312 ], [ -0.386211533773122, 50.858989063250775 ], [ -0.386209427562505, 50.85898843349927 ], [ -0.386207210499944, 50.858987873720828 ], [ -0.386204771733147, 50.858987418902146 ], [ -0.386202111262104, 50.858987069043259 ], [ -0.386199229086803, 50.858986824144125 ], [ -0.386196125207227, 50.858986684204744 ], [ -0.386192799623358, 50.858986649225081 ], [ -0.386189252335175, 50.85898671920512 ], [ -0.386185483342654, 50.858986894144856 ], [ -0.386181492645767, 50.858987174044259 ], [ -0.386177779082167, 50.858987558902299 ], [ -0.386174342651835, 50.858988048719006 ], [ -0.386171183354756, 50.858988643494413 ], [ -0.38616830119092, 50.858989343228551 ], [ -0.386165696160317, 50.858990147921411 ], [ -0.386163368262947, 50.858991057573029 ], [ -0.386161317498806, 50.858992072183419 ], [ -0.386159543867901, 50.858993191752596 ], [ -0.386157936518735, 50.858994521239879 ], [ -0.386156495451302, 50.858996060645268 ], [ -0.386155220665599, 50.858997809968749 ], [ -0.386154112161623, 50.858999769210342 ], [ -0.386153169939384, 50.859001938370056 ], [ -0.38615239399889, 50.859004317447884 ], [ -0.386151784340153, 50.859006906443831 ], [ -0.386151340963194, 50.859009705357913 ], [ -0.38615134099587, 50.859012399311787 ], [ -0.386151784438254, 50.859014988305475 ], [ -0.386152671290422, 50.859017472338955 ], [ -0.386154001552435, 50.859019851412228 ], [ -0.386155775224354, 50.859022125525271 ], [ -0.386157992306233, 50.859024294678072 ], [ -0.386160652798118, 50.859026358870587 ], [ -0.386163756700052, 50.859028318102808 ], [ -0.386166916025549, 50.859030032430141 ], [ -0.386170130774567, 50.859031501852563 ], [ -0.386173400947062, 50.859032726370074 ], [ -0.386176726542989, 50.859033705982675 ], [ -0.386180107562296, 50.859034440690351 ], [ -0.386183544004937, 50.859034930493117 ], [ -0.386187035870856, 50.85903517539095 ], [ -0.386190583160003, 50.859035175383852 ], [ -0.386194075020748, 50.859035000444862 ], [ -0.386197511453053, 50.85903465057396 ], [ -0.386200892456879, 50.859034125771196 ], [ -0.386204218032192, 50.85903342603654 ], [ -0.386207488178957, 50.859032551369992 ], [ -0.386210702897138, 50.859031501771575 ], [ -0.386213862186705, 50.859030277241288 ] ] ] } },
{ "type": "Feature", "properties": { "fid": 74, "pit_id": 74, "mon_name": "Flint Mine Pit Group 8", "site": "Cissbury Ring", "mon_type": "Flint mine pit group", "nhle_id": null, "mon_uid": "MNA188910", "src_shot": "supplementary_shot", "full_label": "Flint Mine Pit Group 8, Cissbury Ring", "area_m2": 58.47, "perim_m": 27.3, "diam_m": 8.63 }, "geometry": { "type": "Polygon", "coordinates": [ [ [ -0.386129391646688, 50.858971360278687 ], [ -0.386134712553084, 50.858969121135715 ], [ -0.386139479192396, 50.858966637088265 ], [ -0.386143691564636, 50.858963908136424 ], [ -0.386147349669833, 50.858960934280233 ], [ -0.386150453508032, 50.858957715519757 ], [ -0.386153003079297, 50.858954251855032 ], [ -0.386154998383708, 50.858950543286085 ], [ -0.386156439421364, 50.858946589812959 ], [ -0.386157326192379, 50.858942391435676 ], [ -0.386157769554474, 50.858938402977877 ], [ -0.386157769507768, 50.858934624439577 ], [ -0.386157326052369, 50.858931055820769 ], [ -0.386156439188374, 50.858927697121452 ], [ -0.386155108915867, 50.858924548341619 ], [ -0.386153335234922, 50.85892160948125 ], [ -0.386151118145599, 50.85891888054033 ], [ -0.386148457647946, 50.858916361518823 ], [ -0.386145741726571, 50.858914052416317 ], [ -0.386142970381444, 50.858911953232791 ], [ -0.386140143612539, 50.858910063968246 ], [ -0.386137261419824, 50.85890838462268 ], [ -0.386134323803633, 50.858906915196478 ], [ -0.386131330763891, 50.858905655689576 ], [ -0.386128282300124, 50.858904606101525 ], [ -0.386125178412296, 50.858903766432334 ], [ -0.386121963672974, 50.858903031722789 ], [ -0.386118638082141, 50.858902401972927 ], [ -0.386115201639779, 50.858901877182731 ], [ -0.38611165434587, 50.858901457352154 ], [ -0.386107996200393, 50.858901142481216 ], [ -0.386104227203324, 50.858900932569902 ], [ -0.38610034735464, 50.858900827618207 ], [ -0.386096356654316, 50.858900827626108 ], [ -0.386092587660425, 50.85890089760646 ], [ -0.38608904037295, 50.858901037559257 ], [ -0.386085714791878, 50.858901247484539 ], [ -0.386082610917193, 50.858901527382343 ], [ -0.386079728748887, 50.858901877252649 ], [ -0.386077068286953, 50.85890229709549 ], [ -0.38607462953138, 50.858902786910903 ], [ -0.386072412482167, 50.85890334669886 ], [ -0.386070195434229, 50.858904011446235 ], [ -0.386067978387553, 50.85890478115298 ], [ -0.386065761342121, 50.858905655819115 ], [ -0.386063544297919, 50.858906635444647 ], [ -0.386061327255009, 50.858907720029663 ], [ -0.386059110213898, 50.858908909574673 ], [ -0.386056893174033, 50.858910204079159 ], [ -0.386054676135398, 50.858911603543085 ], [ -0.386052569950398, 50.858913072979689 ], [ -0.386050574619029, 50.858914612388965 ], [ -0.386048690141297, 50.858916221770919 ], [ -0.386046916517203, 50.858917901125558 ], [ -0.386045253746751, 50.858919650452904 ], [ -0.386043701829946, 50.858921469752914 ], [ -0.386042260766793, 50.858923359025653 ], [ -0.386040930557297, 50.858925318271083 ], [ -0.38603976662648, 50.858927242529631 ], [ -0.386038768974363, 50.858929131801297 ], [ -0.386037937600968, 50.858930986086079 ], [ -0.386037272506317, 50.858932805384001 ], [ -0.386036773690432, 50.858934589695039 ], [ -0.38603644115333, 50.858936339019209 ], [ -0.386036274895034, 50.858938053356532 ], [ -0.386036274915561, 50.858939732706965 ], [ -0.386036441216044, 50.858941482029934 ], [ -0.386036773796506, 50.858943301325418 ], [ -0.386037272656964, 50.85894519059341 ], [ -0.38603793779744, 50.858947149833931 ], [ -0.38603876921796, 50.858949179046945 ], [ -0.386039766918549, 50.858951278232468 ], [ -0.386040930899232, 50.858953447390512 ], [ -0.386042261160038, 50.858955686521021 ], [ -0.386043591417921, 50.85895768074635 ], [ -0.386044921672863, 50.858959430066484 ], [ -0.386046251924841, 50.858960934481424 ], [ -0.386047582173837, 50.85896219399114 ], [ -0.386048912419828, 50.858963208595689 ], [ -0.386050242662796, 50.858963978295023 ], [ -0.386051572902719, 50.858964503089162 ], [ -0.386052903139577, 50.858964782978113 ], [ -0.386054177951305, 50.858965167826483 ], [ -0.386055397337909, 50.858965657634293 ], [ -0.386056561299398, 50.85896625240153 ], [ -0.386057669835775, 50.858966952128213 ], [ -0.386058722947046, 50.858967756814323 ], [ -0.386059720633215, 50.858968666459887 ], [ -0.386060662894285, 50.858969681064885 ], [ -0.386061549730258, 50.858970800629336 ], [ -0.386062547417327, 50.858971780247792 ], [ -0.386063655955491, 50.858972619920259 ], [ -0.386064875344745, 50.858973319646751 ], [ -0.386066205585085, 50.858973879427218 ], [ -0.386067646676502, 50.85897429926171 ], [ -0.386069198618985, 50.8589745791502 ], [ -0.386070861412525, 50.858974719092679 ], [ -0.386072635057107, 50.858974719089147 ], [ -0.386074242423352, 50.858974789058813 ], [ -0.386075683511269, 50.858974929001654 ], [ -0.386076958320859, 50.858975138917721 ], [ -0.386078066852128, 50.858975418806992 ], [ -0.386079009105077, 50.85897576866946 ], [ -0.386079785079705, 50.85897618850516 ], [ -0.386080394776014, 50.858976678314086 ], [ -0.386080838194, 50.858977238096209 ], [ -0.386081669595876, 50.858977727904758 ], [ -0.386082888981651, 50.858978147739691 ], [ -0.386084496351331, 50.858978497601022 ], [ -0.386086491704917, 50.858978777488716 ], [ -0.386088875042408, 50.858978987402764 ], [ -0.386091646363799, 50.85897912734314 ], [ -0.38609480566908, 50.858979197309807 ], [ -0.386098352958243, 50.858979197302737 ], [ -0.386102121949864, 50.858978917403775 ], [ -0.386106112643873, 50.858978357612877 ], [ -0.386110325040191, 50.858977517930036 ], [ -0.386114759138731, 50.858976398355232 ], [ -0.386119414939397, 50.858974998888414 ], [ -0.386124292442087, 50.858973319529575 ], [ -0.386129391646688, 50.858971360278687 ] ] ] } },
{ "type": "Feature", "properties": { "fid": 75, "pit_id": 75, "mon_name": "Flint Mine Pit Group 8", "site": "Cissbury Ring", "mon_type": "Flint mine pit group", "nhle_id": null, "mon_uid": "MNA188910", "src_shot": "supplementary_shot", "full_label": "Flint Mine Pit Group 8, Cissbury Ring", "area_m2": 101.51, "perim_m": 36.36, "diam_m": 11.37 }, "geometry": { "type": "Polygon", "coordinates": [ [ [ -0.385977968395523, 50.859106687948746 ], [ -0.385984619538681, 50.859104728700174 ], [ -0.38599099354743, 50.859102559533738 ], [ -0.385997090421723, 50.859100180449495 ], [ -0.386002910161517, 50.859097591447487 ], [ -0.386008452766779, 50.859094792527735 ], [ -0.386013718237481, 50.85909178369031 ], [ -0.386018706573606, 50.859088564935234 ], [ -0.386023417775142, 50.859085136262536 ], [ -0.386027851842081, 50.859081497672264 ], [ -0.386031454511163, 50.859077754124037 ], [ -0.386034225782559, 50.859073905617954 ], [ -0.386036165656454, 50.859069952154044 ], [ -0.386037274133041, 50.859065893732385 ], [ -0.38603755121253, 50.859061730352991 ], [ -0.386036996895137, 50.859057462015841 ], [ -0.386035611181094, 50.85905308872097 ], [ -0.386033394070644, 50.8590486104683 ], [ -0.386031232392383, 50.859044587038461 ], [ -0.386029126146242, 50.859041018431412 ], [ -0.386027075332147, 50.859037904647202 ], [ -0.386025079950028, 50.859035245685831 ], [ -0.38602313999982, 50.859033041547278 ], [ -0.386021255481462, 50.859031292231542 ], [ -0.386019426394891, 50.859029997738666 ], [ -0.386017652740053, 50.85902915806863 ], [ -0.386016100790828, 50.859028318398096 ], [ -0.386014770547206, 50.859027478727107 ], [ -0.386013662009172, 50.859026639055635 ], [ -0.386012775176717, 50.859025799383723 ], [ -0.386012110049827, 50.859024959711348 ], [ -0.386011666628491, 50.859024120038519 ], [ -0.386011444912696, 50.859023280365264 ], [ -0.386011444902432, 50.85902244069154 ], [ -0.386011334040659, 50.859021705977277 ], [ -0.386011112327382, 50.859021076222433 ], [ -0.386010779762604, 50.859020551427037 ], [ -0.386010336346326, 50.85902013159108 ], [ -0.38600978207855, 50.859019816714557 ], [ -0.386009116959274, 50.859019606797467 ], [ -0.386008340988494, 50.859019501839811 ], [ -0.386007454166207, 50.85901950184158 ], [ -0.386006678195416, 50.859019396883902 ], [ -0.386006013076128, 50.859019186966776 ], [ -0.386005458808347, 50.859018872090168 ], [ -0.38600501539207, 50.859018452254126 ], [ -0.386004682827301, 50.859017927458645 ], [ -0.386004461114036, 50.859017297703708 ], [ -0.386004350252274, 50.859016562989318 ], [ -0.386004350242009, 50.859015723315466 ], [ -0.386003241705108, 50.859014988603413 ], [ -0.386001024641612, 50.859014358853095 ], [ -0.385997699051558, 50.859013834064456 ], [ -0.385993264934961, 50.859013414237403 ], [ -0.385987722291824, 50.859013099371801 ], [ -0.385981071122135, 50.859012889467508 ], [ -0.38597331142587, 50.859012784524332 ], [ -0.385964443202988, 50.859012784542024 ], [ -0.385955852116923, 50.85901313442303 ], [ -0.385947538167487, 50.859013834167392 ], [ -0.385939501354503, 50.859014883775167 ], [ -0.385931741677811, 50.859016283246405 ], [ -0.385924259137258, 50.859018032581162 ], [ -0.385917053732705, 50.859020131779523 ], [ -0.385910125464029, 50.859022580841497 ], [ -0.385903474331112, 50.859025379767154 ], [ -0.38589759916411, 50.859027933786088 ], [ -0.38589249996324, 50.859030242898427 ], [ -0.385888176728695, 50.859032307104258 ], [ -0.385884629460643, 50.859034126403692 ], [ -0.385881858159229, 50.859035700796767 ], [ -0.385879862824574, 50.859037030283574 ], [ -0.385878643456776, 50.859038114864134 ], [ -0.385878200055905, 50.859038954538477 ], [ -0.385877701235173, 50.859040319008507 ], [ -0.385877146994553, 50.859042208274268 ], [ -0.385876537334021, 50.859044622335702 ], [ -0.385875872253544, 50.859047561192867 ], [ -0.38587515175309, 50.859051024845719 ], [ -0.385874375832617, 50.859055013294274 ], [ -0.385873544492083, 50.859059526538537 ], [ -0.385872657731441, 50.859064564578475 ], [ -0.385872158950934, 50.85906925275372 ], [ -0.385872048150695, 50.859073591064252 ], [ -0.385872325330832, 50.859077579510092 ], [ -0.385872990491442, 50.859081218091212 ], [ -0.385874043632604, 50.859084506807633 ], [ -0.385875484754375, 50.85908744565932 ], [ -0.385877313856799, 50.8590900346463 ], [ -0.385879530939902, 50.859092273768525 ], [ -0.385882302285877, 50.859094442917034 ], [ -0.38588562789479, 50.859096542091805 ], [ -0.385889507766704, 50.85909857129279 ], [ -0.385893941901672, 50.859100530519932 ], [ -0.385898930299746, 50.859102419773158 ], [ -0.385904472960976, 50.8591042390524 ], [ -0.385910569885398, 50.859105988357612 ], [ -0.385917221073051, 50.859107667688654 ], [ -0.385923262568194, 50.859109137102607 ], [ -0.385928694370685, 50.859110396599576 ], [ -0.3859335164804, 50.859111446179625 ], [ -0.385937728897233, 50.859112285842819 ], [ -0.385941331621093, 50.859112915589272 ], [ -0.385944324651905, 50.859113335418989 ], [ -0.385946707989613, 50.85911354533205 ], [ -0.385948481634175, 50.859113545328476 ], [ -0.385950864966356, 50.85911330041948 ], [ -0.38595385798611, 50.859112810605012 ], [ -0.385957460693371, 50.859112075885044 ], [ -0.385961673088055, 50.859111096259497 ], [ -0.385966495170059, 50.859109871728329 ], [ -0.385971926939263, 50.859108402291426 ], [ -0.385977968395523, 50.859106687948746 ] ] ] } },
{ "type": "Feature", "properties": { "fid": 76, "pit_id": 76, "mon_name": "Flint Mine Pit Group 8", "site": "Cissbury Ring", "mon_type": "Flint mine pit group", "nhle_id": null, "mon_uid": "MNA188910", "src_shot": "supplementary_shot", "full_label": "Flint Mine Pit Group 8, Cissbury Ring", "area_m2": 101.25, "perim_m": 36.01, "diam_m": 11.35 }, "geometry": { "type": "Polygon", "coordinates": [ [ [ -0.386119411921704, 50.85871973723097 ], [ -0.386119855326305, 50.858719177444293 ], [ -0.386120465010892, 50.858718687630535 ], [ -0.386121240975464, 50.858718267789683 ], [ -0.386122183220021, 50.858717917921716 ], [ -0.386123291744562, 50.858717638026668 ], [ -0.38612456654909, 50.858717428104505 ], [ -0.386126007633609, 50.858717288155226 ], [ -0.386127614998124, 50.858717218178825 ], [ -0.38612938864264, 50.8587172181753 ], [ -0.386131217712374, 50.858717113211831 ], [ -0.386133102207311, 50.858716903288418 ], [ -0.386135042127437, 50.858716588405052 ], [ -0.386137037472739, 50.858716168561713 ], [ -0.386139088243202, 50.858715643758423 ], [ -0.386141194438808, 50.85871501399518 ], [ -0.386143356059544, 50.858714279271979 ], [ -0.386145573105389, 50.85871343958879 ], [ -0.386147790150062, 50.858712494945728 ], [ -0.386150007193545, 50.858711445342756 ], [ -0.386152224235827, 50.858710290779904 ], [ -0.386154441276889, 50.858709031257142 ], [ -0.386156658316718, 50.858707666774507 ], [ -0.386158875355297, 50.858706197331969 ], [ -0.386161092392612, 50.858704622929544 ], [ -0.386163309428646, 50.858702943567224 ], [ -0.386165415608294, 50.858700949325225 ], [ -0.386167410931525, 50.858698640203571 ], [ -0.386169295398314, 50.858696016202245 ], [ -0.386171069008638, 50.858693077321277 ], [ -0.386172731762485, 50.858689823560653 ], [ -0.386174283659838, 50.858686254920372 ], [ -0.386175724700691, 50.858682371400448 ], [ -0.386177054885042, 50.858678173000889 ], [ -0.386178052513624, 50.858674219508302 ], [ -0.386178717586542, 50.858670510922714 ], [ -0.386179050103886, 50.858667047244133 ], [ -0.386179050065739, 50.85866382847253 ], [ -0.386178717472169, 50.85866085460794 ], [ -0.386178052323238, 50.858658125650337 ], [ -0.386177054618994, 50.858655641599739 ], [ -0.386175724359476, 50.858653402456142 ], [ -0.386174116967867, 50.858651163313013 ], [ -0.386172232444208, 50.858648924170382 ], [ -0.38617007078854, 50.858646685028226 ], [ -0.386167632000899, 50.858644445886533 ], [ -0.386164916081333, 50.858642206745266 ], [ -0.386161923029876, 50.858639967604432 ], [ -0.386158652846573, 50.858637728463989 ], [ -0.386155105531462, 50.85863548932393 ], [ -0.386151724498609, 50.858633495090196 ], [ -0.386148509747934, 50.858631745762807 ], [ -0.386145461279372, 50.858630241341807 ], [ -0.386142579092856, 50.858628981827145 ], [ -0.386139863188327, 50.858627967218894 ], [ -0.386137313565733, 50.858627197517023 ], [ -0.386134930225023, 50.858626672721563 ], [ -0.386132713166154, 50.858626392832534 ], [ -0.386130717812446, 50.85862607795633 ], [ -0.386128944163897, 50.858625728092981 ], [ -0.386127392220507, 50.858625343242508 ], [ -0.386126061982273, 50.858624923404896 ], [ -0.386124953449193, 50.858624468580167 ], [ -0.386124066621261, 50.858623978768314 ], [ -0.386123401498473, 50.858623453969372 ], [ -0.386122958080823, 50.858622894183313 ], [ -0.386121849547291, 50.858622404372099 ], [ -0.386120075897894, 50.858621984535702 ], [ -0.386117637132644, 50.85862163467408 ], [ -0.386114533251546, 50.858621354787203 ], [ -0.386110764254597, 50.858621144875038 ], [ -0.386106330141793, 50.858621004937476 ], [ -0.386101230913119, 50.858620934974475 ], [ -0.38609546656856, 50.85862093498595 ], [ -0.386089923931776, 50.858621109930283 ], [ -0.386084603002709, 50.858621459807509 ], [ -0.386079503781301, 50.858621984617663 ], [ -0.386074626267499, 50.858622684360775 ], [ -0.386069970461262, 50.858623559036857 ], [ -0.386065536362545, 50.858624608645954 ], [ -0.386061323971314, 50.858625833188079 ], [ -0.386057333287536, 50.85862723266326 ], [ -0.386053508884169, 50.858628737098016 ], [ -0.386049850761204, 50.858630346492362 ], [ -0.38604635891863, 50.858632060846311 ], [ -0.386043033356443, 50.858633880159886 ], [ -0.386039874074639, 50.858635804433085 ], [ -0.386036881073216, 50.858637833665931 ], [ -0.386034054352177, 50.858639967858437 ], [ -0.386031393911522, 50.858642207010632 ], [ -0.386028955178408, 50.858644621095451 ], [ -0.38602673815284, 50.858647210112927 ], [ -0.386024742834828, 50.85864997406307 ], [ -0.38602296922439, 50.858652912945892 ], [ -0.386021417321547, 50.858656026761402 ], [ -0.386020087126323, 50.858659315509605 ], [ -0.386018978638752, 50.858662779190531 ], [ -0.386018091858868, 50.858666417804145 ], [ -0.386017482207094, 50.858669741537284 ], [ -0.386017149683502, 50.85867275038995 ], [ -0.386017094288156, 50.858675444362142 ], [ -0.386017316021106, 50.858677823453853 ], [ -0.386017814882391, 50.858679887665083 ], [ -0.386018590872041, 50.858681636995833 ], [ -0.386019643990069, 50.858683071446109 ], [ -0.386020974236482, 50.85868419101589 ], [ -0.386022249058119, 50.858685450532242 ], [ -0.386023468454986, 50.858686849995181 ], [ -0.386024632427089, 50.858688389404705 ], [ -0.386025740974431, 50.858690068760801 ], [ -0.386026794097018, 50.85869188806349 ], [ -0.386027791794852, 50.858693847312743 ], [ -0.386028734067932, 50.85869594650859 ], [ -0.386029620916263, 50.858698185651043 ], [ -0.386030674041325, 50.85870021487338 ], [ -0.386031893443126, 50.858702034175629 ], [ -0.386033279121673, 50.858703643557767 ], [ -0.386034831076963, 50.858705043019803 ], [ -0.386036549308991, 50.858706232561715 ], [ -0.386038433817746, 50.858707212183504 ], [ -0.386040484603214, 50.858707981885161 ], [ -0.386042701665376, 50.85870854166668 ], [ -0.386044697022405, 50.858709136435202 ], [ -0.386046470674295, 50.858709766190756 ], [ -0.38604802262104, 50.858710430933357 ], [ -0.386049352862635, 50.858711130663004 ], [ -0.386050461399073, 50.858711865379696 ], [ -0.386051348230344, 50.858712635083457 ], [ -0.38605201335644, 50.858713439774284 ], [ -0.386052456777353, 50.85871427945218 ], [ -0.386053232756157, 50.858715084142837 ], [ -0.386054341292874, 50.858715853846242 ], [ -0.386055782387516, 50.858716588562388 ], [ -0.386057556040094, 50.858717288291274 ], [ -0.386059662250622, 50.858717953032858 ], [ -0.38606210101911, 50.858718582787148 ], [ -0.386064872345565, 50.858719177554114 ], [ -0.386067976229995, 50.858719737333729 ], [ -0.386071301819216, 50.858720227139763 ], [ -0.386074849113217, 50.858720646972188 ], [ -0.386078618111992, 50.858720996830989 ], [ -0.386082608815529, 50.858721276716139 ], [ -0.386086821223813, 50.858721486627608 ], [ -0.38609125533683, 50.858721626565405 ], [ -0.386095911154562, 50.858721696529464 ], [ -0.386100788676989, 50.858721696519773 ], [ -0.386105111934717, 50.8587216265378 ], [ -0.386108880927724, 50.858721486583619 ], [ -0.386112095656001, 50.858721276657263 ], [ -0.386114756119538, 50.858720996758791 ], [ -0.386116862318332, 50.858720646888223 ], [ -0.386118414252384, 50.858720227045616 ], [ -0.386119411921704, 50.85871973723097 ] ] ] } },
{ "type": "Feature", "properties": { "fid": 77, "pit_id": 77, "mon_name": "Flint Mine Pit Group 8", "site": "Cissbury Ring", "mon_type": "Flint mine pit group", "nhle_id": null, "mon_uid": "MNA188910", "src_shot": "supplementary_shot", "full_label": "Flint Mine Pit Group 8, Cissbury Ring", "area_m2": 33.45, "perim_m": 20.6, "diam_m": 6.53 }, "geometry": { "type": "Polygon", "coordinates": [ [ [ -0.38582321281732, 50.85867901338672 ], [ -0.385827203494722, 50.858677054126836 ], [ -0.38583080618643, 50.858675024894204 ], [ -0.385834020892481, 50.858672925688886 ], [ -0.385836847612913, 50.858670756510882 ], [ -0.385839286347763, 50.85866851736025 ], [ -0.38584133709708, 50.858666208237011 ], [ -0.385842999860908, 50.858663829141179 ], [ -0.385844274639302, 50.858661380072775 ], [ -0.385845161432317, 50.858658861031792 ], [ -0.385845549387112, 50.858656307005035 ], [ -0.385845438503767, 50.858653717992468 ], [ -0.385844828782369, 50.858651093994112 ], [ -0.385843720223002, 50.858648435009954 ], [ -0.385842112825756, 50.858645741039979 ], [ -0.385840006590722, 50.858643012084173 ], [ -0.385837401517994, 50.8586402481425 ], [ -0.385834297607664, 50.85863744921496 ], [ -0.385831027422004, 50.858634965167809 ], [ -0.385827590960973, 50.858632796001089 ], [ -0.385823988224527, 50.858630941714743 ], [ -0.385820219212613, 50.858629402308793 ], [ -0.385816283925169, 50.858628177783181 ], [ -0.385812182362134, 50.858627268137923 ], [ -0.385807914523431, 50.858626673372981 ], [ -0.38580348040898, 50.858626393488358 ], [ -0.385799323427783, 50.858626218563124 ], [ -0.385795443579807, 50.858626148597324 ], [ -0.385791840865022, 50.858626183590985 ], [ -0.385788515283404, 50.858626323544122 ], [ -0.385785466834935, 50.858626568456778 ], [ -0.385782695519596, 50.858626918328952 ], [ -0.385780201337374, 50.858627373160679 ], [ -0.385777984288259, 50.858627932951968 ], [ -0.385775767240413, 50.858628597703266 ], [ -0.385773550193822, 50.858629367414572 ], [ -0.385771333148468, 50.858630242085887 ], [ -0.385769116104337, 50.858631221717218 ], [ -0.385766899061414, 50.858632306308571 ], [ -0.385764682019684, 50.85863349585992 ], [ -0.385762464979131, 50.858634790371276 ], [ -0.385760247939739, 50.858636189842642 ], [ -0.385758252607489, 50.858637729260145 ], [ -0.385756478982384, 50.858639408623745 ], [ -0.38575492706443, 50.858641227933511 ], [ -0.385753596853641, 50.858643187189415 ], [ -0.385752488350029, 50.858645286391486 ], [ -0.385751601553616, 50.858647525539716 ], [ -0.385750936464425, 50.858649904634106 ], [ -0.385750493082485, 50.858652423674677 ], [ -0.385750659391251, 50.858655012687244 ], [ -0.38575143539083, 50.858657671671814 ], [ -0.385752821081327, 50.858660400628381 ], [ -0.385754816462859, 50.858663199556894 ], [ -0.385757421535546, 50.85866606845736 ], [ -0.385760636299512, 50.858669007329702 ], [ -0.38576446075489, 50.858672016173919 ], [ -0.385768894901817, 50.858675094989913 ], [ -0.385773162765527, 50.858677788953067 ], [ -0.385777264345887, 50.858680098063424 ], [ -0.385781199642768, 50.858682022320991 ], [ -0.385784968656055, 50.858683561725776 ], [ -0.385788571385635, 50.858684716277814 ], [ -0.385792007831407, 50.858685485977091 ], [ -0.385795277993279, 50.858685870823656 ], [ -0.385798381871162, 50.858685870817474 ], [ -0.385801596599194, 50.858685625904641 ], [ -0.385804922177324, 50.858685136085093 ], [ -0.385808358605492, 50.858684401358865 ], [ -0.385811905883643, 50.858683421725914 ], [ -0.385815564011709, 50.858682197186255 ], [ -0.385819332989625, 50.858680727739859 ], [ -0.38582321281732, 50.85867901338672 ] ] ] } },
{ "type": "Feature", "properties": { "fid": 78, "pit_id": 78, "mon_name": "Flint Mine Pit Group 9", "site": "Cissbury Ring", "mon_type": "Flint mine pit group", "nhle_id": null, "mon_uid": "MNA188904", "src_shot": "142528+142632", "full_label": "Flint Mine Pit Group 9, Cissbury Ring", "area_m2": 34.15, "perim_m": 21.04, "diam_m": 6.59 }, "geometry": { "type": "Polygon", "coordinates": [ [ [ -0.386006133380699, 50.859792135262296 ], [ -0.386009680638848, 50.859789616275094 ], [ -0.386012839911633, 50.859787062302665 ], [ -0.386015611199114, 50.859784473344995 ], [ -0.386017994501344, 50.859781849402168 ], [ -0.386019989818385, 50.85977919047415 ], [ -0.386021597150297, 50.859776496560997 ], [ -0.386022816497145, 50.859773767662723 ], [ -0.386023647858989, 50.859771003779336 ], [ -0.386024091235899, 50.859768204910836 ], [ -0.386024035776328, 50.859765511000866 ], [ -0.386023481480363, 50.859762922049455 ], [ -0.386022428348082, 50.859760438056568 ], [ -0.386020876379558, 50.859758059022177 ], [ -0.386018825574858, 50.859755784946294 ], [ -0.386016275934041, 50.859753615828893 ], [ -0.386013227457162, 50.859751551669909 ], [ -0.386009680144264, 50.859749592469335 ], [ -0.386006299113742, 50.859747878169365 ], [ -0.386003084365525, 50.859746408770043 ], [ -0.386000035899545, 50.859745184271347 ], [ -0.385997153715744, 50.859744204673312 ], [ -0.385994437814063, 50.859743469975946 ], [ -0.385991888194456, 50.859742980179256 ], [ -0.385989504856875, 50.859742735283241 ], [ -0.385987287801281, 50.859742735287945 ], [ -0.385985347876773, 50.859742665320283 ], [ -0.385983685083358, 50.859742525380277 ], [ -0.38598229942104, 50.859742315467948 ], [ -0.385981190889823, 50.859742035583309 ], [ -0.385980359489705, 50.859741685726348 ], [ -0.385979805220685, 50.859741265897078 ], [ -0.385979528082757, 50.859740776095528 ], [ -0.385979528075913, 50.859740216321654 ], [ -0.385979195512018, 50.859739761506141 ], [ -0.385978530391078, 50.859739411648931 ], [ -0.385977532713099, 50.859739166750067 ], [ -0.385976202478076, 50.8597390268095 ], [ -0.385974539686006, 50.859738991827257 ], [ -0.385972544336878, 50.859739061803303 ], [ -0.385970216430677, 50.859739236737617 ], [ -0.385967555967385, 50.859739516630192 ], [ -0.385965117210517, 50.859739866493975 ], [ -0.385962900160065, 50.859740286328986 ], [ -0.385960904816026, 50.859740776135247 ], [ -0.385959131178396, 50.85974133591278 ], [ -0.385957579247178, 50.859741965661541 ], [ -0.38595624902237, 50.859742665381596 ], [ -0.385955140503979, 50.859743435072929 ], [ -0.385954253692008, 50.85974427473554 ], [ -0.385953256026398, 50.859745044426681 ], [ -0.385952147507149, 50.859745744146309 ], [ -0.385950928134258, 50.859746373894474 ], [ -0.38594959790773, 50.859746933671133 ], [ -0.385948156827566, 50.8597474234763 ], [ -0.385946604893767, 50.859747843309954 ], [ -0.385944942106339, 50.859748193172123 ], [ -0.385943168465287, 50.859748473062758 ], [ -0.385941505678755, 50.859748892896583 ], [ -0.38593995374673, 50.859749452673569 ], [ -0.385938512669203, 50.859750152393737 ], [ -0.385937182446165, 50.859750992057094 ], [ -0.385935963077611, 50.859751971663634 ], [ -0.385934854563534, 50.859753091213349 ], [ -0.385933856903935, 50.859754350706275 ], [ -0.385932970098813, 50.859755750142384 ], [ -0.385932194148584, 50.859757324507413 ], [ -0.385931529053253, 50.859759073801357 ], [ -0.385930974812824, 50.859760998024221 ], [ -0.385930531427301, 50.859763097176 ], [ -0.385930198896697, 50.859765371256707 ], [ -0.385929977221021, 50.85976782026632 ], [ -0.38592986640029, 50.859770444204862 ], [ -0.385929866434519, 50.859773243072325 ], [ -0.385930199025225, 50.859775901995668 ], [ -0.385930864172465, 50.85977842097487 ], [ -0.385931861876283, 50.859780800009936 ], [ -0.385933192136726, 50.859783039100826 ], [ -0.385934854953828, 50.859785138247588 ], [ -0.385936850327619, 50.859787097450166 ], [ -0.385939178258125, 50.859788916708546 ], [ -0.385941838745364, 50.859790596022727 ], [ -0.385944831789247, 50.859792135392979 ], [ -0.38594815738978, 50.859793534819254 ], [ -0.385951815546964, 50.85979479430155 ], [ -0.385955806260794, 50.859795913839839 ], [ -0.385960129531259, 50.859796893434073 ], [ -0.385964785358344, 50.859797733084228 ], [ -0.385969773742024, 50.859798432790228 ], [ -0.385975094682271, 50.859798992552065 ], [ -0.385980193912631, 50.8597991674702 ], [ -0.385985071432974, 50.859798957544619 ], [ -0.385989727243184, 50.859798362775393 ], [ -0.385994161343151, 50.859797383162523 ], [ -0.385998373732782, 50.859796018706021 ], [ -0.38600236441199, 50.859794269405945 ], [ -0.386006133380699, 50.859792135262296 ] ] ] } },
{ "type": "Feature", "properties": { "fid": 79, "pit_id": 79, "mon_name": "Flint Mine Pit Group 9", "site": "Cissbury Ring", "mon_type": "Flint mine pit group", "nhle_id": null, "mon_uid": "MNA188904", "src_shot": "142528+142632", "full_label": "Flint Mine Pit Group 9, Cissbury Ring", "area_m2": 97.44, "perim_m": 36.37, "diam_m": 11.14 }, "geometry": { "type": "Polygon", "coordinates": [ [ [ -0.385831870541193, 50.859606710373605 ], [ -0.385836304638728, 50.859605590813324 ], [ -0.385840572454648, 50.859604261337424 ], [ -0.385844673988907, 50.859602721945897 ], [ -0.385848609241468, 50.859600972638788 ], [ -0.385852378212294, 50.859599013416087 ], [ -0.385855980901354, 50.859596844277817 ], [ -0.385859417308623, 50.859594465223999 ], [ -0.38586268743408, 50.859591876254655 ], [ -0.385865791277704, 50.859589077369776 ], [ -0.385868617993368, 50.85958662834522 ], [ -0.38587116758118, 50.859584529181006 ], [ -0.385873440041234, 50.859582779877144 ], [ -0.385875435373612, 50.859581380433667 ], [ -0.385877153578384, 50.859580330850562 ], [ -0.385878594655608, 50.859579631127886 ], [ -0.385879758605328, 50.859579281265617 ], [ -0.385880645427578, 50.859579281263755 ], [ -0.38588142139023, 50.859578721486109 ], [ -0.385882086493262, 50.859577601932664 ], [ -0.385882640736656, 50.859575922603426 ], [ -0.385883084120404, 50.859573683498411 ], [ -0.385883416644503, 50.859570884617582 ], [ -0.385883638308958, 50.859567525960962 ], [ -0.385883749113784, 50.859563607528564 ], [ -0.385883749058999, 50.859559129320374 ], [ -0.385883638156081, 50.859555035958337 ], [ -0.385883416405057, 50.85955132744246 ], [ -0.385883083805951, 50.859548003772765 ], [ -0.38588264035878, 50.859545064949209 ], [ -0.385882086063555, 50.859542510971828 ], [ -0.385881420920283, 50.859540341840585 ], [ -0.385880644928963, 50.859538557555524 ], [ -0.385879758089591, 50.859537158116609 ], [ -0.385878815825122, 50.859535863635848 ], [ -0.385877818135556, 50.859534674113277 ], [ -0.385876765020889, 50.85953358954886 ], [ -0.385875656481119, 50.85953260994259 ], [ -0.385874492516243, 50.859531735294482 ], [ -0.385873273126255, 50.859530965604542 ], [ -0.38587199831115, 50.859530300872763 ], [ -0.385870668070924, 50.859529741099124 ], [ -0.385869393254916, 50.859529006395192 ], [ -0.385868173863139, 50.859528096760968 ], [ -0.385867009895602, 50.859527012196438 ], [ -0.385865901352316, 50.859525752701622 ], [ -0.385864848233287, 50.859524318276499 ], [ -0.38586385053852, 50.859522708921112 ], [ -0.385862908268024, 50.859520924635397 ], [ -0.3858620214218, 50.859518965419412 ], [ -0.385861079152221, 50.859517251105785 ], [ -0.385860081459281, 50.85951578169449 ], [ -0.38585902834297, 50.859514557185548 ], [ -0.385857919803276, 50.859513577578959 ], [ -0.385856755840185, 50.859512842874686 ], [ -0.385855536453682, 50.859512353072788 ], [ -0.385854261643749, 50.85951210817322 ], [ -0.385852931410368, 50.859512108175991 ], [ -0.3858517674553, 50.859512038206304 ], [ -0.385850769778546, 50.859511898264195 ], [ -0.385849938380112, 50.85951168834967 ], [ -0.385849273259998, 50.859511408462708 ], [ -0.385848774418204, 50.859511058603317 ], [ -0.385848441854727, 50.859510638771518 ], [ -0.385848275569567, 50.859510148967289 ], [ -0.385848275562718, 50.859509589190637 ], [ -0.38584810927711, 50.859509064400392 ], [ -0.38584777671275, 50.859508574596532 ], [ -0.385847277869642, 50.859508119779044 ], [ -0.385846612747789, 50.859507699947969 ], [ -0.385845781347196, 50.859507315103251 ], [ -0.385844783667864, 50.859506965244918 ], [ -0.385843619709794, 50.859506650372978 ], [ -0.385842289472988, 50.859506370487402 ], [ -0.385840792957444, 50.85950612558824 ], [ -0.385839130163164, 50.859505915675477 ], [ -0.385837301090142, 50.859505740749128 ], [ -0.385835305738381, 50.859505600809172 ], [ -0.385833144107875, 50.859505495855601 ], [ -0.385830816198621, 50.859505425888415 ], [ -0.385828322010616, 50.859505390907579 ], [ -0.385825661543853, 50.859505390913114 ], [ -0.385823222781779, 50.859505320946056 ], [ -0.3858210057244, 50.859505181006405 ], [ -0.385819010371728, 50.859504971094218 ], [ -0.385817236723764, 50.859504691209445 ], [ -0.385815684780514, 50.859504341352149 ], [ -0.385814354541979, 50.859503921522311 ], [ -0.385813246008161, 50.859503431719951 ], [ -0.385812359179056, 50.859502871945068 ], [ -0.385811416924866, 50.859502417128439 ], [ -0.385810419245586, 50.859502067270064 ], [ -0.385809366141212, 50.85950182236995 ], [ -0.385808257611735, 50.859501682428082 ], [ -0.385807093657152, 50.859501647444475 ], [ -0.385805874277453, 50.859501717419114 ], [ -0.385804599472631, 50.859501892352 ], [ -0.385803269242675, 50.859502172243133 ], [ -0.385802105292314, 50.859502487119954 ], [ -0.385801107621545, 50.859502836982458 ], [ -0.385800276230372, 50.859503221830664 ], [ -0.385799611118797, 50.859503641664553 ], [ -0.385799112286822, 50.859504096484152 ], [ -0.385798779734452, 50.859504586289454 ], [ -0.38579861346169, 50.859505111080452 ], [ -0.385798613468543, 50.859505670857168 ], [ -0.385798336342592, 50.859506160662377 ], [ -0.385797782083831, 50.859506580496095 ], [ -0.385796950692254, 50.859506930358329 ], [ -0.385795842167861, 50.859507210249042 ], [ -0.385794456510651, 50.859507420168249 ], [ -0.385792793720626, 50.859507560115937 ], [ -0.385790853797794, 50.859507630092089 ], [ -0.385788636742158, 50.859507630096708 ], [ -0.385786308835094, 50.859507735059694 ], [ -0.385783870076584, 50.85950794498104 ], [ -0.385781320466611, 50.85950825986076 ], [ -0.385778660005155, 50.859508679698834 ], [ -0.385775888692196, 50.859509204495247 ], [ -0.385773006527712, 50.859509834249998 ], [ -0.385770013511678, 50.859510568963096 ], [ -0.38576690964407, 50.859511408634503 ], [ -0.385763861209602, 50.859512773096085 ], [ -0.385760868208173, 50.859514662347813 ], [ -0.38575793063969, 50.859517076389707 ], [ -0.385755048504062, 50.859520015221769 ], [ -0.385752221801197, 50.859523478844018 ], [ -0.385749450531012, 50.859527467256427 ], [ -0.385746734693424, 50.859531980459018 ], [ -0.385744074288354, 50.859537018451789 ], [ -0.385741691012743, 50.859541881513493 ], [ -0.385739584866703, 50.859546569644138 ], [ -0.385737755850342, 50.85955108284373 ], [ -0.385736203963762, 50.859555421112304 ], [ -0.385734929207057, 50.859559584449862 ], [ -0.385733931580316, 50.859563572856423 ], [ -0.385733211083622, 50.859567386331975 ], [ -0.385732767717052, 50.859571024876537 ], [ -0.385732656903971, 50.859574278574428 ], [ -0.38573287864445, 50.859577147425675 ], [ -0.38573343293855, 50.859579631430236 ], [ -0.385734319786309, 50.859581730588118 ], [ -0.385735539187752, 50.859583444899329 ], [ -0.385737091142887, 50.859584774363853 ], [ -0.385738975651704, 50.85958571898167 ], [ -0.385741192714181, 50.859586278752772 ], [ -0.385743188071543, 50.859586873510295 ], [ -0.38574496172379, 50.859587503254211 ], [ -0.385746513670915, 50.859588167984562 ], [ -0.385747843912912, 50.859588867701333 ], [ -0.385748952449774, 50.859589602404562 ], [ -0.385749839281494, 50.859590372094232 ], [ -0.385750504408061, 50.859591176770373 ], [ -0.385750947829466, 50.859592016432956 ], [ -0.385751502102372, 50.859592751137363 ], [ -0.385752167226779, 50.859593380883624 ], [ -0.38575294320269, 50.859593905671709 ], [ -0.385753830030101, 50.859594325501632 ], [ -0.38575482770901, 50.859594640373373 ], [ -0.385755936239413, 50.859594850286939 ], [ -0.385757155621304, 50.859594955242343 ], [ -0.385758485854675, 50.859594955239558 ], [ -0.385759649809728, 50.859595025209046 ], [ -0.385760647486464, 50.859595165150857 ], [ -0.385761478884889, 50.859595375064927 ], [ -0.385762144005002, 50.85959565495132 ], [ -0.385762642846804, 50.859596004810001 ], [ -0.385762975410294, 50.859596424640991 ], [ -0.385763141695467, 50.85959691444431 ], [ -0.385763141702321, 50.859597474219903 ], [ -0.385763307987483, 50.859597964023216 ], [ -0.385763640550959, 50.859598383854241 ], [ -0.385764139392752, 50.859598733712971 ], [ -0.385764804512865, 50.8595990135994 ], [ -0.385765635911294, 50.859599223513534 ], [ -0.385766633588042, 50.859599363455359 ], [ -0.385767797543103, 50.859599433424897 ], [ -0.385769127776474, 50.859599433422112 ], [ -0.385770402584717, 50.859599538377353 ], [ -0.385771621967839, 50.859599748290613 ], [ -0.385772785925847, 50.859600063161906 ], [ -0.385773894458749, 50.859600482991219 ], [ -0.385774947566551, 50.859601007778579 ], [ -0.385775945249257, 50.859601637523937 ], [ -0.38577688750687, 50.859602372227371 ], [ -0.385777774339397, 50.859603211888796 ], [ -0.38577910458256, 50.859604016563438 ], [ -0.385780878236381, 50.859604786251232 ], [ -0.385783095300879, 50.859605520952158 ], [ -0.385785755776067, 50.859606220666215 ], [ -0.385788859661964, 50.859606885393355 ], [ -0.38579240695858, 50.859607515133554 ], [ -0.385796397665926, 50.859608109886757 ], [ -0.385800831784013, 50.859608669652943 ], [ -0.385805265899738, 50.85960901950331 ], [ -0.385809700013045, 50.859609159437873 ], [ -0.385814134123872, 50.85960908945664 ], [ -0.385818568232159, 50.859608809559582 ], [ -0.385823002337848, 50.859608319746734 ], [ -0.38582743644088, 50.859607620018068 ], [ -0.385831870541193, 50.859606710373605 ] ] ] } },
{ "type": "Feature", "properties": { "fid": 80, "pit_id": 80, "mon_name": "Flint Mine Pit Group 9", "site": "Cissbury Ring", "mon_type": "Flint mine pit group", "nhle_id": null, "mon_uid": "MNA188904", "src_shot": "142528+142632", "full_label": "Flint Mine Pit Group 9, Cissbury Ring", "area_m2": 79.54, "perim_m": 32.15, "diam_m": 10.06 }, "geometry": { "type": "Polygon", "coordinates": [ [ [ -0.386088382294498, 50.859477121637639 ], [ -0.386094146618646, 50.859475442294602 ], [ -0.38609924582627, 50.859473797938747 ], [ -0.386103679917451, 50.859472188570138 ], [ -0.386107448892264, 50.859470614188879 ], [ -0.386110552750786, 50.859469074795022 ], [ -0.386112991493084, 50.859467570388595 ], [ -0.386114765119229, 50.859466100969676 ], [ -0.386115873629288, 50.859464666538287 ], [ -0.38611631702332, 50.859463267094448 ], [ -0.386116815845448, 50.859462007594786 ], [ -0.386117370095667, 50.85946088803928 ], [ -0.386117979773982, 50.859459908427958 ], [ -0.386118644880392, 50.859459068760806 ], [ -0.386119365414902, 50.859458369037839 ], [ -0.386120141377517, 50.859457809259027 ], [ -0.38612097276824, 50.859457389424399 ], [ -0.386121859587079, 50.859457109533942 ], [ -0.386122635550576, 50.859456619727183 ], [ -0.386123300658724, 50.859455920004145 ], [ -0.386123854911519, 50.859455010364812 ], [ -0.386124298308959, 50.859453890809185 ], [ -0.386124630851047, 50.859452561337292 ], [ -0.386124852537787, 50.859451021949099 ], [ -0.386124963369185, 50.859449272644625 ], [ -0.386124963345253, 50.859447313423871 ], [ -0.386124741613034, 50.859445144286859 ], [ -0.386124298172563, 50.859442765233588 ], [ -0.386123633023877, 50.859440176264052 ], [ -0.386122746167021, 50.859437377378264 ], [ -0.386121637602047, 50.859434368576188 ], [ -0.386120307329011, 50.859431149857855 ], [ -0.386118755347974, 50.859427721223234 ], [ -0.386116981659009, 50.859424082672312 ], [ -0.386114875413245, 50.859420584066385 ], [ -0.386112436610742, 50.859417225405466 ], [ -0.386109665251551, 50.859414006689505 ], [ -0.386106561335715, 50.859410927918503 ], [ -0.386103124863273, 50.859407989092404 ], [ -0.386099355834259, 50.859405190211191 ], [ -0.386095254248699, 50.859402531274846 ], [ -0.386090820106616, 50.859400012283317 ], [ -0.386085942557974, 50.859397843154163 ], [ -0.386080621602727, 50.859396023887271 ], [ -0.386074857240811, 50.859394554482641 ], [ -0.386068649472141, 50.859393434940166 ], [ -0.386061998296611, 50.859392665259804 ], [ -0.386054903714096, 50.85939224544147 ], [ -0.386047365724453, 50.859392175485063 ], [ -0.386039384327516, 50.85939245539052 ], [ -0.386031846352495, 50.859393539975244 ], [ -0.386024751799033, 50.859395429239306 ], [ -0.386018100666812, 50.859398123182793 ], [ -0.386011892955563, 50.859401621805794 ], [ -0.386006128665057, 50.859405925108355 ], [ -0.386000807795115, 50.859411033090559 ], [ -0.385995930345601, 50.85941694575245 ], [ -0.385991496316421, 50.859423663094077 ], [ -0.385987727397754, 50.859429960600558 ], [ -0.385984623589971, 50.859435838271921 ], [ -0.385982184893408, 50.859441296108237 ], [ -0.385980411308364, 50.85944633410957 ], [ -0.385979302835105, 50.859450952275907 ], [ -0.385978859473858, 50.859455150607303 ], [ -0.385979081224817, 50.859458929103774 ], [ -0.385979968088137, 50.859462287765282 ], [ -0.385982074328221, 50.859465366536085 ], [ -0.38598539994527, 50.859468165416139 ], [ -0.385989944939449, 50.859470684405309 ], [ -0.385995709310875, 50.859472923503468 ], [ -0.386002693059626, 50.859474882710451 ], [ -0.386010896185738, 50.859476562026018 ], [ -0.386020318689196, 50.859477961449919 ], [ -0.386030960569952, 50.859479080981856 ], [ -0.386040992756843, 50.859479850653941 ], [ -0.386050415249611, 50.859480270466321 ], [ -0.386059228048025, 50.859480340419161 ], [ -0.386067431151883, 50.859480060512588 ], [ -0.386075024561009, 50.859479430746731 ], [ -0.386082008275253, 50.85947845112171 ], [ -0.386088382294498, 50.859477121637639 ] ] ] } },
{ "type": "Feature", "properties": { "fid": 81, "pit_id": 81, "mon_name": "Flint Mine Pit Group 9", "site": "Cissbury Ring", "mon_type": "Flint mine pit group", "nhle_id": null, "mon_uid": "MNA188904", "src_shot": "142528+142632", "full_label": "Flint Mine Pit Group 9, Cissbury Ring", "area_m2": 147.72, "perim_m": 43.96, "diam_m": 13.71 }, "geometry": { "type": "Polygon", "coordinates": [ [ [ -0.386310310212487, 50.859530160016568 ], [ -0.386315631115269, 50.859527641011809 ], [ -0.386320453180259, 50.859525122007774 ], [ -0.386324776407536, 50.859522603004542 ], [ -0.386328600797176, 50.859520084002156 ], [ -0.38633192634926, 50.859517565000665 ], [ -0.386334753063868, 50.859515046000134 ], [ -0.386337080941077, 50.859512527000568 ], [ -0.386338909980969, 50.859510008002005 ], [ -0.386340240183624, 50.859507489004471 ], [ -0.386341404106165, 50.859504900035013 ], [ -0.386342401748613, 50.859502241093651 ], [ -0.386343233110995, 50.859499512180356 ], [ -0.386343898193334, 50.859496713295144 ], [ -0.386344396995657, 50.85949384443802 ], [ -0.386344729517989, 50.859490905609007 ], [ -0.386344895760364, 50.859487896808055 ], [ -0.38634489572281, 50.859484818035199 ], [ -0.386344618554426, 50.859481844221001 ], [ -0.386344064255266, 50.859478975365413 ], [ -0.386343232825374, 50.859476211468461 ], [ -0.386342124264797, 50.859473552530105 ], [ -0.386340738573573, 50.859470998550393 ], [ -0.38633907575174, 50.859468549529268 ], [ -0.386337135799331, 50.859466205466738 ], [ -0.386334918716375, 50.859463966362775 ], [ -0.386332978767667, 50.859461902188542 ], [ -0.386331315953151, 50.859460012944041 ], [ -0.386329930272773, 50.859458298629271 ], [ -0.386328821726489, 50.859456759244274 ], [ -0.386327990314259, 50.85945539478903 ], [ -0.386327436036049, 50.859454205263553 ], [ -0.386327158891832, 50.85945319066785 ], [ -0.38632715888159, 50.85945235100192 ], [ -0.386326881739338, 50.859451511336566 ], [ -0.386326327465093, 50.859450671671794 ], [ -0.386325496058869, 50.859449832007599 ], [ -0.386324387520682, 50.859448992343957 ], [ -0.386323001850547, 50.859448152680883 ], [ -0.386321339048477, 50.859447313018364 ], [ -0.386319399114491, 50.859446473356378 ], [ -0.3863171820486, 50.859445633694911 ], [ -0.386315242114719, 50.859444794032825 ], [ -0.386313579312831, 50.859443954370136 ], [ -0.386312193642922, 50.859443114706835 ], [ -0.386311085104975, 50.859442275042952 ], [ -0.386310253698976, 50.859441435378493 ], [ -0.386309699424911, 50.859440595713458 ], [ -0.386309422282764, 50.859439756047855 ], [ -0.386309422272518, 50.85943891638167 ], [ -0.386308535437969, 50.859437936773126 ], [ -0.386306761779179, 50.859436817222168 ], [ -0.386304101296228, 50.859435557728773 ], [ -0.386300553989211, 50.859434158292885 ], [ -0.386296119858243, 50.859432618914433 ], [ -0.386290798903451, 50.859430939593274 ], [ -0.386284591124983, 50.859429120329324 ], [ -0.386277496522998, 50.85942716112244 ], [ -0.386270401923905, 50.859425411832127 ], [ -0.386263307327611, 50.8594238724584 ], [ -0.38625621273402, 50.859422543001266 ], [ -0.386249118143037, 50.859421423460716 ], [ -0.386242023554568, 50.85942051383676 ], [ -0.386234928968518, 50.859419814129375 ], [ -0.38622783438479, 50.859419324338596 ], [ -0.386220739803291, 50.859419044464396 ], [ -0.386214199487118, 50.859418869547092 ], [ -0.386208213436213, 50.859418799586784 ], [ -0.386202781650537, 50.859418834583565 ], [ -0.38619790413005, 50.85941897453749 ], [ -0.386193580874723, 50.859419219448654 ], [ -0.386189811884536, 50.859419569317105 ], [ -0.386186597159473, 50.859420024142899 ], [ -0.386183936699528, 50.859420583926074 ], [ -0.386181276242273, 50.859421353625827 ], [ -0.386178615787672, 50.859422333242151 ], [ -0.386175955335689, 50.859423522775025 ], [ -0.386173294886289, 50.859424922224491 ], [ -0.386170634439435, 50.859426531590508 ], [ -0.38616797399509, 50.85942835087311 ], [ -0.386165313553218, 50.859430380072268 ], [ -0.386162653113784, 50.859432619187984 ], [ -0.386160269805732, 50.85943482331691 ], [ -0.386158163629108, 50.859436992459052 ], [ -0.386156334583955, 50.859439126614411 ], [ -0.386154782670313, 50.859441225783016 ], [ -0.386153507888224, 50.859443289964872 ], [ -0.386152510237726, 50.859445319159995 ], [ -0.386151789718858, 50.859447313368392 ], [ -0.386151346331656, 50.859449272590048 ], [ -0.386150958372536, 50.859451371755767 ], [ -0.386150625841501, 50.85945361086555 ], [ -0.386150348738555, 50.859455989919383 ], [ -0.386150127063704, 50.859458508917278 ], [ -0.386149960816954, 50.85946116785923 ], [ -0.386149849998311, 50.859463966745238 ], [ -0.386149794607786, 50.859466905575324 ], [ -0.386149794645387, 50.859469984349438 ], [ -0.386150127244401, 50.859473343010997 ], [ -0.386150792404907, 50.859476981559951 ], [ -0.386151790126989, 50.859480899996328 ], [ -0.38615312041075, 50.859485098320086 ], [ -0.386154783256299, 50.859489576531253 ], [ -0.386156778663761, 50.85949433462978 ], [ -0.386159106633272, 50.859499372615666 ], [ -0.386161767164978, 50.859504690488883 ], [ -0.386164261409828, 50.859509343627565 ], [ -0.38616658936767, 50.859513332031732 ], [ -0.386168751038367, 50.859516655701384 ], [ -0.386170746421796, 50.859519314636529 ], [ -0.386172575517844, 50.859521308837202 ], [ -0.386174238326415, 50.859522638303368 ], [ -0.386175734847426, 50.859523303035061 ], [ -0.386177065080805, 50.85952330303229 ], [ -0.386178339889472, 50.859523442973746 ], [ -0.386179559273435, 50.859523722859407 ], [ -0.386180723232709, 50.859524142689253 ], [ -0.386181831767297, 50.859524702463339 ], [ -0.38618288487721, 50.859525402181632 ], [ -0.386183882562454, 50.859526241844144 ], [ -0.386184824823035, 50.859527221450868 ], [ -0.386185711658957, 50.859528341001813 ], [ -0.386186653920004, 50.859529355594574 ], [ -0.38618765160617, 50.859530265229154 ], [ -0.386188704717455, 50.859531069905522 ], [ -0.386189813253852, 50.859531769623715 ], [ -0.386190977215358, 50.859532364383696 ], [ -0.386192196601968, 50.859532854185495 ], [ -0.386193471413674, 50.859533239029084 ], [ -0.38619480165047, 50.859533518914482 ], [ -0.386197406694516, 50.859533833783836 ], [ -0.386201286545846, 50.859534183637045 ], [ -0.386206441204501, 50.859534568473975 ], [ -0.386212870670526, 50.859534988294484 ], [ -0.386220574943976, 50.859535443098366 ], [ -0.386229554024909, 50.859535932885329 ], [ -0.386239807913395, 50.859536457655125 ], [ -0.386251336609505, 50.859537017407376 ], [ -0.386262089332155, 50.85953719231437 ], [ -0.386272066081066, 50.859536982376298 ], [ -0.386281266855998, 50.859536387593394 ], [ -0.386289691656749, 50.859535407965787 ], [ -0.386297340483158, 50.859534043493689 ], [ -0.3863042133351, 50.859532294177235 ], [ -0.386310310212487, 50.859530160016568 ] ] ] } },
{ "type": "Feature", "properties": { "fid": 82, "pit_id": 82, "mon_name": "Flint Mine Pit Group 9", "site": "Cissbury Ring", "mon_type": "Flint mine pit group", "nhle_id": null, "mon_uid": "MNA188904", "src_shot": "142528+142632", "full_label": "Flint Mine Pit Group 9, Cissbury Ring", "area_m2": 94.84, "perim_m": 35.25, "diam_m": 10.99 }, "geometry": { "type": "Polygon", "coordinates": [ [ [ -0.386643976564577, 50.859487756244569 ], [ -0.386645306791145, 50.859487196464976 ], [ -0.386646803298131, 50.859486741643209 ], [ -0.386648466085536, 50.859486391779278 ], [ -0.386650295153372, 50.859486146873181 ], [ -0.386652290501646, 50.859486006924904 ], [ -0.386654452130372, 50.859485971934433 ], [ -0.386656780039564, 50.859486041901754 ], [ -0.386659274229237, 50.859486216826888 ], [ -0.386661934699412, 50.859486496709785 ], [ -0.386664761446763, 50.859486601662113 ], [ -0.386667754471259, 50.859486531683871 ], [ -0.386670913772867, 50.859486286775002 ], [ -0.386674239351548, 50.85948586693555 ], [ -0.386677731207262, 50.85948527216545 ], [ -0.386681389339964, 50.859484502464717 ], [ -0.386685213749605, 50.859483557833329 ], [ -0.386689204436131, 50.859482438271257 ], [ -0.386692696285851, 50.859481388682219 ], [ -0.386695689298814, 50.859480409066258 ], [ -0.386698183475062, 50.859479499423394 ], [ -0.386700178814638, 50.85947865975367 ], [ -0.386701675317574, 50.859477890057107 ], [ -0.386702672983902, 50.859477190333742 ], [ -0.38670317181365, 50.859476560583566 ], [ -0.386703171806836, 50.859476000806602 ], [ -0.386703448931601, 50.859475406043011 ], [ -0.386704003187931, 50.859474776292785 ], [ -0.386704834575815, 50.859474111555926 ], [ -0.386705943095239, 50.859473411832425 ], [ -0.386707328746187, 50.859472677122291 ], [ -0.386708991528646, 50.859471907425487 ], [ -0.386710931442597, 50.859471102742013 ], [ -0.38671314848802, 50.859470263071863 ], [ -0.38671519925341, 50.859469353429866 ], [ -0.386717083738763, 50.859468373816036 ], [ -0.386718801944082, 50.85946732423038 ], [ -0.386720353869371, 50.859466204672913 ], [ -0.386721739514634, 50.859465015143627 ], [ -0.386722958879877, 50.85946375564253 ], [ -0.38672401196511, 50.859462426169642 ], [ -0.386724898770338, 50.859461026724951 ], [ -0.386725674719785, 50.859459382377821 ], [ -0.386726339813449, 50.859457493128239 ], [ -0.386726894051332, 50.859455358976213 ], [ -0.38672733743344, 50.859452979921755 ], [ -0.386727669959783, 50.859450355964853 ], [ -0.38672789163037, 50.85944748710552 ], [ -0.386728002445221, 50.859444373343727 ], [ -0.386728002404352, 50.859441014679511 ], [ -0.38672783608635, 50.859437830945957 ], [ -0.386727503491246, 50.859434822143072 ], [ -0.38672700461907, 50.859431988270842 ], [ -0.386726339469848, 50.859429329329274 ], [ -0.3867255080436, 50.859426845318382 ], [ -0.386724510340346, 50.859424536238144 ], [ -0.386723346360097, 50.859422402088555 ], [ -0.386722016102866, 50.859420442869613 ], [ -0.386720741273784, 50.859418623594919 ], [ -0.386719521872832, 50.859416944264503 ], [ -0.386718357899995, 50.859415404878348 ], [ -0.386717249355256, 50.85941400543647 ], [ -0.386716196238602, 50.859412745938847 ], [ -0.386715198550019, 50.859411626385494 ], [ -0.386714256289494, 50.859410646776404 ], [ -0.386713369457015, 50.859409807111582 ], [ -0.38671242719944, 50.859409072405221 ], [ -0.386711429516765, 50.859408442657305 ], [ -0.386710376408984, 50.859407917867856 ], [ -0.386709267876097, 50.859407498036823 ], [ -0.386708103918092, 50.859407183164244 ], [ -0.386706884534966, 50.85940697325011 ], [ -0.386705609726712, 50.859406868294407 ], [ -0.38670427949332, 50.859406868297157 ], [ -0.386702782978533, 50.859406693369685 ], [ -0.386701120182371, 50.859406343511999 ], [ -0.386699291104855, 50.859405818724078 ], [ -0.386697295746013, 50.85940511900592 ], [ -0.386695134105872, 50.85940424435752 ], [ -0.386692806184467, 50.859403194778871 ], [ -0.386690311981835, 50.859401970269957 ], [ -0.386687651498017, 50.859400570830758 ], [ -0.386684603031658, 50.859399346323094 ], [ -0.386681166582757, 50.859398296746896 ], [ -0.3866773421513, 50.85939742210217 ], [ -0.386673129737268, 50.859396722388837 ], [ -0.386668529340633, 50.859396197606898 ], [ -0.386663540961358, 50.859395847756275 ], [ -0.386658164599395, 50.859395672836932 ], [ -0.386652400254692, 50.859395672848819 ], [ -0.38664730102757, 50.859395742831332 ], [ -0.386642866918008, 50.859395882784582 ], [ -0.38663909792599, 50.859396092708657 ], [ -0.386635994051506, 50.859396372603591 ], [ -0.386633555294554, 50.859396722469448 ], [ -0.386631781655137, 50.859397142306271 ], [ -0.386630673133263, 50.859397632114074 ], [ -0.386630229728947, 50.8593981918929 ], [ -0.386629342913104, 50.859398716686599 ], [ -0.386628012685722, 50.859399206495155 ], [ -0.386626239046789, 50.85939966131852 ], [ -0.386624021996298, 50.859400081156728 ], [ -0.38662136153424, 50.859400466009731 ], [ -0.386618257660616, 50.859400815877478 ], [ -0.386614710375418, 50.859401130759956 ], [ -0.386610719678649, 50.859401410657128 ], [ -0.386607227819806, 50.859401725539264 ], [ -0.386604234798893, 50.859402075406422 ], [ -0.386601740615913, 50.859402460258636 ], [ -0.386599745270869, 50.859402880095928 ], [ -0.386598248763774, 50.859403334918355 ], [ -0.386597251094636, 50.859403824725888 ], [ -0.386596752263467, 50.859404349518563 ], [ -0.386596752270284, 50.859404909296416 ], [ -0.386596530571127, 50.859405434088615 ], [ -0.386596087165988, 50.859405923895146 ], [ -0.386595422054862, 50.859406378716052 ], [ -0.386594535237745, 50.859406798551291 ], [ -0.386593426714631, 50.859407183400862 ], [ -0.38659209648552, 50.859407533264779 ], [ -0.386590544550406, 50.859407848143022 ], [ -0.386588770909293, 50.859408128035582 ], [ -0.386586886419412, 50.859408722803302 ], [ -0.386584891080723, 50.859409632446201 ], [ -0.386582784893177, 50.85941085696426 ], [ -0.386580567856726, 50.859412396357477 ], [ -0.386578239971309, 50.859414250625832 ], [ -0.386575801236868, 50.859416419769339 ], [ -0.386573251653338, 50.859418903787976 ], [ -0.386570591220649, 50.859421702681729 ], [ -0.386568318772456, 50.859424501574473 ], [ -0.38656643430883, 50.859427300466216 ], [ -0.386564937829838, 50.859430099356977 ], [ -0.38656382933555, 50.859432898246759 ], [ -0.386563108826037, 50.859435697135609 ], [ -0.386562776301364, 50.8594384960235 ], [ -0.386562831761605, 50.859441294910447 ], [ -0.386563275206828, 50.859444093796462 ], [ -0.386563940356649, 50.859446822709742 ], [ -0.386564827211106, 50.85944948165028 ], [ -0.386565935770231, 50.859452070618076 ], [ -0.386567266034059, 50.859454589613136 ], [ -0.386568818002618, 50.859457038635426 ], [ -0.386570591675937, 50.859459417684974 ], [ -0.386572587054042, 50.859461726761715 ], [ -0.386574804136958, 50.8594639658657 ], [ -0.386576965790629, 50.859465960067261 ], [ -0.386579072015015, 50.859467709366449 ], [ -0.386581122810078, 50.859469213763212 ], [ -0.386583118175778, 50.859470473257581 ], [ -0.386585058112083, 50.859471487849575 ], [ -0.386586942618959, 50.859472257539174 ], [ -0.386588771696374, 50.859472782326399 ], [ -0.386590545344296, 50.859473062211222 ], [ -0.386592318993867, 50.859473482040286 ], [ -0.386594092645103, 50.859474041813584 ], [ -0.386595866298019, 50.859474741531102 ], [ -0.386597639952633, 50.859475581192839 ], [ -0.386599413608957, 50.859476560798825 ], [ -0.386601187267009, 50.859477680349023 ], [ -0.386602960926804, 50.859478939843463 ], [ -0.386604734588358, 50.859480339282122 ], [ -0.3866067299542, 50.859481633762194 ], [ -0.386608947024335, 50.859482823283649 ], [ -0.386611385798764, 50.859483907846482 ], [ -0.386614046277487, 50.859484887450677 ], [ -0.386616928460502, 50.859485762096213 ], [ -0.386620032347805, 50.859486531783077 ], [ -0.38662335793938, 50.85948719651126 ], [ -0.386626905235218, 50.859487756280728 ], [ -0.386630175397493, 50.85948817610651 ], [ -0.386633168426168, 50.859488455988597 ], [ -0.386635884321209, 50.85948859592704 ], [ -0.38663832308259, 50.859488595921839 ], [ -0.38664048471029, 50.859488455973008 ], [ -0.386642369204289, 50.859488176080582 ], [ -0.386643976564577, 50.859487756244569 ] ] ] } },
{ "type": "Feature", "properties": { "fid": 83, "pit_id": 83, "mon_name": "Flint Mine Pit Group 9", "site": "Cissbury Ring", "mon_type": "Flint mine pit group", "nhle_id": null, "mon_uid": "MNA188904", "src_shot": "142528+142632", "full_label": "Flint Mine Pit Group 9, Cissbury Ring", "area_m2": 40.19, "perim_m": 22.83, "diam_m": 7.15 }, "geometry": { "type": "Polygon", "coordinates": [ [ [ -0.386020542113899, 50.859618325319602 ], [ -0.386027193284168, 50.859618605193305 ], [ -0.386033013057396, 50.859618780110587 ], [ -0.386038001433533, 50.859618850071534 ], [ -0.386042158412538, 50.859618815076288 ], [ -0.386045483994384, 50.859618675124906 ], [ -0.386047978179056, 50.859618430217466 ], [ -0.386049640966545, 50.859618080354046 ], [ -0.38605047235686, 50.859617625534653 ], [ -0.386050472350019, 50.859617065759316 ], [ -0.386050860326324, 50.859616366039319 ], [ -0.386051636285751, 50.859615526374682 ], [ -0.386052800228274, 50.859614546765407 ], [ -0.386054352153858, 50.859613427211436 ], [ -0.386056292062462, 50.859612167712804 ], [ -0.386058619954036, 50.859610768269455 ], [ -0.386061335828527, 50.859609228881368 ], [ -0.386064439685872, 50.859607549548535 ], [ -0.386067155556234, 50.859605695286469 ], [ -0.386069483439628, 50.859603666095182 ], [ -0.386071423336078, 50.859601461974734 ], [ -0.386072975245616, 50.859599082925087 ], [ -0.386074139168281, 50.859596528946312 ], [ -0.386074915104126, 50.859593800038404 ], [ -0.386075303053205, 50.85959089620134 ], [ -0.386075303015585, 50.859587817435155 ], [ -0.3860749149943, 50.859584843627623 ], [ -0.38607413898942, 50.859581974778763 ], [ -0.38607297500101, 50.859579210888533 ], [ -0.386071423029133, 50.859576551956955 ], [ -0.386069483073844, 50.859573997984008 ], [ -0.386067155135196, 50.859571548969647 ], [ -0.386064439213234, 50.859569204913875 ], [ -0.386061335307999, 50.859566965816647 ], [ -0.386058009699859, 50.859564936635913 ], [ -0.386054462388801, 50.85956311737165 ], [ -0.386050693374802, 50.859561508023859 ], [ -0.386046702657836, 50.859560108592483 ], [ -0.386042490237872, 50.859558919077514 ], [ -0.386038056114867, 50.859557939478933 ], [ -0.386033400288782, 50.859557169796723 ], [ -0.386028522759562, 50.859556610030829 ], [ -0.386024033216471, 50.859556155222023 ], [ -0.386019931659466, 50.859555805370341 ], [ -0.386016218088511, 50.859555560475791 ], [ -0.386012892503573, 50.859555420538456 ], [ -0.386009954904626, 50.859555385558366 ], [ -0.38600740529165, 50.859555455535506 ], [ -0.386005243664627, 50.859555630469941 ], [ -0.386003470023546, 50.859555910361678 ], [ -0.386001918088447, 50.85955622523894 ], [ -0.386000587859328, 50.85955657510172 ], [ -0.385999479336194, 50.859556959950034 ], [ -0.385998592519045, 50.859557379783894 ], [ -0.385997927407886, 50.859557834603287 ], [ -0.385997484002721, 50.859558324408219 ], [ -0.385997262303557, 50.859558849198713 ], [ -0.385997262310399, 50.859559408974754 ], [ -0.385996929759827, 50.859560038723501 ], [ -0.385996264651822, 50.859560738444962 ], [ -0.385995266986371, 50.859561508139109 ], [ -0.385993936763451, 50.859562347805969 ], [ -0.385992273983036, 50.859563257445494 ], [ -0.385990278645104, 50.859564237057697 ], [ -0.385987950749622, 50.859565286642528 ], [ -0.385985290296559, 50.859566406200017 ], [ -0.385982906974945, 50.85956749077085 ], [ -0.385980800784805, 50.859568540355056 ], [ -0.385978971726161, 50.859569554952678 ], [ -0.385977419799035, 50.859570534563687 ], [ -0.385976145003448, 50.859571479188126 ], [ -0.38597514733942, 50.859572388825981 ], [ -0.385974426806967, 50.85957326347728 ], [ -0.385973983406108, 50.859574103142002 ], [ -0.38597365086142, 50.859575222694303 ], [ -0.385973429172906, 50.859576622134171 ], [ -0.385973318340568, 50.859578301461617 ], [ -0.385973318364418, 50.859580260676651 ], [ -0.385973429244467, 50.859582499779243 ], [ -0.385973650980732, 50.859585018769415 ], [ -0.385973983573237, 50.859587817647146 ], [ -0.385974427022003, 50.859590896412456 ], [ -0.385975147600884, 50.859593835233177 ], [ -0.385976145309922, 50.85959663410933 ], [ -0.385977420149162, 50.859599293040894 ], [ -0.38597897211864, 50.859601812027854 ], [ -0.385980801218385, 50.859604191070218 ], [ -0.385982907448429, 50.85960643016795 ], [ -0.385985290808788, 50.859608529321058 ], [ -0.38598795129948, 50.859610488529505 ], [ -0.385991110625162, 50.859612237821295 ], [ -0.385994768785846, 50.859613777196415 ], [ -0.385998925781535, 50.859615106654765 ], [ -0.386003581612215, 50.85961622619633 ], [ -0.386008736277865, 50.859617135821026 ], [ -0.386014389778443, 50.859617835528809 ], [ -0.386020542113899, 50.859618325319602 ] ] ] } },
{ "type": "Feature", "properties": { "fid": 84, "pit_id": 84, "mon_name": "Flint Mine Pit Group 9", "site": "Cissbury Ring", "mon_type": "Flint mine pit group", "nhle_id": null, "mon_uid": "MNA188904", "src_shot": "142528+142632", "full_label": "Flint Mine Pit Group 9, Cissbury Ring", "area_m2": 31.16, "perim_m": 20.11, "diam_m": 6.3 }, "geometry": { "type": "Polygon", "coordinates": [ [ [ -0.386370615427552, 50.859637077052547 ], [ -0.386375936343956, 50.859635677603677 ], [ -0.386380702994647, 50.859634138211916 ], [ -0.386384915379632, 50.859632458877321 ], [ -0.386388573498933, 50.859630639599978 ], [ -0.386391677352581, 50.859628680379913 ], [ -0.386394226940613, 50.859626581217185 ], [ -0.386396222263081, 50.859624342111815 ], [ -0.386397663320046, 50.859621963063852 ], [ -0.386398550111576, 50.859619444073324 ], [ -0.386399215198279, 50.859616995055042 ], [ -0.386399658580195, 50.859614616009047 ], [ -0.386399880257357, 50.859612306935333 ], [ -0.386399880229798, 50.859610067833906 ], [ -0.386399658497553, 50.859607898704759 ], [ -0.386399215060648, 50.859605799547872 ], [ -0.386398549919114, 50.859603770363279 ], [ -0.386397663072979, 50.859601811150952 ], [ -0.386396554522512, 50.859599956897007 ], [ -0.386395224267735, 50.859598207601408 ], [ -0.386393672308665, 50.859596563264141 ], [ -0.386391898645314, 50.85959502388522 ], [ -0.386389903277694, 50.85959358946463 ], [ -0.386387686205812, 50.859592260002344 ], [ -0.386385247429671, 50.859591035498354 ], [ -0.386382586949273, 50.859589915952682 ], [ -0.386379981897058, 50.859588936350775 ], [ -0.386377432273001, 50.859588096692647 ], [ -0.386374938077076, 50.859587396978306 ], [ -0.386372499309256, 50.85958683720775 ], [ -0.386370115969519, 50.859586417380982 ], [ -0.386367788057842, 50.859586137498034 ], [ -0.386365515574202, 50.859585997558867 ], [ -0.38636329851858, 50.859585997563499 ], [ -0.386361192314862, 50.85958592759593 ], [ -0.386359196963056, 50.859585787656137 ], [ -0.386357312463172, 50.859585577744156 ], [ -0.386355538815214, 50.859585297859965 ], [ -0.386353876019188, 50.859584948003587 ], [ -0.386352324075102, 50.859584528175013 ], [ -0.386350882982956, 50.859584038374273 ], [ -0.386349552742754, 50.859583478601337 ], [ -0.386348277931123, 50.859583093758197 ], [ -0.386347058548047, 50.859582883844844 ], [ -0.386345894593512, 50.859582848861272 ], [ -0.386344786067505, 50.859582988807503 ], [ -0.386343732970012, 50.859583303683507 ], [ -0.386342735301023, 50.859583793489335 ], [ -0.38634179306053, 50.859584458224937 ], [ -0.386340906248522, 50.859585297890341 ], [ -0.386339853156493, 50.859586067584161 ], [ -0.386338633784434, 50.859586767306354 ], [ -0.386337248132347, 50.859587397056956 ], [ -0.386335696200231, 50.859587956835952 ], [ -0.386333977988086, 50.859588446643308 ], [ -0.386332093495916, 50.859588866479058 ], [ -0.386330042723724, 50.859589216343146 ], [ -0.386327825671518, 50.859589496235614 ], [ -0.386325664050117, 50.859590125987623 ], [ -0.386323557859475, 50.859591105599172 ], [ -0.386321507099548, 50.85959243507029 ], [ -0.386319511770294, 50.859594114400934 ], [ -0.386317571871674, 50.859596143591148 ], [ -0.38631568740365, 50.859598522640916 ], [ -0.386313858366188, 50.859601251550259 ], [ -0.386312084759254, 50.859604330319151 ], [ -0.386310809989071, 50.85960737410084 ], [ -0.386310034055742, 50.859610382895333 ], [ -0.386309756959362, 50.859613356702674 ], [ -0.386309978700027, 50.859616295522819 ], [ -0.386310699277832, 50.859619199355805 ], [ -0.386311918692865, 50.859622068201588 ], [ -0.38631363694522, 50.859624902060176 ], [ -0.38631585403498, 50.85962770093154 ], [ -0.386318071120644, 50.859630149943413 ], [ -0.386320288202159, 50.859632249095768 ], [ -0.38632250527948, 50.859633998388631 ], [ -0.386324722352558, 50.859635397821975 ], [ -0.386326939421344, 50.859636447395829 ], [ -0.386329156485787, 50.859637147110178 ], [ -0.386331373545841, 50.859637496965007 ], [ -0.386333590601454, 50.85963749696036 ], [ -0.386335696805115, 50.859637566927795 ], [ -0.386337692156836, 50.859637706867332 ], [ -0.386339576656621, 50.859637916778972 ], [ -0.386341350304478, 50.859638196662729 ], [ -0.386343013100415, 50.859638546518596 ], [ -0.386344565044434, 50.859638966346587 ], [ -0.386346006136539, 50.859639456146702 ], [ -0.386347336376734, 50.859640015918949 ], [ -0.386349165451627, 50.859640330788679 ], [ -0.386351493361201, 50.859640400755879 ], [ -0.386354320105421, 50.859640225820506 ], [ -0.386357645684238, 50.859639805982546 ], [ -0.386361470097589, 50.859639141241914 ], [ -0.386365793345391, 50.859638231598609 ], [ -0.386370615427552, 50.859637077052547 ] ] ] } },
{ "type": "Feature", "properties": { "fid": 85, "pit_id": 85, "mon_name": "Flint Mine Pit Group 9", "site": "Cissbury Ring", "mon_type": "Flint mine pit group", "nhle_id": null, "mon_uid": "MNA188904", "src_shot": "142528+142632", "full_label": "Flint Mine Pit Group 9, Cissbury Ring", "area_m2": 147.65, "perim_m": 44.03, "diam_m": 13.71 }, "geometry": { "type": "Polygon", "coordinates": [ [ [ -0.385677343801618, 50.859773103667941 ], [ -0.385682221320484, 50.85977282377084 ], [ -0.385686877131378, 50.859772333959 ], [ -0.385691311234242, 50.85977163423248 ], [ -0.385695523629026, 50.859770724591307 ], [ -0.385699514315685, 50.859769605035453 ], [ -0.385703283294181, 50.859768275565003 ], [ -0.38570683056448, 50.859766736179928 ], [ -0.385710156126556, 50.859764986880279 ], [ -0.385713259980389, 50.859763027666062 ], [ -0.385716086705071, 50.859761313353353 ], [ -0.385718636300679, 50.859759843942129 ], [ -0.385720908767277, 50.859758619432412 ], [ -0.385722904104922, 50.859757639824259 ], [ -0.385724622313665, 50.859756905117649 ], [ -0.385726063393544, 50.859756415312603 ], [ -0.385727227344591, 50.859756170409142 ], [ -0.385728114166827, 50.859756170407273 ], [ -0.385729056411685, 50.859755855532498 ], [ -0.385730054079147, 50.859755225784845 ], [ -0.385731107169185, 50.859754281164307 ], [ -0.38573221568178, 50.859753021670883 ], [ -0.3857333796169, 50.859751447304561 ], [ -0.385734598974516, 50.859749558065346 ], [ -0.385735873754597, 50.859747353953232 ], [ -0.38573720395711, 50.859744834968225 ], [ -0.385738645013289, 50.859742385954647 ], [ -0.385740196923124, 50.859740006912467 ], [ -0.385741859686608, 50.859737697841695 ], [ -0.385743633303729, 50.859735458742328 ], [ -0.385745517774481, 50.859733289614368 ], [ -0.385747513098858, 50.859731190457786 ], [ -0.385749619276854, 50.859729161272597 ], [ -0.385751836308462, 50.859727202058778 ], [ -0.385753831634416, 50.859725242845336 ], [ -0.38575560525474, 50.85972328363227 ], [ -0.385757157169464, 50.859721324419546 ], [ -0.385758487378614, 50.859719365207226 ], [ -0.385759595882219, 50.859717405995312 ], [ -0.385760482680306, 50.859715446783781 ], [ -0.385761147772902, 50.859713487572662 ], [ -0.385761591160037, 50.859711528361949 ], [ -0.385761701982965, 50.859709114334947 ], [ -0.385761480241734, 50.859706245491658 ], [ -0.38576092593641, 50.859702921832074 ], [ -0.385760039067077, 50.859699143356217 ], [ -0.385758819633838, 50.859694910064029 ], [ -0.385757267636818, 50.859690221955539 ], [ -0.385755383076156, 50.859685079030704 ], [ -0.385753165952018, 50.859679481289547 ], [ -0.385750616277871, 50.859674548281468 ], [ -0.385747734053717, 50.859670280006462 ], [ -0.38574451927953, 50.859666676464506 ], [ -0.385740971955256, 50.859663737655566 ], [ -0.385737092080806, 50.85966146357962 ], [ -0.38573287965607, 50.859659854236632 ], [ -0.385728334680905, 50.859658909626575 ], [ -0.385723457155139, 50.859658629749397 ], [ -0.385719189319269, 50.859658314884832 ], [ -0.385715531173291, 50.859657965032952 ], [ -0.385712482717199, 50.859657580193826 ], [ -0.385710043950982, 50.859657160367469 ], [ -0.38570821487463, 50.859656705553959 ], [ -0.385706995488128, 50.85965621575329 ], [ -0.385706385791459, 50.859655690965496 ], [ -0.385706385784603, 50.859655131190586 ], [ -0.385705776086919, 50.859654536431123 ], [ -0.38570455669843, 50.859653906687072 ], [ -0.385702727619166, 50.859653241958426 ], [ -0.385700288849157, 50.859652542245165 ], [ -0.385697240388435, 50.859651807547266 ], [ -0.385693582237038, 50.85965103786463 ], [ -0.385689314395003, 50.859650233197243 ], [ -0.385684436862377, 50.859649393545034 ], [ -0.385679503904756, 50.859648658850773 ], [ -0.385674515522111, 50.859648029114439 ], [ -0.385669471714411, 50.85964750433606 ], [ -0.385664372481625, 50.859647084515608 ], [ -0.38565921782372, 50.859646769653068 ], [ -0.385654007740663, 50.859646559748441 ], [ -0.385648742232418, 50.859646454801727 ], [ -0.385643421298952, 50.859646454812911 ], [ -0.385638211221061, 50.859646664739422 ], [ -0.385633111998674, 50.859647084581269 ], [ -0.385628123631727, 50.859647714338458 ], [ -0.385623246120156, 50.859648554011024 ], [ -0.385618479463899, 50.859649603598967 ], [ -0.385613823662903, 50.85965086310231 ], [ -0.385609278717111, 50.859652332521058 ], [ -0.385604844626472, 50.859654011855206 ], [ -0.385600798521314, 50.859655761160234 ], [ -0.385597140401659, 50.859657580436121 ], [ -0.385593870267537, 50.859659469682946 ], [ -0.385590988118978, 50.859661428900729 ], [ -0.385588493956018, 50.859663458089479 ], [ -0.385586387778694, 50.859665557249251 ], [ -0.385584669587051, 50.859667726380053 ], [ -0.38558333938113, 50.859669965481899 ], [ -0.385582175461645, 50.859672799343379 ], [ -0.385581177828576, 50.859676227964499 ], [ -0.38558034648192, 50.859680251345267 ], [ -0.385579681421684, 50.859684869485655 ], [ -0.385579182647889, 50.859690082385697 ], [ -0.385578850160564, 50.859695890045401 ], [ -0.385578683959757, 50.859702292464739 ], [ -0.38557868404552, 50.859709289643718 ], [ -0.385578794976673, 50.859715692062018 ], [ -0.385579016753261, 50.859721499719655 ], [ -0.385579349375322, 50.85972671261662 ], [ -0.385579792842885, 50.859731330752922 ], [ -0.38558034715597, 50.859735354128553 ], [ -0.385581012314588, 50.859738782743513 ], [ -0.385581788318741, 50.859741616597795 ], [ -0.385582675168422, 50.85974385569142 ], [ -0.385583562014726, 50.859745814898105 ], [ -0.385584448857638, 50.859747494217849 ], [ -0.385585335697144, 50.859748893650654 ], [ -0.385586222533226, 50.859750013196525 ], [ -0.385587109365872, 50.859750852855448 ], [ -0.385587996195062, 50.859751412627453 ], [ -0.385588883020784, 50.859751692512518 ], [ -0.385589769843021, 50.859751692510628 ], [ -0.385590601240141, 50.859751797466444 ], [ -0.38559137721215, 50.859752007379939 ], [ -0.385592097759054, 50.859752322251126 ], [ -0.385592762880853, 50.859752742080012 ], [ -0.385593372577552, 50.859753266866583 ], [ -0.385593926849154, 50.859753896610847 ], [ -0.385594425695659, 50.859754631312796 ], [ -0.385594869117069, 50.859755470972438 ], [ -0.385596254788444, 50.859756450573741 ], [ -0.385598582709858, 50.859757570116656 ], [ -0.385601852881401, 50.85975882960112 ], [ -0.385606065303176, 50.859760229027074 ], [ -0.385611219975312, 50.859761768394407 ], [ -0.385617316897948, 50.859763447702981 ], [ -0.385624356071242, 50.859765266952692 ], [ -0.385632337495372, 50.859767226143305 ], [ -0.385639930931872, 50.85976890544773 ], [ -0.385647136380564, 50.859770304866025 ], [ -0.385653953841282, 50.859771424398261 ], [ -0.385660383313877, 50.859772264044501 ], [ -0.385666424798212, 50.859772823804839 ], [ -0.385672078294161, 50.859773103679295 ], [ -0.385677343801618, 50.859773103667941 ] ] ] } },
{ "type": "Feature", "properties": { "fid": 86, "pit_id": 86, "mon_name": "Flint Mine Pit Group 9", "site": "Cissbury Ring", "mon_type": "Flint mine pit group", "nhle_id": null, "mon_uid": "MNA188904", "src_shot": "142528+142632", "full_label": "Flint Mine Pit Group 9, Cissbury Ring", "area_m2": 35.18, "perim_m": 21.07, "diam_m": 6.69 }, "geometry": { "type": "Polygon", "coordinates": [ [ [ -0.386274174549663, 50.859722442874926 ], [ -0.386277278403593, 50.859720483659132 ], [ -0.386280105124209, 50.859718419486093 ], [ -0.386282654711525, 50.859716250355824 ], [ -0.386284927165565, 50.859713976268353 ], [ -0.38628692248635, 50.859711597223665 ], [ -0.38628864067391, 50.859709113221818 ], [ -0.386290081728278, 50.859706524262776 ], [ -0.386291245649487, 50.859703830346589 ], [ -0.386292132437577, 50.859701031473257 ], [ -0.386292742094841, 50.859698337558093 ], [ -0.38629307462133, 50.859695748601084 ], [ -0.386293130017094, 50.859693264602249 ], [ -0.386292908282176, 50.859690885561577 ], [ -0.386292409416619, 50.859688611479079 ], [ -0.386291633420458, 50.85968644235475 ], [ -0.386290580293729, 50.859684378188575 ], [ -0.386289250036459, 50.859682418980555 ], [ -0.386287753501726, 50.859680599716505 ], [ -0.386286090689533, 50.859678920396462 ], [ -0.386284261599887, 50.859677381020362 ], [ -0.386282266232785, 50.859675981588225 ], [ -0.386280104588227, 50.859674722100053 ], [ -0.386277776666205, 50.859673602555816 ], [ -0.386275282466714, 50.859672622955514 ], [ -0.386272621989738, 50.859671783299127 ], [ -0.386269795234472, 50.859671013614978 ], [ -0.386266802200909, 50.859670313903031 ], [ -0.386263642889044, 50.859669684163293 ], [ -0.38626031729887, 50.859669124395737 ], [ -0.386256825430378, 50.859668634600368 ], [ -0.386253167283559, 50.859668214777138 ], [ -0.386249342858401, 50.859667864926053 ], [ -0.386245352154892, 50.859667585047106 ], [ -0.386241416881423, 50.859667585055341 ], [ -0.386237537037924, 50.859667864950765 ], [ -0.386233712624327, 50.8596684247334 ], [ -0.386229943640565, 50.859669264403216 ], [ -0.386226230086573, 50.859670383960264 ], [ -0.386222571962288, 50.859671783404508 ], [ -0.386218969267648, 50.859673462735991 ], [ -0.386215422002593, 50.859675421954684 ], [ -0.386212207297056, 50.859677486130224 ], [ -0.386209325151058, 50.859679655262589 ], [ -0.386206775564622, 50.859681929351844 ], [ -0.38620455853778, 50.859684308398002 ], [ -0.386202674070568, 50.859686792401078 ], [ -0.386201122163023, 50.859689381361079 ], [ -0.386199902815192, 50.859692075278033 ], [ -0.386199016027122, 50.859694874151955 ], [ -0.386198572649478, 50.859697638038902 ], [ -0.386198572682344, 50.859700366938888 ], [ -0.386199016125793, 50.85970306085192 ], [ -0.386199902979902, 50.859705719777992 ], [ -0.386201233244747, 50.859708343717088 ], [ -0.386203006920397, 50.859710932669188 ], [ -0.386205224006924, 50.859713486634291 ], [ -0.386207884504394, 50.859716005612356 ], [ -0.386210932983656, 50.859718279688501 ], [ -0.386214369444714, 50.859720308862741 ], [ -0.386218193887569, 50.859722093135012 ], [ -0.386222406312207, 50.859723632505293 ], [ -0.386227006718603, 50.859724926973499 ], [ -0.386231995106716, 50.85972597653965 ], [ -0.386237371476497, 50.859726781203655 ], [ -0.386243135827883, 50.859727340965463 ], [ -0.386248567617397, 50.859727585854927 ], [ -0.386253666844926, 50.859727515872095 ], [ -0.386258433510367, 50.859727131017003 ], [ -0.386262867613628, 50.859726431289715 ], [ -0.386266969154638, 50.859725416690246 ], [ -0.386270738133333, 50.85972408721863 ], [ -0.386274174549663, 50.859722442874926 ] ] ] } },
{ "type": "Feature", "properties": { "fid": 87, "pit_id": 87, "mon_name": "Flint Mine Pit Group 9", "site": "Cissbury Ring", "mon_type": "Flint mine pit group", "nhle_id": null, "mon_uid": "MNA188904", "src_shot": "142528+142632", "full_label": "Flint Mine Pit Group 9, Cissbury Ring", "area_m2": 93.42, "perim_m": 35.36, "diam_m": 10.91 }, "geometry": { "type": "Polygon", "coordinates": [ [ [ -0.385484017381483, 50.859840556736984 ], [ -0.38548534760453, 50.859839717075083 ], [ -0.385486788681206, 50.859838947384532 ], [ -0.385488340611508, 50.859838247665358 ], [ -0.38549000339544, 50.859837617917535 ], [ -0.385491777033003, 50.859837058141061 ], [ -0.385493661524204, 50.859836568335936 ], [ -0.385495656869046, 50.859836148502154 ], [ -0.385497763067537, 50.859835798639715 ], [ -0.385499980119683, 50.859835518748611 ], [ -0.385501920039441, 50.859835203872237 ], [ -0.38550358282681, 50.859834854010643 ], [ -0.385504968481794, 50.859834469163836 ], [ -0.385506077004398, 50.859834049331816 ], [ -0.385506908394623, 50.859833594514583 ], [ -0.385507462652478, 50.859833104712166 ], [ -0.385507739777969, 50.859832579924536 ], [ -0.385507739771105, 50.859832020151742 ], [ -0.385507906044271, 50.859831530350185 ], [ -0.385508238597466, 50.859831110519892 ], [ -0.385508737430684, 50.859830760660842 ], [ -0.385509402543925, 50.859830480773034 ], [ -0.385510233937188, 50.859830270856484 ], [ -0.385511231610476, 50.859830130911185 ], [ -0.385512395563792, 50.859830060937121 ], [ -0.385513725797138, 50.859830060934264 ], [ -0.385515000602833, 50.859829955974135 ], [ -0.385516219980867, 50.859829746056704 ], [ -0.385517383931232, 50.859829431181964 ], [ -0.385518492453923, 50.859829011349944 ], [ -0.385519545548932, 50.859828486560616 ], [ -0.385520543216255, 50.859827856813993 ], [ -0.385521485455887, 50.85982712211009 ], [ -0.385522372267823, 50.859826282448893 ], [ -0.38552325907723, 50.85982523287278 ], [ -0.385524145884094, 50.859823973381751 ], [ -0.385525032688402, 50.859822503975799 ], [ -0.385525919490144, 50.859820824654925 ], [ -0.385526806289307, 50.859818935419149 ], [ -0.385527693085877, 50.859816836268443 ], [ -0.385528579879843, 50.859814527202836 ], [ -0.385529466671191, 50.859812008222292 ], [ -0.385530187179415, 50.85980917436936 ], [ -0.385530741404528, 50.859806025644055 ], [ -0.385531129346551, 50.859802562046362 ], [ -0.385531351005511, 50.859798783576281 ], [ -0.385531406381443, 50.859794690233819 ], [ -0.385531295474385, 50.85979028201897 ], [ -0.385531018284387, 50.859785558931733 ], [ -0.385530574811502, 50.859780520972123 ], [ -0.385529854212136, 50.859775937828907 ], [ -0.385528856486353, 50.859771809502085 ], [ -0.3855275816342, 50.859768135991665 ], [ -0.38552602965571, 50.859764917297632 ], [ -0.385524200550893, 50.859762153419972 ], [ -0.38552209431975, 50.859759844358663 ], [ -0.385519710962261, 50.859757990113707 ], [ -0.385517050478392, 50.859756590685073 ], [ -0.385514667127433, 50.859755261227519 ], [ -0.385512560909349, 50.859754001741024 ], [ -0.385510731824109, 50.859752812225622 ], [ -0.385509179871683, 50.859751692681336 ], [ -0.385507905052044, 50.859750643108157 ], [ -0.385506907365166, 50.859749663506101 ], [ -0.38550618681103, 50.859748753875181 ], [ -0.385505743389614, 50.859747914215411 ], [ -0.385505133689879, 50.859747144527717 ], [ -0.385504357711827, 50.85974644481211 ], [ -0.385503415455466, 50.859745815068578 ], [ -0.385502306920795, 50.859745255297149 ], [ -0.385501032107818, 50.859744765497787 ], [ -0.385499591016533, 50.859744345670478 ], [ -0.385497983646938, 50.859743995815229 ], [ -0.385496209999032, 50.859743715932041 ], [ -0.385494547202598, 50.859743331091011 ], [ -0.385492995257647, 50.859742841292103 ], [ -0.385491554164185, 50.85974224653534 ], [ -0.385490223922217, 50.859741546820715 ], [ -0.385489004531748, 50.859740742148247 ], [ -0.385487895992778, 50.859739832517946 ], [ -0.385486898305309, 50.859738817929774 ], [ -0.385486011469341, 50.859737698383789 ], [ -0.385484182387864, 50.859736823741194 ], [ -0.385481411060903, 50.859736194001968 ], [ -0.385477697488454, 50.859735809166047 ], [ -0.385473041670485, 50.859735669233331 ], [ -0.385467443606933, 50.85973577420372 ], [ -0.385460903297708, 50.85973612407706 ], [ -0.385453420742692, 50.859736718853206 ], [ -0.38544499594173, 50.859737558531975 ], [ -0.385437513390135, 50.85973846817997 ], [ -0.385430973087921, 50.859739447797409 ], [ -0.385425375035114, 50.859740497384415 ], [ -0.38542071923175, 50.859741616941136 ], [ -0.385417005677872, 50.859742806467708 ], [ -0.385414234373533, 50.859744065964179 ], [ -0.385412405318794, 50.859745395430657 ], [ -0.385411518513727, 50.859746794867164 ], [ -0.385410354577696, 50.85974826427595 ], [ -0.385408913510673, 50.859749803657024 ], [ -0.385407195312619, 50.859751413010379 ], [ -0.385405199983501, 50.859753092336007 ], [ -0.385402927523281, 50.859754841633865 ], [ -0.385400377931915, 50.859756660903948 ], [ -0.385397551209363, 50.859758550146253 ], [ -0.385394447355578, 50.859760509360761 ], [ -0.385392008622831, 50.859762853417813 ], [ -0.385390235011162, 50.859765582317472 ], [ -0.385389126520637, 50.85976869605976 ], [ -0.385388683151363, 50.859772194644677 ], [ -0.385388904903472, 50.859776078072272 ], [ -0.385389791777137, 50.859780346342511 ], [ -0.385391343772556, 50.859784999455385 ], [ -0.385393560889965, 50.859790037410875 ], [ -0.385395611721246, 50.859794480607462 ], [ -0.385397496266278, 50.859798329045191 ], [ -0.385399214524952, 50.85980158272406 ], [ -0.38540076649717, 50.859804241644092 ], [ -0.385402152182848, 50.85980630580525 ], [ -0.385403371581912, 50.859807775207585 ], [ -0.385404424694303, 50.859808649851054 ], [ -0.385405311519971, 50.859808929735721 ], [ -0.385406087494149, 50.859809314578065 ], [ -0.385406752616839, 50.859809804378081 ], [ -0.385407306888045, 50.859810399135739 ], [ -0.385407750307765, 50.85981109885109 ], [ -0.385408082875995, 50.859811903524133 ], [ -0.385408304592734, 50.859812813154818 ], [ -0.385408415457974, 50.85981382774321 ], [ -0.385408415471711, 50.859814947289266 ], [ -0.385408526336927, 50.859815961877651 ], [ -0.385408748053626, 50.85981687150835 ], [ -0.385409080621818, 50.859817676181365 ], [ -0.385409524041502, 50.859818375896708 ], [ -0.385410078312683, 50.859818970654359 ], [ -0.385410743435361, 50.859819460454332 ], [ -0.385411519409533, 50.859819845296613 ], [ -0.385412406235198, 50.859820125181209 ], [ -0.3854132930634, 50.859820614980606 ], [ -0.385414179894148, 50.859821314694827 ], [ -0.385415066727453, 50.859822224323871 ], [ -0.385415953563328, 50.859823343867724 ], [ -0.385416840401785, 50.859824673326365 ], [ -0.385417727242834, 50.859826212699851 ], [ -0.385418614086488, 50.859827961988138 ], [ -0.385419500932757, 50.859829921191242 ], [ -0.385421163746587, 50.859831740449671 ], [ -0.385423602528057, 50.859833419763397 ], [ -0.385426817277226, 50.859834959132371 ], [ -0.385430807994148, 50.859836358556528 ], [ -0.385435574678855, 50.85983761803579 ], [ -0.385441117331371, 50.859838737570051 ], [ -0.385447435951704, 50.859839717159211 ], [ -0.385454530539851, 50.85984055680315 ], [ -0.385460904582633, 50.859841186533536 ], [ -0.385466558079933, 50.859841606350486 ], [ -0.385471491031654, 50.859841816254125 ], [ -0.385475703437718, 50.859841816244511 ], [ -0.385479195298067, 50.859841606321744 ], [ -0.385481966612662, 50.859841186485887 ], [ -0.385484017381483, 50.859840556736984 ] ] ] } },
{ "type": "Feature", "properties": { "fid": 88, "pit_id": 88, "mon_name": "Flint Mine Pit Group 9", "site": "Cissbury Ring", "mon_type": "Flint mine pit group", "nhle_id": null, "mon_uid": "MNA188904", "src_shot": "142528+142632", "full_label": "Flint Mine Pit Group 9, Cissbury Ring", "area_m2": 36.04, "perim_m": 21.4, "diam_m": 6.77 }, "geometry": { "type": "Polygon", "coordinates": [ [ [ -0.385815024300163, 50.859883098735189 ], [ -0.385817684756571, 50.859882259071235 ], [ -0.385820012655006, 50.859881454393694 ], [ -0.385822007995487, 50.859880684702595 ], [ -0.385823670778038, 50.859879949997932 ], [ -0.385825001002676, 50.859879250279761 ], [ -0.385825998669418, 50.859878585548046 ], [ -0.385826663778283, 50.859877955802816 ], [ -0.385826996329283, 50.859877361044092 ], [ -0.385826996322435, 50.859876801271845 ], [ -0.385827218020751, 50.859876206513377 ], [ -0.385827661424226, 50.859875576768651 ], [ -0.38582832653285, 50.859874912037697 ], [ -0.385829213346611, 50.859874212320484 ], [ -0.385830321865497, 50.859873477617022 ], [ -0.385831652089497, 50.859872707927316 ], [ -0.385833204018595, 50.859871903251339 ], [ -0.385834977652779, 50.859871063589068 ], [ -0.385836585005233, 50.859870014012444 ], [ -0.385838026075946, 50.859868754521472 ], [ -0.385839300864914, 50.859867285116131 ], [ -0.385840409372132, 50.859865605796458 ], [ -0.385841351597605, 50.859863716562401 ], [ -0.38584212754134, 50.85986161741404 ], [ -0.385842737203344, 50.859859308351332 ], [ -0.385843180583637, 50.859856789374284 ], [ -0.385843235978984, 50.85985427039796 ], [ -0.385842903389447, 50.859851751422362 ], [ -0.385842182815092, 50.859849232447452 ], [ -0.385841074255977, 50.859846713473267 ], [ -0.385839577712167, 50.859844194499772 ], [ -0.385837693183726, 50.859841675526958 ], [ -0.385835420670714, 50.859839156554798 ], [ -0.385832760173197, 50.859836637583285 ], [ -0.385830210531625, 50.85983436351205 ], [ -0.385827771745942, 50.859832334341114 ], [ -0.385825443816099, 50.859830550070456 ], [ -0.385823226742044, 50.859829010700111 ], [ -0.385821120523735, 50.859827716230072 ], [ -0.385819125161127, 50.859826666660361 ], [ -0.385817240654184, 50.859825861990949 ], [ -0.385815467002869, 50.859825302221878 ], [ -0.385813416220481, 50.859824812425053 ], [ -0.385811088307018, 50.859824392600487 ], [ -0.38580848326248, 50.859824042748151 ], [ -0.38580560108686, 50.859823762868039 ], [ -0.38580244178015, 50.859823552960108 ], [ -0.385799005342344, 50.859823413024344 ], [ -0.385795291773425, 50.859823343060739 ], [ -0.38579130107338, 50.859823343069252 ], [ -0.385787365803382, 50.859823622964001 ], [ -0.385783485963363, 50.859824182745022 ], [ -0.385779661553253, 50.859825022412302 ], [ -0.385775892572985, 50.859826141965868 ], [ -0.385772179022499, 50.859827541405707 ], [ -0.385768520901729, 50.859829220731818 ], [ -0.385764918210616, 50.859831179944223 ], [ -0.3857613709491, 50.859833419042928 ], [ -0.385758211672559, 50.859835693126371 ], [ -0.385755440381039, 50.859838002194628 ], [ -0.385753057074589, 50.85984034624768 ], [ -0.385751061753263, 50.859842725285603 ], [ -0.385749454417114, 50.859845139308376 ], [ -0.385748235066199, 50.859847588316036 ], [ -0.385747403700575, 50.859850072308575 ], [ -0.385746960320301, 50.859852591286035 ], [ -0.385746904924533, 50.859855110262515 ], [ -0.385747237513333, 50.859857629238093 ], [ -0.385747958086763, 50.859860148212718 ], [ -0.385749066644888, 50.859862667186377 ], [ -0.385750563187768, 50.859865186159091 ], [ -0.385752447715466, 50.859867705130831 ], [ -0.385754720228047, 50.859870224101563 ], [ -0.385757380725573, 50.859872743071264 ], [ -0.385760318352122, 50.859875017140077 ], [ -0.385763533107691, 50.85987704630795 ], [ -0.385767024992266, 50.859878830574871 ], [ -0.385770794005825, 50.859880369940811 ], [ -0.38577484014834, 50.859881664405727 ], [ -0.385779163419769, 50.859882713969604 ], [ -0.385783763820066, 50.859883518632429 ], [ -0.38578864134917, 50.859884078394153 ], [ -0.385793241744352, 50.859884463227552 ], [ -0.385797565005549, 50.859884673132683 ], [ -0.385801611132712, 50.859884708109576 ], [ -0.385805380125792, 50.859884568158243 ], [ -0.385808871984748, 50.859884253278715 ], [ -0.385812086709548, 50.859883763471018 ], [ -0.385815024300163, 50.859883098735189 ] ] ] } },
{ "type": "Feature", "properties": { "fid": 89, "pit_id": 89, "mon_name": "Flint Mine Pit Group 9", "site": "Cissbury Ring", "mon_type": "Flint mine pit group", "nhle_id": null, "mon_uid": "MNA188904", "src_shot": "142528+142632", "full_label": "Flint Mine Pit Group 9, Cissbury Ring", "area_m2": 82.43, "perim_m": 33.27, "diam_m": 10.24 }, "geometry": { "type": "Polygon", "coordinates": [ [ [ -0.385393563010163, 50.859962447281553 ], [ -0.385398440525517, 50.859961887499807 ], [ -0.385402819202484, 50.859961257747528 ], [ -0.385406699041063, 50.859960558024817 ], [ -0.385410080041256, 50.8599597883317 ], [ -0.385412962203072, 50.859958948668229 ], [ -0.385415345526526, 50.859958039034446 ], [ -0.385417230011634, 50.859957059430371 ], [ -0.385418615658419, 50.859956009856027 ], [ -0.385419502466905, 50.85995489031145 ], [ -0.38542050012945, 50.859953875723761 ], [ -0.385421608646049, 50.859952966092962 ], [ -0.385422828016705, 50.859952161419066 ], [ -0.385424158241422, 50.859951461702053 ], [ -0.385425599320203, 50.859950866941915 ], [ -0.385427151253053, 50.859950377138652 ], [ -0.38542881403998, 50.859949992292272 ], [ -0.385430587680994, 50.859949712402745 ], [ -0.385432139615586, 50.85994936254226 ], [ -0.385433469843757, 50.859948942710787 ], [ -0.385434578365503, 50.859948452908363 ], [ -0.385435465180828, 50.859947893134965 ], [ -0.385436130289736, 50.85994726339063 ], [ -0.385436573692234, 50.859946563675329 ], [ -0.385436795388327, 50.859945793989084 ], [ -0.385436795378026, 50.859944954331908 ], [ -0.385436906221796, 50.859944219631643 ], [ -0.385437127919633, 50.859943589888282 ], [ -0.385437460471531, 50.859943065101838 ], [ -0.385437903877492, 50.859942645272298 ], [ -0.385438458137515, 50.859942330399676 ], [ -0.385439123251602, 50.85994212048395 ], [ -0.385439899219753, 50.859942015525156 ], [ -0.385440786041978, 50.859942015523238 ], [ -0.385441672862091, 50.859941840592718 ], [ -0.385442559680084, 50.859941490733597 ], [ -0.385443446495946, 50.859940965945839 ], [ -0.385444333309668, 50.859940266229479 ], [ -0.385445220121238, 50.859939391584511 ], [ -0.385446106930649, 50.859938342010913 ], [ -0.385446993737888, 50.859937117508728 ], [ -0.385447880542946, 50.859935718077914 ], [ -0.385448656492201, 50.859934073747119 ], [ -0.385449321585655, 50.85993218451631 ], [ -0.385449875823307, 50.859930050385522 ], [ -0.385450319205164, 50.859927671354725 ], [ -0.385450651731235, 50.859925047423957 ], [ -0.385450873401534, 50.85992217859318 ], [ -0.385450984216074, 50.859919064862446 ], [ -0.385450984174875, 50.859915706231689 ], [ -0.385450762431027, 50.859912592501523 ], [ -0.385450318984569, 50.859909723671926 ], [ -0.385449653835539, 50.859907099742905 ], [ -0.385448766983964, 50.859904720714439 ], [ -0.385447658429863, 50.85990258658655 ], [ -0.385446328173251, 50.859900697359201 ], [ -0.385444776214136, 50.859899053032414 ], [ -0.385443002552515, 50.859897653606176 ], [ -0.385441450597386, 50.859896324150903 ], [ -0.385440120348723, 50.859895064666631 ], [ -0.385439011806501, 50.859893875153368 ], [ -0.3854381249707, 50.859892755611106 ], [ -0.385437459841298, 50.859891706039853 ], [ -0.385437016418278, 50.859890726439644 ], [ -0.385436794701625, 50.859889816810416 ], [ -0.385436794691325, 50.859888977152217 ], [ -0.385436628402699, 50.859888207465914 ], [ -0.385436295835755, 50.859887507751473 ], [ -0.3854357969905, 50.859886878008908 ], [ -0.385435131866937, 50.85988631823821 ], [ -0.38543430046507, 50.859885828439381 ], [ -0.385433302784901, 50.859885408612421 ], [ -0.385432138826429, 50.859885058757335 ], [ -0.385430808589654, 50.859884778874083 ], [ -0.385429644631625, 50.859884464004722 ], [ -0.385428646952342, 50.85988411414921 ], [ -0.385427815551804, 50.859883729307569 ], [ -0.385427150430007, 50.85988330947982 ], [ -0.385426651586949, 50.859882854665948 ], [ -0.385426319022626, 50.859882364865953 ], [ -0.385426152737033, 50.859881840079851 ], [ -0.385426152730165, 50.859881280307626 ], [ -0.385425986444983, 50.859880790507283 ], [ -0.385425653881491, 50.859880370678844 ], [ -0.385425155039691, 50.859880020822295 ], [ -0.385424489919585, 50.859879740937629 ], [ -0.385423658521175, 50.859879531024845 ], [ -0.385422660844455, 50.859879391083943 ], [ -0.385421496889428, 50.859879321114917 ], [ -0.385420166656086, 50.859879321117766 ], [ -0.385419002701048, 50.859879251148705 ], [ -0.385418005024319, 50.859879111207754 ], [ -0.385417173625901, 50.859878901294898 ], [ -0.385416508505797, 50.859878621410161 ], [ -0.385416009664007, 50.859878271553541 ], [ -0.385415677100526, 50.859877851725024 ], [ -0.385415510815354, 50.859877361924639 ], [ -0.385415510808486, 50.859876802152371 ], [ -0.385414623979273, 50.859876242382192 ], [ -0.385412850327749, 50.859875682614103 ], [ -0.385410189853944, 50.859875122848052 ], [ -0.385406642557893, 50.859874563083977 ], [ -0.385402208439628, 50.859874003321806 ], [ -0.385396887499185, 50.859873443561433 ], [ -0.385390679736597, 50.859872883802737 ], [ -0.385383585151899, 50.85987232404559 ], [ -0.385377100259392, 50.859871904229912 ], [ -0.385371225058998, 50.85987162435584 ], [ -0.385365959550652, 50.859871484423451 ], [ -0.3853613037343, 50.859871484432816 ], [ -0.385357257609899, 50.859871624384034 ], [ -0.385353821177415, 50.859871904277156 ], [ -0.385350994436827, 50.859872324112246 ], [ -0.385348777388126, 50.859872883889317 ], [ -0.385346837471339, 50.859873443665769 ], [ -0.385345174686473, 50.85987400344159 ], [ -0.38534378903354, 50.859874563216813 ], [ -0.385342680512546, 50.85987512299144 ], [ -0.385341849123505, 50.859875682765448 ], [ -0.385341294866425, 50.859876242538888 ], [ -0.385341017741315, 50.859876802311753 ], [ -0.385341017748187, 50.859877362084049 ], [ -0.385340629771725, 50.859878026814464 ], [ -0.38533985381191, 50.85987879650304 ], [ -0.38533868986872, 50.859879671149763 ], [ -0.385337137942122, 50.859880650754583 ], [ -0.385335198032086, 50.859881735317515 ], [ -0.385332870138568, 50.859882924838551 ], [ -0.385330154261526, 50.859884219317628 ], [ -0.385327050400909, 50.85988561875476 ], [ -0.385324168247555, 50.859887158134313 ], [ -0.385321507801462, 50.859888837456289 ], [ -0.385319069062627, 50.859890656720708 ], [ -0.385316852031053, 50.859892615927613 ], [ -0.385314856706749, 50.85989471507699 ], [ -0.385313083089726, 50.859896954168846 ], [ -0.385311531179997, 50.859899333203217 ], [ -0.385310200977584, 50.85990185218008 ], [ -0.385309037053812, 50.859904336170715 ], [ -0.385308039408711, 50.859906785175127 ], [ -0.385307208042307, 50.859909199193304 ], [ -0.385306542954632, 50.859911578225272 ], [ -0.385306044145709, 50.859913922271019 ], [ -0.385305711615566, 50.859916231330558 ], [ -0.385305545364228, 50.859918505403883 ], [ -0.385305545391718, 50.859920744490992 ], [ -0.385305877977376, 50.859922983577306 ], [ -0.385306543121247, 50.859925222662831 ], [ -0.385307540823381, 50.859927461747539 ], [ -0.385308871083823, 50.859929700831451 ], [ -0.385310533902623, 50.859931939914546 ], [ -0.385312529279831, 50.859934178996795 ], [ -0.38531485721549, 50.859936418078178 ], [ -0.385317517709651, 50.859938657158708 ], [ -0.385319845643522, 50.859940721311268 ], [ -0.385321841017034, 50.85994261053586 ], [ -0.385323503830126, 50.859944324832512 ], [ -0.385324834082739, 50.859945864201244 ], [ -0.38532583177483, 50.859947228642064 ], [ -0.385326496906355, 50.859948418154971 ], [ -0.385326829477285, 50.859949432739981 ], [ -0.385326829487593, 50.8599502723971 ], [ -0.385326995775771, 50.859951007096747 ], [ -0.385327328341825, 50.859951636838865 ], [ -0.385327827185761, 50.859952161623518 ], [ -0.385328492307581, 50.859952581450671 ], [ -0.385329323707286, 50.859952896320316 ], [ -0.385330321384871, 50.859953106232467 ], [ -0.385331485340335, 50.859953211187111 ], [ -0.385332815573669, 50.859953211184255 ], [ -0.38533397952869, 50.859953281153139 ], [ -0.385334977205404, 50.859953421093813 ], [ -0.385335808603811, 50.859953631006263 ], [ -0.385336473723915, 50.859953910890475 ], [ -0.385336972565714, 50.85995426074647 ], [ -0.385337305129208, 50.859954680574248 ], [ -0.385337471414393, 50.859955170373816 ], [ -0.385337471421265, 50.85995573014516 ], [ -0.385337693133662, 50.859956289916035 ], [ -0.385338136551597, 50.859956849686441 ], [ -0.385338801675075, 50.859957409456364 ], [ -0.385339688504104, 50.859957969225817 ], [ -0.385340797038693, 50.859958528994774 ], [ -0.385342127278849, 50.859959088763254 ], [ -0.385343679224582, 50.859959648531216 ], [ -0.385345452875898, 50.859960208298688 ], [ -0.385347337378746, 50.859960663108829 ], [ -0.385349332733117, 50.859961012961634 ], [ -0.385351438939001, 50.859961257857087 ], [ -0.385353655996384, 50.859961397795189 ], [ -0.385355983905255, 50.859961432775926 ], [ -0.385358422665596, 50.859961362799311 ], [ -0.385360972277392, 50.859961187865323 ], [ -0.385363632740622, 50.859960907973957 ], [ -0.385366016073158, 50.859960733040246 ], [ -0.385368122275018, 50.859960663064221 ], [ -0.385369951346213, 50.85996069804591 ], [ -0.385371503286758, 50.859960837985284 ], [ -0.385372778096661, 50.859961082882386 ], [ -0.385373775775923, 50.859961432737208 ], [ -0.385374496324547, 50.85996188754978 ], [ -0.385374939742527, 50.859962447320072 ], [ -0.385375937422726, 50.859962867146471 ], [ -0.385377489365149, 50.859963147028949 ], [ -0.385379595569793, 50.859963286967499 ], [ -0.385382256036642, 50.859963286962078 ], [ -0.385385470765678, 50.859963147012643 ], [ -0.385389239756866, 50.859962867119151 ], [ -0.385393563010163, 50.859962447281553 ] ] ] } },
{ "type": "Feature", "properties": { "fid": 90, "pit_id": 90, "mon_name": "Flint Mine Pit Group 10", "site": "Cissbury Ring", "mon_type": "Flint mine pit group", "nhle_id": null, "mon_uid": "MNA147507", "src_shot": "142733", "full_label": "Flint Mine Pit Group 10, Cissbury Ring", "area_m2": 17.89, "perim_m": 15.47, "diam_m": 4.77 }, "geometry": { "type": "Polygon", "coordinates": [ [ [ -0.384740632584109, 50.859339978777058 ], [ -0.384742406220161, 50.859339418995432 ], [ -0.384744069000561, 50.859338614310658 ], [ -0.384745620925285, 50.859337564722743 ], [ -0.384747061994318, 50.859336270231708 ], [ -0.384748392207647, 50.859334730837546 ], [ -0.384749611565259, 50.85933294654027 ], [ -0.384750720067149, 50.859330917339882 ], [ -0.384751717713311, 50.859328643236381 ], [ -0.384752604503747, 50.859326124229767 ], [ -0.384753103311777, 50.859323780154646 ], [ -0.384753214137467, 50.859321611011055 ], [ -0.384752936980871, 50.859319616798977 ], [ -0.384752271842037, 50.859317797518401 ], [ -0.384751218721003, 50.859316153169317 ], [ -0.3847497776178, 50.859314683751748 ], [ -0.384747948532446, 50.859313389265651 ], [ -0.384745731464956, 50.859312269711019 ], [ -0.384743791530118, 50.859311220128276 ], [ -0.384742128727905, 50.859310240517445 ], [ -0.384740743058293, 50.859309330878546 ], [ -0.384739634521257, 50.859308491211578 ], [ -0.38473880311678, 50.859307721516537 ], [ -0.384738248844843, 50.859307021793462 ], [ -0.384737971705432, 50.859306392042313 ], [ -0.384737971698534, 50.859305832263125 ], [ -0.384737472855399, 50.859305342457212 ], [ -0.384736475176041, 50.859304922624553 ], [ -0.384734978660469, 50.859304572765154 ], [ -0.38473298330869, 50.859304292878988 ], [ -0.384730489120701, 50.859304082966013 ], [ -0.384727496096502, 50.859303943026219 ], [ -0.384724004236083, 50.859303873059567 ], [ -0.384720013539432, 50.85930387306599 ], [ -0.384716466254404, 50.859303943044004 ], [ -0.384713362380988, 50.859304082993631 ], [ -0.384710701919171, 50.859304292914906 ], [ -0.384708484868947, 50.859304572807872 ], [ -0.384706711230313, 50.859304922672543 ], [ -0.38470538100327, 50.859305342508954 ], [ -0.384704494187824, 50.859305832317098 ], [ -0.384704050783986, 50.859306392097004 ], [ -0.384703274822133, 50.859306951877471 ], [ -0.384702166302257, 50.859307511658514 ], [ -0.384700725224342, 50.859308071440111 ], [ -0.384698951588381, 50.859308631222248 ], [ -0.384696845394358, 50.859309191004918 ], [ -0.384694406642265, 50.859309750788086 ], [ -0.384691635332088, 50.859310310571765 ], [ -0.384688531463818, 50.859310870355905 ], [ -0.384685815581209, 50.859311535097916 ], [ -0.384683487684261, 50.859312304797797 ], [ -0.384681547772974, 50.859313179455611 ], [ -0.384679995847359, 50.85931415907136 ], [ -0.384678831907427, 50.859315243645042 ], [ -0.384678055953198, 50.859316433176708 ], [ -0.384677667984697, 50.85931772766633 ], [ -0.38467766800195, 50.859319127113928 ], [ -0.384677889725767, 50.859320631519651 ], [ -0.384678333156169, 50.859322240883522 ], [ -0.384678998293182, 50.859323955205532 ], [ -0.384679885136834, 50.859325774485661 ], [ -0.384680993687158, 50.859327698723931 ], [ -0.384682323944187, 50.859329727920311 ], [ -0.384683875907959, 50.859331862074804 ], [ -0.384685649578515, 50.859334101187407 ], [ -0.384687866656409, 50.859336060409973 ], [ -0.384690527141658, 50.859337739742479 ], [ -0.384693631034263, 50.859339139184925 ], [ -0.38469717833421, 50.859340258737269 ], [ -0.384701169041468, 50.85934109839944 ], [ -0.384705603155992, 50.859341658171417 ], [ -0.384710480677718, 50.859341938053134 ], [ -0.384715801606571, 50.859341938044551 ], [ -0.384720679123868, 50.859341868064178 ], [ -0.384725113229589, 50.859341728112071 ], [ -0.384729103923718, 50.859341518188273 ], [ -0.384732651206242, 50.859341238292835 ], [ -0.38473575507715, 50.859340888425805 ], [ -0.38473841553644, 50.859340468587199 ], [ -0.384740632584109, 50.859339978777058 ] ] ] } },
{ "type": "Feature", "properties": { "fid": 91, "pit_id": 91, "mon_name": "Flint Mine Pit Group 10", "site": "Cissbury Ring", "mon_type": "Flint mine pit group", "nhle_id": null, "mon_uid": "MNA147507", "src_shot": "142733", "full_label": "Flint Mine Pit Group 10, Cissbury Ring", "area_m2": 50.34, "perim_m": 25.69, "diam_m": 8.01 }, "geometry": { "type": "Polygon", "coordinates": [ [ [ -0.384768338442049, 50.858733174737495 ], [ -0.384774989596961, 50.858732614941232 ], [ -0.384780809356615, 50.858732055145992 ], [ -0.384785797721036, 50.858731495351897 ], [ -0.384789954690254, 50.858730935559031 ], [ -0.384793280264296, 50.858730375767514 ], [ -0.384795774443189, 50.858729815977398 ], [ -0.384797437226965, 50.858729256188745 ], [ -0.384798268615651, 50.85872869640157 ], [ -0.384798268609275, 50.858728136615916 ], [ -0.384798379456388, 50.858727646803295 ], [ -0.384798601156988, 50.858727226963715 ], [ -0.384798933711069, 50.858726877097148 ], [ -0.384799377118633, 50.858726597203621 ], [ -0.384799931379679, 50.858726387283134 ], [ -0.384800596494211, 50.85872624733566 ], [ -0.384801372462226, 50.858726177361213 ], [ -0.384802259283732, 50.858726177359799 ], [ -0.384803201530026, 50.85872603741187 ], [ -0.384804199201099, 50.858725757517412 ], [ -0.384805252296942, 50.858725337676432 ], [ -0.384806360817543, 50.858724777888938 ], [ -0.384807524762892, 50.858724078154928 ], [ -0.384808744132975, 50.858723238474397 ], [ -0.384810018927777, 50.858722258847315 ], [ -0.384811349147283, 50.858721139273719 ], [ -0.384812623940431, 50.858720019700193 ], [ -0.384813843307226, 50.858718900126711 ], [ -0.38481500724767, 50.858717780553299 ], [ -0.384816115761769, 50.85871666097993 ], [ -0.384817168849526, 50.858715541406625 ], [ -0.384818166510944, 50.85871442183339 ], [ -0.384819108746028, 50.858713302260227 ], [ -0.384819995554782, 50.858712182687114 ], [ -0.384820771508837, 50.858710888181029 ], [ -0.384821436608195, 50.85870941874191 ], [ -0.384821990852858, 50.858707774369819 ], [ -0.384822434242831, 50.858705955064721 ], [ -0.384822766778121, 50.858703960826645 ], [ -0.384822988458738, 50.858701791655569 ], [ -0.384823099284694, 50.858699447551494 ], [ -0.384823099256005, 50.858696928514426 ], [ -0.384822489535903, 50.858694304518359 ], [ -0.384821270124497, 50.858691575563242 ], [ -0.384819441021901, 50.858688741649104 ], [ -0.384817002228241, 50.858685802775888 ], [ -0.384813953743644, 50.858682758943566 ], [ -0.384810295568253, 50.858679610152095 ], [ -0.384806027702217, 50.858676356401411 ], [ -0.384801150145692, 50.858672997691457 ], [ -0.38479643887347, 50.858670058820898 ], [ -0.384791893885394, 50.858667539789757 ], [ -0.384787515181314, 50.858665440598024 ], [ -0.384783302761093, 50.858663761245758 ], [ -0.384779256624596, 50.858662501732965 ], [ -0.384775376771705, 50.858661662059632 ], [ -0.384771663202303, 50.858661242225814 ], [ -0.384768115916287, 50.858661242231513 ], [ -0.384764956615497, 50.858661312209797 ], [ -0.384762185299922, 50.85866145216071 ], [ -0.384759801969548, 50.858661662084273 ], [ -0.384757806624372, 50.858661941980536 ], [ -0.38475619926439, 50.858662291849498 ], [ -0.384754979889604, 50.858662711691181 ], [ -0.384754148500019, 50.858663201505571 ], [ -0.384753705095641, 50.858663761292718 ], [ -0.384753039985091, 50.858664251106923 ], [ -0.384752153168363, 50.858664670948215 ], [ -0.384751044645456, 50.858665020816566 ], [ -0.38474971441637, 50.858665300711969 ], [ -0.384748162481108, 50.858665510634417 ], [ -0.384746388839671, 50.858665650583944 ], [ -0.38474439349207, 50.858665720560474 ], [ -0.384742176438311, 50.858665720564034 ], [ -0.384740181091144, 50.858665825527147 ], [ -0.384738407450558, 50.858666035449829 ], [ -0.384736855516543, 50.858666350332086 ], [ -0.384735525289094, 50.858666770173926 ], [ -0.384734416768207, 50.858667294975369 ], [ -0.384733529953883, 50.858667924736409 ], [ -0.384732864846123, 50.858668659457052 ], [ -0.384732421444932, 50.858669499137307 ], [ -0.384731867189853, 50.858670233857801 ], [ -0.384731202080884, 50.858670863618535 ], [ -0.384730426118025, 50.858671388419509 ], [ -0.384729539301277, 50.858671808260738 ], [ -0.384728541630643, 50.858672123142185 ], [ -0.38472743310613, 50.858672333063858 ], [ -0.384726213727741, 50.858672438025771 ], [ -0.384724883495485, 50.858672438027902 ], [ -0.384723497841413, 50.858672822883129 ], [ -0.384722056765491, 50.858673592591451 ], [ -0.384720560267677, 50.858674747152854 ], [ -0.384719008347932, 50.858676286567345 ], [ -0.384717401006211, 50.858678210834917 ], [ -0.384715738242464, 50.858680519955563 ], [ -0.384714020056644, 50.858683213929289 ], [ -0.384712246448695, 50.858686292756097 ], [ -0.384710805397787, 50.858689301608926 ], [ -0.384709696903988, 50.85869224048777 ], [ -0.384708920967369, 50.858695109392663 ], [ -0.384708477587994, 50.858697908323606 ], [ -0.384708366765923, 50.858700637280592 ], [ -0.384708588501218, 50.858703296263641 ], [ -0.384709142793933, 50.858705885272734 ], [ -0.384710029644123, 50.858708404307883 ], [ -0.384710916490786, 50.858710608463461 ], [ -0.384711803333908, 50.858712497739475 ], [ -0.384712690173471, 50.858714072135903 ], [ -0.384713577009456, 50.85871533165276 ], [ -0.384714463841848, 50.858716276290075 ], [ -0.384715350670628, 50.858716906047782 ], [ -0.38471623749578, 50.858717220925932 ], [ -0.384717124317284, 50.858717220924518 ], [ -0.384718066567077, 50.858717395856033 ], [ -0.38471906424517, 50.858717745720533 ], [ -0.384720117351574, 50.858718270517961 ], [ -0.384721225886305, 50.85871897024834 ], [ -0.384722389849376, 50.858719844911676 ], [ -0.384723609240805, 50.858720894507947 ], [ -0.384724884060606, 50.858722119037168 ], [ -0.384726214308798, 50.858723518499325 ], [ -0.384727599982548, 50.858724847988171 ], [ -0.38472904108185, 50.858726107503699 ], [ -0.384730537606705, 50.858727297045917 ], [ -0.384732089557111, 50.858728416614788 ], [ -0.384733696933063, 50.858729466210356 ], [ -0.384735359734558, 50.858730445832592 ], [ -0.384737077961595, 50.858731355481495 ], [ -0.384738851614166, 50.858732195157067 ], [ -0.384741234954624, 50.858732859898872 ], [ -0.384744227982968, 50.858733349706846 ], [ -0.384747830699186, 50.85873366458096 ], [ -0.384752043103249, 50.858733804521151 ], [ -0.384756865195119, 50.858733769527348 ], [ -0.384762296974742, 50.858733559599493 ], [ -0.384768338442049, 50.858733174737495 ] ] ] } },
{ "type": "Feature", "properties": { "fid": 92, "pit_id": 92, "mon_name": "Flint Mine Pit Group 10", "site": "Cissbury Ring", "mon_type": "Flint mine pit group", "nhle_id": null, "mon_uid": "MNA147507", "src_shot": "142733", "full_label": "Flint Mine Pit Group 10, Cissbury Ring", "area_m2": 28.3, "perim_m": 19.15, "diam_m": 6.0 }, "geometry": { "type": "Polygon", "coordinates": [ [ [ -0.38490091883183, 50.858780476366057 ], [ -0.384904909519284, 50.858779356788077 ], [ -0.384908567646007, 50.858778027291152 ], [ -0.384911893211973, 50.858776487875332 ], [ -0.384914886217175, 50.858774738540625 ], [ -0.384917546661604, 50.858772779287087 ], [ -0.384919874545266, 50.858770610114711 ], [ -0.384921869868176, 50.858768231023518 ], [ -0.384923532630357, 50.858765642013537 ], [ -0.38492486283184, 50.85876284308479 ], [ -0.384925805050367, 50.858760219089611 ], [ -0.384926359286018, 50.858757770028035 ], [ -0.384926525538859, 50.858755495900041 ], [ -0.384926303808952, 50.858753396705652 ], [ -0.384925694096344, 50.858751472444872 ], [ -0.38492469640108, 50.858749723117668 ], [ -0.384923310723193, 50.858748148724054 ], [ -0.384921537062705, 50.858746749264007 ], [ -0.384919985108661, 50.85874541977666 ], [ -0.384918654861032, 50.85874416026202 ], [ -0.384917546319794, 50.858742970720094 ], [ -0.384916659484925, 50.858741851150874 ], [ -0.384915994356405, 50.858740801554397 ], [ -0.384915550934215, 50.858739821930634 ], [ -0.384915329218341, 50.858738912279605 ], [ -0.384915329208767, 50.858738072601305 ], [ -0.384915162921208, 50.858737337883134 ], [ -0.38491483035567, 50.858736708125093 ], [ -0.384914331512158, 50.85873618332716 ], [ -0.384913666390673, 50.858735763489364 ], [ -0.384912834991218, 50.858735448611668 ], [ -0.384911837313788, 50.858735238694088 ], [ -0.38491067335838, 50.85873513373663 ], [ -0.384909343124988, 50.858735133739266 ], [ -0.384908123743571, 50.858735063768478 ], [ -0.384907015214133, 50.858734923824265 ], [ -0.38490601753668, 50.858734713906628 ], [ -0.384905130711212, 50.85873443401556 ], [ -0.384904354737734, 50.858734084151074 ], [ -0.384903689616244, 50.858733664313185 ], [ -0.384903135346745, 50.858733174501872 ], [ -0.384902691929233, 50.858732614717162 ], [ -0.384901860527774, 50.85873212490646 ], [ -0.384900641142376, 50.858731705069779 ], [ -0.384899033773043, 50.858731355207119 ], [ -0.384897038419777, 50.858731075318431 ], [ -0.384894655082579, 50.858730865403729 ], [ -0.384891883761442, 50.858730725462955 ], [ -0.384888724456358, 50.85873065549611 ], [ -0.384885177167316, 50.858730655503145 ], [ -0.384881629879979, 50.85873079545658 ], [ -0.384878082594318, 50.858731075356403 ], [ -0.384874535310298, 50.858731495202626 ], [ -0.384870988027888, 50.858732054995244 ], [ -0.384867440747054, 50.858732754734248 ], [ -0.384863893467767, 50.858733594419647 ], [ -0.384860346189992, 50.858734574051432 ], [ -0.384856798915986, 50.858735693628603 ], [ -0.384853695053361, 50.858736813204594 ], [ -0.384851034601409, 50.858737932779803 ], [ -0.384848817560163, 50.858739052354252 ], [ -0.384847043929653, 50.858740171927963 ], [ -0.384845713709911, 50.858741291500962 ], [ -0.384844826900968, 50.858742411073266 ], [ -0.384844383502856, 50.85874353064488 ], [ -0.384844383515607, 50.858744650215812 ], [ -0.38484427267489, 50.858745699813717 ], [ -0.384844050980699, 50.858746679438617 ], [ -0.384843718433026, 50.858747589090513 ], [ -0.384843275031868, 50.858748428769381 ], [ -0.38484272077722, 50.858749198475245 ], [ -0.38484205566908, 50.858749898208089 ], [ -0.384841279707445, 50.858750527967914 ], [ -0.384840392892316, 50.858751087754712 ], [ -0.3848397277853, 50.858751892447181 ], [ -0.384839284386402, 50.8587529420453 ], [ -0.384839062695626, 50.858754236549096 ], [ -0.384839062712989, 50.858755775958571 ], [ -0.384839284438508, 50.858757560273716 ], [ -0.384839727872217, 50.858759589494518 ], [ -0.384840393014147, 50.858761863620998 ], [ -0.384841279864342, 50.858764382653135 ], [ -0.38484238841788, 50.85876672675203 ], [ -0.384843718674783, 50.858768895917656 ], [ -0.384845270635068, 50.858770890149998 ], [ -0.384847044298746, 50.858772709449077 ], [ -0.384849039665823, 50.85877435381488 ], [ -0.384851256736302, 50.858775823247377 ], [ -0.384853695510182, 50.858777117746556 ], [ -0.384856355987449, 50.858778237312421 ], [ -0.384859016463583, 50.858779251918584 ], [ -0.384861676940458, 50.858780161564198 ], [ -0.384864337416567, 50.858780966249952 ], [ -0.384866997891493, 50.858781665975982 ], [ -0.384869658365213, 50.858782260742316 ], [ -0.384872318837711, 50.858782750548947 ], [ -0.38487497930897, 50.858783135395868 ], [ -0.384877639778972, 50.858783415283099 ], [ -0.384880466526289, 50.858783520237218 ], [ -0.384883459550891, 50.858783450258215 ], [ -0.384886618852742, 50.858783205346093 ], [ -0.384889944431806, 50.85878278550085 ], [ -0.38489343628804, 50.85878219072243 ], [ -0.384897094421397, 50.858781421010839 ], [ -0.38490091883183, 50.858780476366057 ] ] ] } },
{ "type": "Feature", "properties": { "fid": 93, "pit_id": 93, "mon_name": "Flint Mine Pit Group 10", "site": "Cissbury Ring", "mon_type": "Flint mine pit group", "nhle_id": null, "mon_uid": "MNA147507", "src_shot": "142733", "full_label": "Flint Mine Pit Group 10, Cissbury Ring", "area_m2": 29.54, "perim_m": 19.86, "diam_m": 6.13 }, "geometry": { "type": "Polygon", "coordinates": [ [ [ -0.384625567418452, 50.859333541505997 ], [ -0.384626897636858, 50.859332421946142 ], [ -0.384628338708807, 50.85933137235844 ], [ -0.3846298906343, 50.859330392742919 ], [ -0.384631553413335, 50.8593294830996 ], [ -0.384633327045914, 50.859328643428434 ], [ -0.38463521153204, 50.859327873729441 ], [ -0.384637206871716, 50.859327174002622 ], [ -0.384639313064944, 50.859326544247949 ], [ -0.384641530111733, 50.859325984465428 ], [ -0.38464347002336, 50.85932514479375 ], [ -0.384645132799808, 50.85932402523293 ], [ -0.384646518441065, 50.859322625782966 ], [ -0.384647626947129, 50.859320946443873 ], [ -0.384648458318011, 50.859318987215659 ], [ -0.384649012553729, 50.859316748098337 ], [ -0.384649289654311, 50.859314229091908 ], [ -0.384649289619797, 50.859311430196378 ], [ -0.384649178735147, 50.859308841218144 ], [ -0.384648957000376, 50.859306462157207 ], [ -0.384648624415501, 50.859304293013565 ], [ -0.384648180980533, 50.85930233378722 ], [ -0.38464762669548, 50.85930058447817 ], [ -0.384646961560349, 50.859299045086438 ], [ -0.384646185575142, 50.859297715611973 ], [ -0.384645298739857, 50.859296596054804 ], [ -0.384644301053189, 50.859295581456458 ], [ -0.384643192515141, 50.85929467181689 ], [ -0.384641973125709, 50.859293867136152 ], [ -0.384640642884891, 50.859293167414179 ], [ -0.384639201792686, 50.859292572651007 ], [ -0.384637649849087, 50.859292082846629 ], [ -0.384635987054085, 50.859291698001023 ], [ -0.384634213407676, 50.859291418114204 ], [ -0.384632661466216, 50.859291103240786 ], [ -0.384631331229703, 50.85929075338079 ], [ -0.384630222698137, 50.859290368534189 ], [ -0.384629335871513, 50.859289948701054 ], [ -0.384628670749828, 50.859289493881327 ], [ -0.384628227333076, 50.859289004075045 ], [ -0.384628005621252, 50.859288479282199 ], [ -0.384628005614347, 50.859287919502798 ], [ -0.384627506770751, 50.859287394710478 ], [ -0.384626509090481, 50.859286904905225 ], [ -0.384625012573548, 50.859286450087041 ], [ -0.384623017219965, 50.859286030255895 ], [ -0.38462052302974, 50.859285645411759 ], [ -0.384617530002884, 50.859285295554621 ], [ -0.384614038139399, 50.859284980684436 ], [ -0.38461004743929, 50.859284700801126 ], [ -0.384606555577614, 50.859284525875559 ], [ -0.384603562554343, 50.859284455907769 ], [ -0.384601068369452, 50.859284490897792 ], [ -0.384599073022927, 50.85928463084565 ], [ -0.384597576514755, 50.859284875751392 ], [ -0.384596578844937, 50.859285225615004 ], [ -0.384596080013475, 50.859285680436528 ], [ -0.38459608002038, 50.859286240215965 ], [ -0.384595747468824, 50.859286765009756 ], [ -0.384595082358797, 50.859287254817886 ], [ -0.38459408469029, 50.859287709640356 ], [ -0.384592754463296, 50.85928812947715 ], [ -0.38459109167781, 50.85928851432827 ], [ -0.384589096333825, 50.859288864193687 ], [ -0.384586768431342, 50.859289179073393 ], [ -0.384584107970357, 50.859289458967382 ], [ -0.384581669216056, 50.859289843819589 ], [ -0.384579452168428, 50.859290333630021 ], [ -0.384577456827462, 50.859290928398728 ], [ -0.384575683193156, 50.859291628125654 ], [ -0.384574131265505, 50.859292432810889 ], [ -0.384572801044512, 50.859293342454372 ], [ -0.38457169253018, 50.859294357056164 ], [ -0.384570805722513, 50.859295476616239 ], [ -0.384569863487195, 50.859296491217769 ], [ -0.384568865824226, 50.85929740086079 ], [ -0.384567812733612, 50.859298205545258 ], [ -0.384566704215357, 50.859298905271196 ], [ -0.384565540269465, 50.859299500038595 ], [ -0.384564320895941, 50.859299989847436 ], [ -0.384563046094794, 50.859300374697767 ], [ -0.384561715866031, 50.859300654589525 ], [ -0.384560496493441, 50.859301214370667 ], [ -0.384559387977009, 50.859302054041173 ], [ -0.38455839031672, 50.859303173601042 ], [ -0.384557503512563, 50.859304573050295 ], [ -0.38455672756453, 50.859306252388926 ], [ -0.384556062472622, 50.85930821161692 ], [ -0.384555508236836, 50.859310450734306 ], [ -0.38455506485718, 50.859312969741076 ], [ -0.384555286592444, 50.859315418774379 ], [ -0.384556173442734, 50.859317797834201 ], [ -0.384557725408145, 50.859320106920549 ], [ -0.384559942488771, 50.85932234603338 ], [ -0.384562824684699, 50.859324515172673 ], [ -0.384566371996007, 50.859326614338372 ], [ -0.384570584422773, 50.859328643530397 ], [ -0.384575461965062, 50.859330602748713 ], [ -0.384580173225591, 50.859332317063959 ], [ -0.384584718204264, 50.859333786476149 ], [ -0.384589096900996, 50.859335010985312 ], [ -0.384593309315704, 50.859335990591468 ], [ -0.384597355448312, 50.859336725294632 ], [ -0.384601235298749, 50.859337215094818 ], [ -0.384604948866949, 50.859337459992041 ], [ -0.384608496152852, 50.859337459986321 ], [ -0.384611766305378, 50.859337320036261 ], [ -0.3846147593245, 50.859337040141888 ], [ -0.384617475210197, 50.859336620303232 ], [ -0.38461991396245, 50.859336060520292 ], [ -0.384622075581248, 50.859335360793104 ], [ -0.384623960066584, 50.85933452112166 ], [ -0.384625567418452, 50.859333541505997 ] ] ] } },
{ "type": "Feature", "properties": { "fid": 94, "pit_id": 94, "mon_name": "Flint Mine Pit Group 10", "site": "Cissbury Ring", "mon_type": "Flint mine pit group", "nhle_id": null, "mon_uid": "MNA147507", "src_shot": "142733", "full_label": "Flint Mine Pit Group 10, Cissbury Ring", "area_m2": 54.8, "perim_m": 26.94, "diam_m": 8.35 }, "geometry": { "type": "Polygon", "coordinates": [ [ [ -0.384595852704122, 50.858824979758346 ], [ -0.384599843394527, 50.858824419967476 ], [ -0.384603446098935, 50.85882372023098 ], [ -0.384606660817332, 50.858822880548843 ], [ -0.384609487549708, 50.85882190092115 ], [ -0.384611926296061, 50.858820781347916 ], [ -0.384613977056397, 50.858819521829155 ], [ -0.384615639830728, 50.858818122364895 ], [ -0.384616914619073, 50.858816582955143 ], [ -0.384617801421459, 50.858814903599935 ], [ -0.38461879907773, 50.858813329204146 ], [ -0.384619907587887, 50.858811859767769 ], [ -0.384621126951924, 50.858810495290811 ], [ -0.384622457169841, 50.858809235773258 ], [ -0.384623898241636, 50.858808081215152 ], [ -0.384625450167314, 50.858807031616429 ], [ -0.384627112946875, 50.858806086977111 ], [ -0.384628886580328, 50.858805247297184 ], [ -0.384630438506388, 50.858804232684804 ], [ -0.384631768725054, 50.85880304313995 ], [ -0.384632877236328, 50.858801678662658 ], [ -0.384633764040215, 50.858800139252914 ], [ -0.384634429136727, 50.858798424910738 ], [ -0.38463487252588, 50.858796535636131 ], [ -0.384635094207696, 50.858794471429093 ], [ -0.384635094182202, 50.858792232289623 ], [ -0.384634706172102, 50.858789993150694 ], [ -0.384633930177454, 50.858787754012326 ], [ -0.384632766198312, 50.858785514874491 ], [ -0.384631214234736, 50.858783275737188 ], [ -0.384629274286776, 50.858781036600419 ], [ -0.384626946354493, 50.858778797464119 ], [ -0.384624230437941, 50.858776558328302 ], [ -0.38462112653718, 50.858774319192939 ], [ -0.384618410623043, 50.858772254989702 ], [ -0.384616082695451, 50.858770365718598 ], [ -0.384614142754329, 50.85876865137967 ], [ -0.384612590799612, 50.858767111972952 ], [ -0.384611426831247, 50.858765747498424 ], [ -0.384610650849186, 50.858764557956121 ], [ -0.38461026285339, 50.858763543346058 ], [ -0.38461026284383, 50.858762703668198 ], [ -0.384610041128852, 50.858761863990701 ], [ -0.384609597708467, 50.858761024313552 ], [ -0.384608932582687, 50.858760184636772 ], [ -0.384608045751525, 50.858759344960319 ], [ -0.384606937214993, 50.858758505284207 ], [ -0.384605606973102, 50.858757665608444 ], [ -0.384604055025867, 50.858756825932993 ], [ -0.384602281373297, 50.858755986257869 ], [ -0.384600230589378, 50.858755181569819 ], [ -0.38459790267412, 50.858754411868844 ], [ -0.384595297627533, 50.858753677154922 ], [ -0.384592415449623, 50.858752977428011 ], [ -0.384589256140397, 50.858752312688146 ], [ -0.384585819699861, 50.858751682935257 ], [ -0.384582106128019, 50.858751088169328 ], [ -0.384578115424873, 50.858750528390338 ], [ -0.384574512708243, 50.858750143543567 ], [ -0.38457129797808, 50.858749933629028 ], [ -0.384568471234341, 50.858749898646778 ], [ -0.38456603247699, 50.858750038596817 ], [ -0.384563981706006, 50.858750353479195 ], [ -0.384562318921374, 50.858750843293919 ], [ -0.384561044123084, 50.858751508040996 ], [ -0.384560157311137, 50.858752347720461 ], [ -0.384558993367104, 50.858753152413826 ], [ -0.384557552290973, 50.858753922121068 ], [ -0.384555834082731, 50.858754656842187 ], [ -0.384553838742372, 50.85875535657717 ], [ -0.384551566269887, 50.858756021325995 ], [ -0.384549016665269, 50.858756651088662 ], [ -0.384546189928516, 50.858757245865135 ], [ -0.38454308605962, 50.858757805655387 ], [ -0.384540370175086, 50.858758365444963 ], [ -0.384538042274927, 50.858758925233865 ], [ -0.384536102359155, 50.858759485022119 ], [ -0.384534550427786, 50.858760044809749 ], [ -0.384533386480831, 50.858760604596768 ], [ -0.384532610518304, 50.858761164383182 ], [ -0.384532222540221, 50.858761724169021 ], [ -0.384532222546594, 50.858762283954263 ], [ -0.38453205627355, 50.858762808753198 ], [ -0.384531723721082, 50.858763298565833 ], [ -0.384531224889186, 50.858763753392161 ], [ -0.38453055977786, 50.858764173232167 ], [ -0.3845297283871, 50.858764558085866 ], [ -0.384528730716903, 50.858764907953251 ], [ -0.38452756676727, 50.8587652228343 ], [ -0.384526236538199, 50.858765502729028 ], [ -0.384524906311581, 50.858765992543169 ], [ -0.384523576087398, 50.858766692276717 ], [ -0.384522245865634, 50.85876760192965 ], [ -0.384520915646266, 50.85876872150201 ], [ -0.384519585429281, 50.858770050993748 ], [ -0.384518255214657, 50.858771590404913 ], [ -0.384516925002377, 50.858773339735471 ], [ -0.384515594792424, 50.858775298985428 ], [ -0.384514486288944, 50.858777363194577 ], [ -0.384513599491962, 50.858779532362931 ], [ -0.3845129344015, 50.858781806490498 ], [ -0.384512491017588, 50.858784185577264 ], [ -0.384512269340254, 50.85878666962325 ], [ -0.384512269369532, 50.858789258628455 ], [ -0.384512491105459, 50.85879195259286 ], [ -0.384512934548075, 50.858794751516484 ], [ -0.384513488840969, 50.858797340520567 ], [ -0.384514153984153, 50.858799719605109 ], [ -0.384514929977637, 50.858801888770095 ], [ -0.384515816821425, 50.85880384801554 ], [ -0.384516814515521, 50.858805597341437 ], [ -0.384517923059923, 50.858807136747785 ], [ -0.38451914245463, 50.858808466234585 ], [ -0.384520472699634, 50.858809585801815 ], [ -0.384521858369812, 50.858810600409328 ], [ -0.384523299465158, 50.85881151005713 ], [ -0.384524795985666, 50.858812314745215 ], [ -0.384526347931331, 50.85881301447359 ], [ -0.384527955302141, 50.858813609242233 ], [ -0.384529618098091, 50.858814099051166 ], [ -0.384531336319169, 50.858814483900346 ], [ -0.384533109965367, 50.85881476378983 ], [ -0.384534661906598, 50.858815078666154 ], [ -0.384535992142859, 50.858815428529375 ], [ -0.384537100674152, 50.858815813379472 ], [ -0.38453798750047, 50.858816233216452 ], [ -0.384538652621811, 50.858816688040328 ], [ -0.38453909603817, 50.858817177851094 ], [ -0.384539317749538, 50.858817702648764 ], [ -0.384539317755911, 50.858818262433338 ], [ -0.384539982878694, 50.858818857203481 ], [ -0.384541313117914, 50.858819486959206 ], [ -0.384543308473602, 50.858820151700463 ], [ -0.384545968945791, 50.85882085142724 ], [ -0.384549294534518, 50.858821586139456 ], [ -0.384553285239824, 50.858822355837113 ], [ -0.384557941061751, 50.85882316052011 ], [ -0.384563262000346, 50.858824000188356 ], [ -0.38456841665812, 50.858824664924136 ], [ -0.384573405035009, 50.858825154727477 ], [ -0.384578227130948, 50.858825469598415 ], [ -0.384582882945882, 50.85882560953695 ], [ -0.384587372479755, 50.858825574543104 ], [ -0.384591695732517, 50.858825364616898 ], [ -0.384595852704122, 50.858824979758346 ] ] ] } },
{ "type": "Feature", "properties": { "fid": 95, "pit_id": 95, "mon_name": "Flint Mine Pit Group 10", "site": "Cissbury Ring", "mon_type": "Flint mine pit group", "nhle_id": null, "mon_uid": "MNA147507", "src_shot": "142733", "full_label": "Flint Mine Pit Group 10, Cissbury Ring", "area_m2": 32.14, "perim_m": 20.23, "diam_m": 6.4 }, "geometry": { "type": "Polygon", "coordinates": [ [ [ -0.384734644142599, 50.859145455255536 ], [ -0.384737748004015, 50.859144335688306 ], [ -0.38474068558429, 50.859143041189625 ], [ -0.384743456883404, 50.859141571759473 ], [ -0.384746061901342, 50.859139927397862 ], [ -0.384748500638088, 50.859138108104837 ], [ -0.384750773093637, 50.859136113880389 ], [ -0.384752879267985, 50.859133944724505 ], [ -0.384754819161127, 50.859131600637234 ], [ -0.384756592773067, 50.859129081618548 ], [ -0.384757978399952, 50.859126527613995 ], [ -0.384758976041841, 50.85912393862354 ], [ -0.384759585698795, 50.859121314647247 ], [ -0.384759807370878, 50.859118655685073 ], [ -0.384759641058157, 50.859115961737047 ], [ -0.384759086760696, 50.859113232803161 ], [ -0.384758144478566, 50.859110468883408 ], [ -0.384756814211836, 50.859107669977789 ], [ -0.384755262242755, 50.859105115976959 ], [ -0.384753488571334, 50.859102806880919 ], [ -0.384751493197581, 50.859100742689627 ], [ -0.384749276121491, 50.85909892340311 ], [ -0.384746837343061, 50.859097349021347 ], [ -0.384744176862272, 50.859096019544317 ], [ -0.384741294679106, 50.859094934972013 ], [ -0.384738190793529, 50.859094095304386 ], [ -0.38473508690932, 50.859093360595857 ], [ -0.384731983026456, 50.859092730846392 ], [ -0.384728879144916, 50.859092206056005 ], [ -0.38472577526468, 50.859091786224695 ], [ -0.384722671385727, 50.859091471352443 ], [ -0.384719567508038, 50.859091261439275 ], [ -0.384716463631588, 50.859091156485192 ], [ -0.38471335975636, 50.859091156490166 ], [ -0.384710255882954, 50.85909129644056 ], [ -0.384707152011344, 50.859091576336397 ], [ -0.384704048141502, 50.859091996177661 ], [ -0.384700944273398, 50.859092555964359 ], [ -0.384697840407007, 50.859093255696486 ], [ -0.384694736542298, 50.859094095374033 ], [ -0.384691632679247, 50.859095074997008 ], [ -0.384688528817822, 50.85909619456541 ], [ -0.384685646663945, 50.8590974890651 ], [ -0.3846829862176, 50.859098958496091 ], [ -0.384680547478778, 50.859100602858391 ], [ -0.384678330447474, 50.859102422152034 ], [ -0.384676335123689, 50.859104416377001 ], [ -0.384674561507427, 50.859106585533326 ], [ -0.384673009598698, 50.859108929621023 ], [ -0.384671679397519, 50.859111448640085 ], [ -0.384670681754211, 50.859113967658466 ], [ -0.384670016668829, 50.859116486676172 ], [ -0.384669684141425, 50.859119005693209 ], [ -0.384669684172056, 50.859121524709579 ], [ -0.384670016760771, 50.859124043725302 ], [ -0.384670681907626, 50.85912656274035 ], [ -0.384671679612674, 50.859129081754737 ], [ -0.38467300987597, 50.859131600768421 ], [ -0.384674340135473, 50.859133804905142 ], [ -0.38467567039116, 50.859135694164884 ], [ -0.384677000643003, 50.859137268547641 ], [ -0.384678330890979, 50.859138528053421 ], [ -0.384679661135059, 50.859139472682223 ], [ -0.384680991375217, 50.859140102434047 ], [ -0.384682321611427, 50.8591404173089 ], [ -0.38468365184366, 50.859140417306755 ], [ -0.384685092930245, 50.859140557249738 ], [ -0.384686644871191, 50.859140837137829 ], [ -0.384688307666517, 50.85914125697105 ], [ -0.384690081316239, 50.859141816749357 ], [ -0.384691965820378, 50.859142516472772 ], [ -0.384693961178954, 50.859143356141274 ], [ -0.384696067391993, 50.859144335754891 ], [ -0.384698284459519, 50.859145455313566 ], [ -0.384700501525389, 50.859146434926984 ], [ -0.384702718589582, 50.859147274595109 ], [ -0.384704935652081, 50.859147974317949 ], [ -0.384707152712862, 50.85914853409551 ], [ -0.38470936977191, 50.859148953927793 ], [ -0.384711586829203, 50.859149233814797 ], [ -0.384713803884721, 50.859149373756516 ], [ -0.384716020938445, 50.859149373752956 ], [ -0.38471834884322, 50.859149233803961 ], [ -0.384720787599024, 50.859148953909539 ], [ -0.384723337205836, 50.859148534069654 ], [ -0.384725997663628, 50.859147974284326 ], [ -0.384728768972373, 50.859147274553543 ], [ -0.38473165113204, 50.859146434877275 ], [ -0.384734644142599, 50.859145455255536 ] ] ] } },
{ "type": "Feature", "properties": { "fid": 96, "pit_id": 96, "mon_name": "Flint Mine Pit Group 10", "site": "Cissbury Ring", "mon_type": "Flint mine pit group", "nhle_id": null, "mon_uid": "MNA147507", "src_shot": "142733", "full_label": "Flint Mine Pit Group 10, Cissbury Ring", "area_m2": 25.39, "perim_m": 18.08, "diam_m": 5.69 }, "geometry": { "type": "Polygon", "coordinates": [ [ [ -0.384846607171523, 50.859292957165422 ], [ -0.384849267629067, 50.859292397381793 ], [ -0.384851872657787, 50.859291627680918 ], [ -0.384854422257653, 50.859290648062803 ], [ -0.384856916428631, 50.859289458527456 ], [ -0.384859355170693, 50.859288059074871 ], [ -0.384861738485794, 50.859286449704101 ], [ -0.384864066372013, 50.85928463041607 ], [ -0.384866338829185, 50.859282601210829 ], [ -0.384868555857287, 50.859280362088398 ], [ -0.384870107766132, 50.859277948035988 ], [ -0.384870994555805, 50.859275359053626 ], [ -0.384871216226404, 50.859272595141348 ], [ -0.384870772778046, 50.859269656299126 ], [ -0.384869664210855, 50.859266542526967 ], [ -0.384867890524981, 50.859263253824864 ], [ -0.384865451720581, 50.859259790192766 ], [ -0.384862347797829, 50.859256151630646 ], [ -0.384858634192775, 50.859253072849441 ], [ -0.384854310907703, 50.859250553848007 ], [ -0.384849377940029, 50.859248594627509 ], [ -0.384843835289661, 50.85924719518782 ], [ -0.384837682956455, 50.859246355528889 ], [ -0.384830920940229, 50.85924607565061 ], [ -0.384823549240752, 50.85924635555287 ], [ -0.384815567857753, 50.859247195235561 ], [ -0.384808584153662, 50.85924841976469 ], [ -0.384802598128379, 50.859250029140419 ], [ -0.384797609781859, 50.859252023362892 ], [ -0.384793619114099, 50.859254402432249 ], [ -0.384790626125149, 50.859257166348605 ], [ -0.384788630815108, 50.859260315112039 ], [ -0.384787633184127, 50.859263848722577 ], [ -0.384787633232402, 50.859267767180249 ], [ -0.384787744127297, 50.859271195830551 ], [ -0.384787965868835, 50.859274134673456 ], [ -0.384788298457033, 50.859276583708976 ], [ -0.3847887418919, 50.859278542937091 ], [ -0.384789296173436, 50.85928001235785 ], [ -0.384789961301634, 50.859280991971197 ], [ -0.384790737276483, 50.859281481777167 ], [ -0.384791624097963, 50.859281481775739 ], [ -0.384792455494807, 50.859281621719241 ], [ -0.384793231467022, 50.859281901607709 ], [ -0.384793952014616, 50.859282321441086 ], [ -0.384794617137591, 50.859282881219443 ], [ -0.384795226835952, 50.859283580942737 ], [ -0.384795781109702, 50.859284420610969 ], [ -0.384796279958842, 50.859285400224174 ], [ -0.384796723383374, 50.859286519782302 ], [ -0.384797721070384, 50.859287569367226 ], [ -0.38479927301991, 50.859288548978881 ], [ -0.384801379231974, 50.85928945861729 ], [ -0.384804039706605, 50.85929029828241 ], [ -0.384807254443818, 50.859291067974191 ], [ -0.38481102344363, 50.859291767692604 ], [ -0.384815346706048, 50.859292397437578 ], [ -0.384820224231076, 50.859292957209071 ], [ -0.384824824622807, 50.85929337703606 ], [ -0.384829147881191, 50.859293656918595 ], [ -0.384833194006183, 50.859293796856704 ], [ -0.384836962997745, 50.859293796850423 ], [ -0.38484045485584, 50.859293656899766 ], [ -0.384843669580442, 50.859293377004761 ], [ -0.384846607171523, 50.859292957165422 ] ] ] } },
{ "type": "Feature", "properties": { "fid": 97, "pit_id": 97, "mon_name": "Flint Mine Pit Group 10", "site": "Cissbury Ring", "mon_type": "Flint mine pit group", "nhle_id": null, "mon_uid": "MNA147507", "src_shot": "142733", "full_label": "Flint Mine Pit Group 10, Cissbury Ring", "area_m2": 39.86, "perim_m": 22.89, "diam_m": 7.12 }, "geometry": { "type": "Polygon", "coordinates": [ [ [ -0.384956350516516, 50.859219625798829 ], [ -0.3849630016629, 50.85921794644468 ], [ -0.384968821411013, 50.859216092160409 ], [ -0.384973809760885, 50.859214062946172 ], [ -0.384977966712564, 50.859211858802055 ], [ -0.384981292266119, 50.859209479728179 ], [ -0.384983786421638, 50.859206925724585 ], [ -0.384985449179224, 50.859204196791339 ], [ -0.384986280539004, 50.859201292928482 ], [ -0.384986280501122, 50.859198214136015 ], [ -0.38498589247957, 50.85919524030308 ], [ -0.38498511647442, 50.859192371429678 ], [ -0.384983952485739, 50.859189607515788 ], [ -0.384982400513587, 50.859186948561408 ], [ -0.384980460558022, 50.859184394566526 ], [ -0.384978132619095, 50.859181945531105 ], [ -0.384975416696851, 50.859179601455153 ], [ -0.384972312791331, 50.859177362338613 ], [ -0.384969596872934, 50.859175298152657 ], [ -0.384967268941579, 50.859173408897327 ], [ -0.384965328997192, 50.85917169457263 ], [ -0.38496377703971, 50.859170155178603 ], [ -0.384962613069077, 50.859168790715238 ], [ -0.384961837085245, 50.85916760118257 ], [ -0.384961449088178, 50.859166586580585 ], [ -0.384961449077844, 50.859165746909305 ], [ -0.384960617671935, 50.859164942226187 ], [ -0.38495895487049, 50.859164172531209 ], [ -0.384956460673549, 50.859163437824336 ], [ -0.384953135081146, 50.859162738105532 ], [ -0.384948978093312, 50.859162073374698 ], [ -0.384943989710075, 50.85916144363177 ], [ -0.38493816993146, 50.859160848876606 ], [ -0.384931518757488, 50.859160289109113 ], [ -0.384925310998413, 50.859160009230955 ], [ -0.384919546654112, 50.859160009242217 ], [ -0.384914225724481, 50.859160289142942 ], [ -0.384909348209431, 50.859160848933207 ], [ -0.38490491410889, 50.859161688613057 ], [ -0.3849009234228, 50.859162808182539 ], [ -0.38489737615112, 50.859164207641719 ], [ -0.384894272293825, 50.85916588699061 ], [ -0.38489150099696, 50.859167741270134 ], [ -0.384889062260532, 50.859169770480314 ], [ -0.384886956084556, 50.859171974621177 ], [ -0.384885182469055, 50.85917435369273 ], [ -0.384883741414058, 50.859176907694987 ], [ -0.384882632919603, 50.859179636627964 ], [ -0.384881856985734, 50.859182540491673 ], [ -0.384881413612502, 50.859185619286123 ], [ -0.38488119194087, 50.859188383203502 ], [ -0.38488119197088, 50.859190832243783 ], [ -0.384881413702569, 50.859192966407001 ], [ -0.384881857135964, 50.859194785693134 ], [ -0.384882522271082, 50.859196290102169 ], [ -0.384883409107933, 50.859197479634133 ], [ -0.384884517646514, 50.859198354289013 ], [ -0.384885847886819, 50.859198914066788 ], [ -0.384887122702007, 50.859199578803469 ], [ -0.384888342092085, 50.85920034849908 ], [ -0.38488950605706, 50.859201223153597 ], [ -0.384890614596932, 50.859202202767058 ], [ -0.38489166771171, 50.859203287339419 ], [ -0.384892665401395, 50.859204476870708 ], [ -0.384893607665987, 50.859205771360919 ], [ -0.38489449450549, 50.859207170810066 ], [ -0.384895436769683, 50.859208430313991 ], [ -0.384896434458561, 50.859209549872709 ], [ -0.38489748757212, 50.859210529486241 ], [ -0.384898596110354, 50.859211369154551 ], [ -0.384899760073256, 50.859212068877653 ], [ -0.384900979460819, 50.859212628655527 ], [ -0.384902254273033, 50.859213048488201 ], [ -0.384903584509888, 50.859213328375645 ], [ -0.384904748468008, 50.859213643249682 ], [ -0.384905746147389, 50.859213993110316 ], [ -0.38490657754803, 50.859214377957549 ], [ -0.384907242669926, 50.859214797791374 ], [ -0.384907741513079, 50.859215252611804 ], [ -0.384908074077483, 50.859215742418854 ], [ -0.384908240363133, 50.859216267212489 ], [ -0.384908240370025, 50.859216826992743 ], [ -0.384908628362023, 50.859217421758508 ], [ -0.384909404339145, 50.859218051509764 ], [ -0.384910568301407, 50.859218716246531 ], [ -0.384912120248829, 50.859219415968752 ], [ -0.384914060181432, 50.859220150676464 ], [ -0.38491638809924, 50.859220920369616 ], [ -0.384919104002277, 50.859221725048187 ], [ -0.384922207890568, 50.859222564712162 ], [ -0.38492575518644, 50.859223089499054 ], [ -0.384929745889839, 50.859223299408804 ], [ -0.384934180000689, 50.859223194441384 ], [ -0.384939057518899, 50.859222774596724 ], [ -0.384944378444361, 50.859222039874801 ], [ -0.384950142776948, 50.859220990275517 ], [ -0.384956350516516, 50.859219625798829 ] ] ] } },
{ "type": "Feature", "properties": { "fid": 98, "pit_id": 98, "mon_name": "Flint Mine Pit Group 10", "site": "Cissbury Ring", "mon_type": "Flint mine pit group", "nhle_id": null, "mon_uid": "MNA147507", "src_shot": "142733", "full_label": "Flint Mine Pit Group 10, Cissbury Ring", "area_m2": 20.0, "perim_m": 15.98, "diam_m": 5.05 }, "geometry": { "type": "Polygon", "coordinates": [ [ [ -0.38433136273476, 50.859199194860501 ], [ -0.384335796828353, 50.859198075292412 ], [ -0.384339787508586, 50.859196745807097 ], [ -0.384343334775444, 50.859195206404628 ], [ -0.38434643862892, 50.859193457085034 ], [ -0.384349099069019, 50.859191497848357 ], [ -0.384351316095763, 50.859189328694612 ], [ -0.38435308970918, 50.85918694962384 ], [ -0.384354419909313, 50.85918436063605 ], [ -0.384355306696215, 50.859181561731255 ], [ -0.384355971779785, 50.85917893775823 ], [ -0.384356415160067, 50.859176488716926 ], [ -0.384356636837099, 50.8591742146074 ], [ -0.384356636810918, 50.859172115429629 ], [ -0.384356415081555, 50.859170191183601 ], [ -0.384355971649034, 50.859168441869336 ], [ -0.384355306513376, 50.859166867486834 ], [ -0.384354419674596, 50.859165468036068 ], [ -0.384353033999495, 50.85916413855881 ], [ -0.384351149488108, 50.85916287905502 ], [ -0.384348766140471, 50.859161689524697 ], [ -0.384345883956608, 50.859160569967777 ], [ -0.384342502936546, 50.859159520384267 ], [ -0.384338623080302, 50.859158540774096 ], [ -0.384334244387892, 50.859157631137229 ], [ -0.384329366859327, 50.859156791473573 ], [ -0.384324821891161, 50.859156126740849 ], [ -0.384320609483326, 50.859155636939064 ], [ -0.384316729635765, 50.859155322068268 ], [ -0.384313182348428, 50.859155182128482 ], [ -0.384309967621271, 50.859155217119756 ], [ -0.384307085454258, 50.85915542704209 ], [ -0.384304535847361, 50.859155811895519 ], [ -0.384302318800556, 50.859156371680072 ], [ -0.384300212609986, 50.859157211354841 ], [ -0.384298217275614, 50.859158330919804 ], [ -0.384296332797415, 50.859159730374969 ], [ -0.384294559175363, 50.859161409720379 ], [ -0.384292896409436, 50.85916336895599 ], [ -0.38429134449962, 50.859165608081838 ], [ -0.384289903445899, 50.859168127097909 ], [ -0.384288573248266, 50.859170926004232 ], [ -0.384287575606772, 50.859173584964694 ], [ -0.384286910521482, 50.859176103979337 ], [ -0.384286577992457, 50.859178483048176 ], [ -0.38428657801975, 50.859180722171189 ], [ -0.38428691060341, 50.859182821348391 ], [ -0.38428757574348, 50.85918478057976 ], [ -0.384288573439994, 50.859186599865311 ], [ -0.384289903692982, 50.859188279205043 ], [ -0.384291400224107, 50.859189888571912 ], [ -0.384293063033379, 50.859191427965925 ], [ -0.384294892120806, 50.859192897387075 ], [ -0.384296887486399, 50.859194296835348 ], [ -0.38429904913016, 50.859195626310729 ], [ -0.384301377052097, 50.859196885813255 ], [ -0.384303871252211, 50.859198075342846 ], [ -0.384306531730506, 50.859199194899546 ], [ -0.384309413910906, 50.859200034565703 ], [ -0.384312517793371, 50.859200594341324 ], [ -0.384315843377855, 50.859200874226374 ], [ -0.384319390664303, 50.859200874220832 ], [ -0.384323159652652, 50.85920059432469 ], [ -0.384327150342831, 50.859200034537928 ], [ -0.38433136273476, 50.859199194860501 ] ] ] } },
{ "type": "Feature", "properties": { "fid": 99, "pit_id": 99, "mon_name": "Flint Mine Pit Group 10", "site": "Cissbury Ring", "mon_type": "Flint mine pit group", "nhle_id": null, "mon_uid": "MNA147507", "src_shot": "142733", "full_label": "Flint Mine Pit Group 10, Cissbury Ring", "area_m2": 28.17, "perim_m": 19.22, "diam_m": 5.99 }, "geometry": { "type": "Polygon", "coordinates": [ [ [ -0.384616919263842, 50.859200174016109 ], [ -0.384617806074971, 50.859199334343984 ], [ -0.384618859165576, 50.859198529657888 ], [ -0.384620078535652, 50.859197759957802 ], [ -0.384621464185192, 50.859197025243731 ], [ -0.384623016114193, 50.85919632551569 ], [ -0.38462473432265, 50.859195660773629 ], [ -0.38462661881056, 50.859195031017563 ], [ -0.384628669577922, 50.859194436247499 ], [ -0.384630886624732, 50.859193876463387 ], [ -0.384632826539369, 50.859193281693415 ], [ -0.384634489321837, 50.859192651937555 ], [ -0.384635874972141, 50.859191987195842 ], [ -0.384636983490291, 50.859191287468285 ], [ -0.384637814876297, 50.859190552754882 ], [ -0.38463836913017, 50.859189783055648 ], [ -0.384638646251922, 50.859188978370575 ], [ -0.384638646241567, 50.859188138699679 ], [ -0.384638812510271, 50.859187299028505 ], [ -0.384639145058028, 50.859186459357062 ], [ -0.384639643884825, 50.859185619685327 ], [ -0.384640308990656, 50.859184780013322 ], [ -0.384641140375512, 50.85918394034104 ], [ -0.384642138039383, 50.859183100668474 ], [ -0.384643301982261, 50.859182260995603 ], [ -0.384644632204137, 50.859181421322454 ], [ -0.384645685291211, 50.859180336745574 ], [ -0.384646461243482, 50.859179007264977 ], [ -0.384646960060964, 50.859177432880671 ], [ -0.384647181743675, 50.859175613592662 ], [ -0.384647126291643, 50.859173549400943 ], [ -0.384646793704907, 50.859171240305521 ], [ -0.38464618398351, 50.85916868630639 ], [ -0.384645297127505, 50.859165887403535 ], [ -0.384644243995934, 50.859163368391378 ], [ -0.384643024588805, 50.859161129269921 ], [ -0.38464163890612, 50.859159170039149 ], [ -0.384640086947877, 50.859157490699047 ], [ -0.384638368714067, 50.859156091249623 ], [ -0.384636484204675, 50.859154971690849 ], [ -0.38463443341968, 50.859154132022752 ], [ -0.384632216359052, 50.85915357224529 ], [ -0.384630165577035, 50.859152977481216 ], [ -0.384628281073626, 50.859152347730536 ], [ -0.384626562848821, 50.85915168299325 ], [ -0.384625010902619, 50.859150983269373 ], [ -0.384623625235013, 50.859150248558898 ], [ -0.384622405846, 50.859149478861845 ], [ -0.384621352735573, 50.859148674178229 ], [ -0.384620465903727, 50.859147834508029 ], [ -0.384619080236543, 50.859147134784017 ], [ -0.384617195734035, 50.859146575006164 ], [ -0.3846148123962, 50.859146155174436 ], [ -0.384611930223036, 50.859145875288824 ], [ -0.384608549214522, 50.859145735349287 ], [ -0.384604669370636, 50.859145735355767 ], [ -0.384600290691344, 50.859145875308229 ], [ -0.384595413176604, 50.859146155206624 ], [ -0.384590923648051, 50.859146575049508 ], [ -0.384586822105655, 50.859147134836931 ], [ -0.384583108549392, 50.859147834568951 ], [ -0.384579782979244, 50.859148674245588 ], [ -0.384576845395203, 50.859149653866893 ], [ -0.384574295797266, 50.859150773432859 ], [ -0.384572134185435, 50.859152032943562 ], [ -0.384570360559723, 50.859153432398983 ], [ -0.384568808641928, 50.859155041771778 ], [ -0.384567478432051, 50.859156861061933 ], [ -0.384566369930099, 50.859158890269448 ], [ -0.384565483136086, 50.859161129394359 ], [ -0.384564818050029, 50.859163578436672 ], [ -0.384564374671954, 50.859166237396373 ], [ -0.384564153001892, 50.859169106273463 ], [ -0.384564153039881, 50.859172185067948 ], [ -0.384564374779714, 50.859174983971641 ], [ -0.38456481822143, 50.859177502984551 ], [ -0.384565483365057, 50.859179742106654 ], [ -0.384566370210615, 50.859181701337988 ], [ -0.384567478758118, 50.859183380678523 ], [ -0.38456880900757, 50.859184780128238 ], [ -0.384570360958968, 50.859185899687162 ], [ -0.384572134612301, 50.859186739355259 ], [ -0.384573686560305, 50.859187579023661 ], [ -0.384575016802968, 50.859188418692398 ], [ -0.384576125340275, 50.859189258361475 ], [ -0.384577012172219, 50.859190098030894 ], [ -0.384577677298783, 50.85919093770066 ], [ -0.384578120719958, 50.859191777370746 ], [ -0.384578342435731, 50.859192617041231 ], [ -0.38457834244609, 50.859193456712049 ], [ -0.384578896719772, 50.859194296382043 ], [ -0.384580005256806, 50.859195136051206 ], [ -0.384581668057222, 50.859195975719523 ], [ -0.384583885121052, 50.859196815386966 ], [ -0.384586656448324, 50.859197655053514 ], [ -0.384589982039071, 50.859198494719109 ], [ -0.384593861893321, 50.859199334383725 ], [ -0.384598296011108, 50.859200174047302 ], [ -0.384602286715731, 50.859200803793783 ], [ -0.38460583400712, 50.859201223623231 ], [ -0.384608937885213, 50.859201433535688 ], [ -0.384611598349962, 50.859201433531169 ], [ -0.384613815401331, 50.859201223609709 ], [ -0.384615589039296, 50.859200803771344 ], [ -0.384616919263842, 50.859200174016109 ] ] ] } },
{ "type": "Feature", "properties": { "fid": 100, "pit_id": 100, "mon_name": "Flint Mine Pit Group 10", "site": "Cissbury Ring", "mon_type": "Flint mine pit group", "nhle_id": null, "mon_uid": "MNA147507", "src_shot": "142733", "full_label": "Flint Mine Pit Group 10, Cissbury Ring", "area_m2": 106.59, "perim_m": 39.02, "diam_m": 11.65 }, "geometry": { "type": "Polygon", "coordinates": [ [ [ -0.385066315603963, 50.859148673381334 ], [ -0.385072966760725, 50.859147833696326 ], [ -0.385079119077861, 50.859146819080443 ], [ -0.385084772555333, 50.859145629533757 ], [ -0.385089927193113, 50.859144265056351 ], [ -0.385094582991186, 50.859142725648276 ], [ -0.385098739949547, 50.859141011309603 ], [ -0.385102398068201, 50.859139122040382 ], [ -0.385105557347168, 50.85913705784067 ], [ -0.385108217786476, 50.859134818710494 ], [ -0.385110434809699, 50.85913219473116 ], [ -0.385112208416853, 50.859129185902667 ], [ -0.385113538607979, 50.859125792225072 ], [ -0.385114425383139, 50.859122013698354 ], [ -0.385114868742414, 50.859117850322555 ], [ -0.38511486868591, 50.859113302097661 ], [ -0.385114425213752, 50.85910836902368 ], [ -0.385113538326092, 50.859103051100583 ], [ -0.385112651446722, 50.85909839791811 ], [ -0.385111764575612, 50.859094409476242 ], [ -0.385110877712729, 50.859091085774971 ], [ -0.385109990858037, 50.85908842681431 ], [ -0.385109104011502, 50.859086432594268 ], [ -0.385108217173087, 50.859085103114836 ], [ -0.385107330342757, 50.859084438375994 ], [ -0.385106443520474, 50.859084438377778 ], [ -0.38510566754968, 50.859084333420235 ], [ -0.385105002430382, 50.859084123503358 ], [ -0.38510444816258, 50.859083808627176 ], [ -0.385104004746279, 50.859083388791653 ], [ -0.385103672181475, 50.859082863996811 ], [ -0.385103450468167, 50.859082234242656 ], [ -0.385103339606354, 50.859081499529189 ], [ -0.385103339596029, 50.859080659856403 ], [ -0.385103228734205, 50.859079925142929 ], [ -0.385103007020885, 50.859079295388767 ], [ -0.385102674456072, 50.85907877059396 ], [ -0.385102231039767, 50.859078350758459 ], [ -0.385101676771971, 50.859078035882298 ], [ -0.385101011652684, 50.859077825965436 ], [ -0.3851002356819, 50.859077721007907 ], [ -0.385099348859617, 50.859077721009683 ], [ -0.385098572888824, 50.859077616052112 ], [ -0.385097907769525, 50.859077406135214 ], [ -0.385097353501723, 50.859077091258968 ], [ -0.385096910085419, 50.859076671423402 ], [ -0.385096577520615, 50.859076146628489 ], [ -0.385096355807308, 50.859075516874242 ], [ -0.385096244945493, 50.859074782160661 ], [ -0.385096244935169, 50.859073942487747 ], [ -0.385096134073344, 50.859073207774173 ], [ -0.385095912360023, 50.859072578019934 ], [ -0.385095579795209, 50.859072053225042 ], [ -0.385095136378904, 50.85907163338949 ], [ -0.385094582111108, 50.859071318513273 ], [ -0.385093916991821, 50.859071108596375 ], [ -0.385093141021036, 50.859071003638832 ], [ -0.385092254198752, 50.859071003640594 ], [ -0.385091201092842, 50.859070653778907 ], [ -0.385089981703332, 50.859069954053751 ], [ -0.385088596030256, 50.85906890446509 ], [ -0.385087044073657, 50.859067505012959 ], [ -0.385085325833583, 50.85906575569733 ], [ -0.385083441310091, 50.859063656518202 ], [ -0.385081390503245, 50.859061207475563 ], [ -0.385079173413116, 50.85905840856941 ], [ -0.385077122606663, 50.859055959526735 ], [ -0.385075238083817, 50.859053860347515 ], [ -0.385073519844515, 50.859052111031779 ], [ -0.385071967888699, 50.859050711579542 ], [ -0.385070582216323, 50.859049661990795 ], [ -0.385069362827341, 50.85904896226554 ], [ -0.385068309721722, 50.859048612403789 ], [ -0.385067422899436, 50.859048612405573 ], [ -0.385066646928641, 50.859048507447923 ], [ -0.38506598180934, 50.859048297530897 ], [ -0.385065427541537, 50.859047982654452 ], [ -0.385064984125231, 50.85904756281861 ], [ -0.385064651560424, 50.85904703802337 ], [ -0.385064429847114, 50.859046408268732 ], [ -0.385064318985298, 50.859045673554675 ], [ -0.385064318974972, 50.859044833881242 ], [ -0.385063542993595, 50.859043889250287 ], [ -0.385061991041222, 50.859042839661818 ], [ -0.385059663117911, 50.859041685115784 ], [ -0.385056559223743, 50.859040425612122 ], [ -0.385052679358796, 50.859039061150824 ], [ -0.385048023523169, 50.859037591731763 ], [ -0.385042591716967, 50.85903601735486 ], [ -0.385036383940308, 50.859034338020017 ], [ -0.385030896710591, 50.859032938574686 ], [ -0.385026130027656, 50.859031819018966 ], [ -0.38502208389136, 50.859030979352966 ], [ -0.385018758301594, 50.859030419576726 ], [ -0.38501615325827, 50.859030139690326 ], [ -0.385014268761327, 50.859030139693822 ], [ -0.385013104810733, 50.859030419587235 ], [ -0.385012661406476, 50.859030979370601 ], [ -0.385011996296232, 50.859031504167994 ], [ -0.385011109479991, 50.859031993979485 ], [ -0.385010000957753, 50.859032448804996 ], [ -0.385008670729511, 50.859032868644576 ], [ -0.385007118795263, 50.859033253498161 ], [ -0.385005345155007, 50.859033603365795 ], [ -0.385003349808743, 50.859033918247448 ], [ -0.385001132756471, 50.859034198143107 ], [ -0.384998638574555, 50.859034652971353 ], [ -0.384995867262962, 50.859035282732215 ], [ -0.384992818821647, 50.859036087425629 ], [ -0.384989493250562, 50.859037067051595 ], [ -0.384985890549656, 50.859038221610092 ], [ -0.384982010718865, 50.859039551101084 ], [ -0.384977853758125, 50.85904105552455 ], [ -0.384973419667362, 50.85904273488044 ], [ -0.384969539839005, 50.859044309275887 ], [ -0.384966214273131, 50.859045778710922 ], [ -0.384963442969819, 50.859047143185613 ], [ -0.384961225929132, 50.859048402699976 ], [ -0.38495956315113, 50.859049557254053 ], [ -0.384958454635865, 50.859050606847873 ], [ -0.384957900383379, 50.85905155148145 ], [ -0.384957900393714, 50.859052391154798 ], [ -0.384957789550411, 50.859053160855566 ], [ -0.384957567853466, 50.859053860583799 ], [ -0.384957235302876, 50.85905449033946 ], [ -0.384956791898638, 50.859055050122578 ], [ -0.38495623764075, 50.859055539933117 ], [ -0.384955572529211, 50.859055959771112 ], [ -0.384954796564021, 50.859056309636536 ], [ -0.38495390974518, 50.859056589529395 ], [ -0.384953133782147, 50.859057114326667 ], [ -0.38495246867491, 50.859057884028346 ], [ -0.384951914423467, 50.859058898634451 ], [ -0.384951471027813, 50.85906015814497 ], [ -0.384951138487953, 50.859061662559917 ], [ -0.384950916803888, 50.859063411879291 ], [ -0.384950805975629, 50.859065406103063 ], [ -0.384950806003186, 50.859067645231264 ], [ -0.384951027735781, 50.859069849372574 ], [ -0.384951471173447, 50.859072018526973 ], [ -0.384952136316212, 50.859074152694475 ], [ -0.384953023164106, 50.859076251875067 ], [ -0.384954131717156, 50.859078316068747 ], [ -0.384955461975389, 50.859080345275522 ], [ -0.384957013938832, 50.859082339495359 ], [ -0.384958787607509, 50.85908429872827 ], [ -0.38496033956943, 50.859086153002465 ], [ -0.38496166982456, 50.859087902317967 ], [ -0.384962778372865, 50.859089546674774 ], [ -0.384963665214314, 50.859091086072887 ], [ -0.384964330348879, 50.859092520512313 ], [ -0.384964773776535, 50.859093849993073 ], [ -0.384964995497261, 50.859095074515139 ], [ -0.384964995511038, 50.859096194078546 ], [ -0.384965272656708, 50.859097313641371 ], [ -0.384965826934291, 50.859098433203648 ], [ -0.384966658343807, 50.85909955276535 ], [ -0.384967766885276, 50.859100672326477 ], [ -0.384969152558717, 50.859101791887014 ], [ -0.384970815364151, 50.859102911446968 ], [ -0.384972755301598, 50.859104031006304 ], [ -0.384974972371079, 50.859105150565036 ], [ -0.384976967735046, 50.859106270124158 ], [ -0.38497874139348, 50.859107389683665 ], [ -0.38498029334637, 50.859108509243583 ], [ -0.384981623593696, 50.859109628803928 ], [ -0.384982732135444, 50.859110748364685 ], [ -0.384983618971597, 50.85911186792589 ], [ -0.384984284102139, 50.859112987487514 ], [ -0.384984727527056, 50.859114107049578 ], [ -0.384985281803462, 50.859115121652408 ], [ -0.384985946931365, 50.859116031295976 ], [ -0.384986722910763, 50.859116835980302 ], [ -0.384987609741662, 50.85911753570538 ], [ -0.384988607424055, 50.859118130471188 ], [ -0.384989715957943, 50.859118620277748 ], [ -0.384990935343322, 50.859119005125045 ], [ -0.384992265580185, 50.859119285013072 ], [ -0.384993484965548, 50.85911966986032 ], [ -0.384994593499414, 50.859120159666773 ], [ -0.384995591181787, 50.859120754432453 ], [ -0.38499647801267, 50.859121454157346 ], [ -0.384997253992063, 50.859122258841467 ], [ -0.384997919119966, 50.859123168484814 ], [ -0.384998473396377, 50.859124183087374 ], [ -0.384998916821291, 50.859125302649183 ], [ -0.384999471097696, 50.859126317251757 ], [ -0.385000136225597, 50.859127226895119 ], [ -0.385000912204994, 50.859128031579232 ], [ -0.38500179903589, 50.859128731304132 ], [ -0.385002796718282, 50.859129326069812 ], [ -0.385003905252169, 50.859129815876251 ], [ -0.385005124637546, 50.859130200723435 ], [ -0.385006454874408, 50.859130480611405 ], [ -0.385007674259769, 50.859130865458539 ], [ -0.385008782793633, 50.859131355264871 ], [ -0.385009780476004, 50.85913195003041 ], [ -0.385010667306887, 50.859132649755118 ], [ -0.385011443286278, 50.859133454439046 ], [ -0.385012108414178, 50.859134364082173 ], [ -0.385012662690589, 50.859135378684485 ], [ -0.385013106115501, 50.859136498246031 ], [ -0.385013937525472, 50.859137652793109 ], [ -0.385015156920529, 50.859138842325763 ], [ -0.385016764300706, 50.859140066843942 ], [ -0.385018759666038, 50.85914132634764 ], [ -0.38502114301656, 50.859142620836849 ], [ -0.385023914352311, 50.859143950311555 ], [ -0.38502707367333, 50.859145314771695 ], [ -0.385030620979658, 50.85914671421726 ], [ -0.385034556267534, 50.859147833771672 ], [ -0.385038879536912, 50.859148673434881 ], [ -0.385043590787742, 50.859149233206857 ], [ -0.385048690019952, 50.85914951308753 ], [ -0.385054177233459, 50.859149513076879 ], [ -0.385060052428166, 50.85914923317484 ], [ -0.385066315603963, 50.859148673381334 ] ] ] } },
{ "type": "Feature", "properties": { "fid": 101, "pit_id": 101, "mon_name": "Flint Mine Pit Group 10", "site": "Cissbury Ring", "mon_type": "Flint mine pit group", "nhle_id": null, "mon_uid": "MNA147507", "src_shot": "142733", "full_label": "Flint Mine Pit Group 10, Cissbury Ring", "area_m2": 27.99, "perim_m": 18.96, "diam_m": 5.97 }, "geometry": { "type": "Polygon", "coordinates": [ [ [ -0.384519367851214, 50.85911508746635 ], [ -0.384523801948311, 50.859114247787005 ], [ -0.384527737207387, 50.8591133381356 ], [ -0.384531173628452, 50.859112358512213 ], [ -0.384534111211523, 50.859111308916859 ], [ -0.384536549956618, 50.859110189349586 ], [ -0.384538489863759, 50.859108999810431 ], [ -0.384539930932978, 50.859107740299407 ], [ -0.384540873164307, 50.859106410816537 ], [ -0.384541316557783, 50.859105011361827 ], [ -0.384541815379321, 50.859103751852444 ], [ -0.384542369628922, 50.859102632288355 ], [ -0.384542979306589, 50.85910165266958 ], [ -0.38454364441232, 50.859100812996097 ], [ -0.384544364946123, 50.859100113267942 ], [ -0.384545140907998, 50.859099553485059 ], [ -0.384545972297952, 50.859099133647504 ], [ -0.384546859115992, 50.859098853755242 ], [ -0.38454763507747, 50.85909825898586 ], [ -0.384548300182374, 50.859097349339379 ], [ -0.384548854430699, 50.859096124815792 ], [ -0.384549297822438, 50.8590945854151 ], [ -0.384549630357597, 50.859092731137295 ], [ -0.384549852036178, 50.859090561982377 ], [ -0.384549962858191, 50.859088077950368 ], [ -0.384549962823653, 50.859085279041246 ], [ -0.384549741086251, 50.859082690050627 ], [ -0.384549297646022, 50.85908031097852 ], [ -0.384548632502994, 50.859078141824902 ], [ -0.384547745657188, 50.859076182589796 ], [ -0.384546637108623, 50.859074433273186 ], [ -0.384545306857306, 50.859072893875052 ], [ -0.384543754903247, 50.859071564395393 ], [ -0.384541981246441, 50.859070444834217 ], [ -0.384540041311468, 50.859069395246088 ], [ -0.384537935098331, 50.859068415630972 ], [ -0.384535662607032, 50.859067505988889 ], [ -0.384533223837569, 50.859066666319826 ], [ -0.384530618789943, 50.859065896623768 ], [ -0.38452784746415, 50.859065196900694 ], [ -0.384524909860184, 50.859064567150604 ], [ -0.38452180597804, 50.859064007373483 ], [ -0.38451859124504, 50.859063587542089 ], [ -0.384515265661158, 50.859063307656449 ], [ -0.384511829226367, 50.859063167716506 ], [ -0.384508281940637, 50.859063167722262 ], [ -0.384504623803937, 50.859063307673729 ], [ -0.384500854816233, 50.859063587570887 ], [ -0.38449697497749, 50.859064007413707 ], [ -0.38449298428767, 50.859064567202203 ], [ -0.384489270730435, 50.859065196962902 ], [ -0.38448583430578, 50.859065896695853 ], [ -0.384482675013701, 50.859066666401077 ], [ -0.384479792854195, 50.859067506078581 ], [ -0.384477187827266, 50.859068415728423 ], [ -0.384474859932917, 50.859069395350573 ], [ -0.384472809171154, 50.85907044494509 ], [ -0.384471035541986, 50.85907156451195 ], [ -0.384469594475103, 50.859073033941804 ], [ -0.384468485970501, 50.859074853234659 ], [ -0.384467710028195, 50.859077022390544 ], [ -0.38446726664821, 50.859079541409436 ], [ -0.38446715583059, 50.859082410291364 ], [ -0.384467377575392, 50.859085629036301 ], [ -0.384467931882687, 50.859089197644259 ], [ -0.38446881875256, 50.859093116115247 ], [ -0.384470093602829, 50.85909671970834 ], [ -0.384471756433558, 50.85910000842356 ], [ -0.384473807244797, 50.859102982260858 ], [ -0.38447624603658, 50.859105641220232 ], [ -0.384479072808927, 50.859107985301648 ], [ -0.384482287561839, 50.859110014505099 ], [ -0.384485890295305, 50.859111728830534 ], [ -0.384489881009296, 50.859113128277926 ], [ -0.384493927146427, 50.859114247834491 ], [ -0.38449802870663, 50.859115087500243 ], [ -0.384502185689836, 50.859115647275154 ], [ -0.384506398095973, 50.859115927159216 ], [ -0.384510665924966, 50.859115927152459 ], [ -0.38451498917674, 50.859115647254825 ], [ -0.384519367851214, 50.85911508746635 ] ] ] } },
{ "type": "Feature", "properties": { "fid": 102, "pit_id": 102, "mon_name": "Flint Mine Pit Group 10", "site": "Cissbury Ring", "mon_type": "Flint mine pit group", "nhle_id": null, "mon_uid": "MNA147507", "src_shot": "142733", "full_label": "Flint Mine Pit Group 10, Cissbury Ring", "area_m2": 53.46, "perim_m": 26.84, "diam_m": 8.25 }, "geometry": { "type": "Polygon", "coordinates": [ [ [ -0.384328922465765, 50.859077022616106 ], [ -0.384334686795104, 50.85907618293394 ], [ -0.384339896855542, 50.859074888429383 ], [ -0.384344552646974, 50.859073139102492 ], [ -0.384348654169321, 50.859070934953323 ], [ -0.384352201422542, 50.859068275981969 ], [ -0.384355194406622, 50.85906516218845 ], [ -0.384357633121584, 50.859061593572832 ], [ -0.384359517567477, 50.859057570135107 ], [ -0.384360847744388, 50.859053091875353 ], [ -0.384361568236308, 50.859049033453161 ], [ -0.384361679043415, 50.859045394868588 ], [ -0.384361180165857, 50.859042176121598 ], [ -0.384360071603748, 50.859039377212213 ], [ -0.384358353357169, 50.859036998140411 ], [ -0.384356025426171, 50.85903503890615 ], [ -0.384353087810767, 50.859033499509408 ], [ -0.384349540510942, 50.859032379950143 ], [ -0.384346381196061, 50.85903129537656 ], [ -0.384343609866092, 50.859030245788695 ], [ -0.384341226521004, 50.859029231186561 ], [ -0.384339231160761, 50.859028251570201 ], [ -0.384337623785337, 50.859027306939616 ], [ -0.384336404394704, 50.859026397294841 ], [ -0.384335572988835, 50.859025522635882 ], [ -0.38433512956771, 50.859024682962726 ], [ -0.384334076456222, 50.859023808304251 ], [ -0.384332413654406, 50.859022898660427 ], [ -0.384330141162305, 50.859021954031228 ], [ -0.384327258979962, 50.859020974416616 ], [ -0.38432376710742, 50.859019959816536 ], [ -0.38431966554473, 50.859018910230951 ], [ -0.384314954291941, 50.859017825659791 ], [ -0.384309633349108, 50.859016706102992 ], [ -0.384304534113563, 50.859015726491393 ], [ -0.384299656585244, 50.859014886825058 ], [ -0.384295000764096, 50.859014187103988 ], [ -0.384290566650065, 50.859013627328217 ], [ -0.384286354243105, 50.859013207497782 ], [ -0.384282363543173, 50.859012927612703 ], [ -0.384278594550225, 50.859012787672981 ], [ -0.384275047264227, 50.859012787678658 ], [ -0.384271555405948, 50.859012892643484 ], [ -0.384268118975363, 50.859013102567452 ], [ -0.38426473797245, 50.859013417450598 ], [ -0.384261412397186, 50.859013837292899 ], [ -0.384258142249553, 50.859014362094349 ], [ -0.384254927529529, 50.85901499185497 ], [ -0.384251768237094, 50.859015726574775 ], [ -0.384248664372231, 50.859016566253757 ], [ -0.384245782213147, 50.859017440918727 ], [ -0.384243121759851, 50.859018350569713 ], [ -0.384240683012348, 50.859019295206714 ], [ -0.384238465970646, 50.859020274829746 ], [ -0.384236470634753, 50.85902128943885 ], [ -0.38423469700468, 50.859022339033999 ], [ -0.384233145080436, 50.859023423615199 ], [ -0.384231814862034, 50.859024543182485 ], [ -0.384230650926106, 50.859025942640642 ], [ -0.384229653272647, 50.859027621989647 ], [ -0.384228821901654, 50.859029581229514 ], [ -0.384228156813134, 50.859031820360251 ], [ -0.384227658007097, 50.859034339381843 ], [ -0.38422732548356, 50.859037138294319 ], [ -0.384227159242546, 50.859040217097643 ], [ -0.384227159284084, 50.859043575791858 ], [ -0.384227547306413, 50.859046654594245 ], [ -0.384228323309606, 50.859049453504809 ], [ -0.384229487293718, 50.859051972523531 ], [ -0.384231039258795, 50.859054211650424 ], [ -0.384232979204862, 50.859056170885459 ], [ -0.384235307131938, 50.859057850228609 ], [ -0.384238023040023, 50.859059249679873 ], [ -0.384241126929102, 50.859060369239216 ], [ -0.384243842833023, 50.859061418826322 ], [ -0.384246170751746, 50.859062398441239 ], [ -0.384248110685235, 50.859063308083975 ], [ -0.384249662633461, 50.859064147754552 ], [ -0.384250826596393, 50.85906491745299 ], [ -0.384251602574008, 50.859065617179304 ], [ -0.384251990566285, 50.859066246933494 ], [ -0.384251990573207, 50.859066806715568 ], [ -0.38425287740268, 50.859067471455546 ], [ -0.384254651054749, 50.859068241153395 ], [ -0.384257311529471, 50.859069115809064 ], [ -0.384260858826913, 50.859070095422531 ], [ -0.384265292947157, 50.859071179993705 ], [ -0.384270613890296, 50.859072369522465 ], [ -0.384276821656436, 50.859073664008704 ], [ -0.384283916245695, 50.859075063452281 ], [ -0.384290844552899, 50.859076183005037 ], [ -0.384297606577913, 50.859077022667016 ], [ -0.384304202320605, 50.859077582438232 ], [ -0.384310631780853, 50.859077862318735 ], [ -0.384316894958536, 50.859077862308517 ], [ -0.384322991853542, 50.859077582407629 ], [ -0.384328922465765, 50.859077022616106 ] ] ] } },
{ "type": "Feature", "properties": { "fid": 103, "pit_id": 103, "mon_name": "Flint Mine Pit Group 10", "site": "Cissbury Ring", "mon_type": "Flint mine pit group", "nhle_id": null, "mon_uid": "MNA147507", "src_shot": "142733", "full_label": "Flint Mine Pit Group 10, Cissbury Ring", "area_m2": 39.52, "perim_m": 23.27, "diam_m": 7.09 }, "geometry": { "type": "Polygon", "coordinates": [ [ [ -0.3850519027899, 50.858989975208921 ], [ -0.385055450061844, 50.858988575744441 ], [ -0.385058387639831, 50.858986896389396 ], [ -0.385060715523869, 50.858984937143831 ], [ -0.385062433713993, 50.858982698007793 ], [ -0.385063542210257, 50.858980178981312 ], [ -0.385064041012738, 50.858977380064381 ], [ -0.385063930121535, 50.858974301257035 ], [ -0.385063209536769, 50.85897094255926 ], [ -0.385061879258583, 50.858967303971049 ], [ -0.38506049355883, 50.858964050233865 ], [ -0.385059052437488, 50.858961181347738 ], [ -0.385057555894534, 50.858958697312666 ], [ -0.385056003929943, 50.858956598128636 ], [ -0.385054396543684, 50.858954883795633 ], [ -0.385052733735725, 50.858953554313672 ], [ -0.38505101550603, 50.858952609682746 ], [ -0.385049241854561, 50.858952049902861 ], [ -0.385047246494308, 50.858951245218144 ], [ -0.385045029425315, 50.858950195628559 ], [ -0.38504259064763, 50.85894890113412 ], [ -0.385039930161309, 50.858947361734799 ], [ -0.385037047966418, 50.858945577430582 ], [ -0.385033944063024, 50.858943548221461 ], [ -0.385030618451206, 50.858941274107416 ], [ -0.385027071131048, 50.858938755088424 ], [ -0.385023690094214, 50.858936550947313 ], [ -0.385020475340615, 50.858934661684081 ], [ -0.385017426870166, 50.858933087298759 ], [ -0.385014544682787, 50.858931827791373 ], [ -0.385011828778412, 50.858930883161904 ], [ -0.385009279156972, 50.858930253410378 ], [ -0.385006895818411, 50.858929938536811 ], [ -0.385004678762678, 50.858929938541202 ], [ -0.385002572561059, 50.858930043504785 ], [ -0.385000577213544, 50.85893025342758 ], [ -0.384998692720116, 50.858930568309582 ], [ -0.384996919080768, 50.858930988150796 ], [ -0.384995256295489, 50.85893151295123 ], [ -0.384993704364275, 50.85893214271087 ], [ -0.384992263287115, 50.858932877429751 ], [ -0.384990933064006, 50.858933717107853 ], [ -0.384989547413185, 50.858934451826649 ], [ -0.384988106334656, 50.858935081586118 ], [ -0.384986609828427, 50.858935606386261 ], [ -0.384985057894508, 50.858936026227084 ], [ -0.384983450532907, 50.858936341108596 ], [ -0.384981787743632, 50.85893655103078 ], [ -0.384980069526697, 50.858936655993631 ], [ -0.384978295882112, 50.858936655997148 ], [ -0.384976577670551, 50.858937180797497 ], [ -0.384974914891961, 50.858938230394671 ], [ -0.384973307546285, 50.858939804788676 ], [ -0.384971755633477, 50.858941903979513 ], [ -0.384970259153489, 50.858944527967189 ], [ -0.384968818106279, 50.858947676751697 ], [ -0.384967432491806, 50.858951350333044 ], [ -0.384966102310035, 50.858955548711236 ], [ -0.384964938402517, 50.858959362237933 ], [ -0.384963940769321, 50.858962790913118 ], [ -0.384963109410514, 50.858965834736829 ], [ -0.384962444326149, 50.858968493709042 ], [ -0.384961945516272, 50.858970767829781 ], [ -0.384961612980919, 50.858972657099045 ], [ -0.384961446720122, 50.858974161516812 ], [ -0.3849614467339, 50.858975281083126 ], [ -0.38496161302597, 50.858976330676192 ], [ -0.384961945596342, 50.858977310296041 ], [ -0.384962444445025, 50.858978219942664 ], [ -0.384963109572026, 50.858979059616054 ], [ -0.384963940977353, 50.858979829316205 ], [ -0.38496493866101, 50.858980529043123 ], [ -0.384966102622998, 50.858981158796801 ], [ -0.384967432863323, 50.858981718577205 ], [ -0.384968596824916, 50.858982313344377 ], [ -0.384969594507775, 50.858982943098304 ], [ -0.384970425911896, 50.858983607838987 ], [ -0.384971091037272, 50.858984307566423 ], [ -0.384971589883899, 50.858985042280615 ], [ -0.384971922451768, 50.858985811981604 ], [ -0.384972088740874, 50.858986616669341 ], [ -0.384972088751207, 50.858987456343854 ], [ -0.384972199613028, 50.85898819105882 ], [ -0.384972421326344, 50.858988820814261 ], [ -0.384972753891156, 50.858989345610176 ], [ -0.384973197307466, 50.858989765446545 ], [ -0.384973751575275, 50.858990080323402 ], [ -0.384974416694581, 50.858990290240705 ], [ -0.38497519266538, 50.858990395198468 ], [ -0.38497607948767, 50.858990395196699 ], [ -0.384976855458031, 50.85899046516802 ], [ -0.384977520576466, 50.858990605112417 ], [ -0.384978074842978, 50.858990815029905 ], [ -0.384978518257567, 50.858991094920476 ], [ -0.384978850820233, 50.858991444784152 ], [ -0.384979072530976, 50.858991864620883 ], [ -0.384979183389793, 50.858992354430747 ], [ -0.384979183396681, 50.85899291421368 ], [ -0.384980125651355, 50.858993404022115 ], [ -0.38498201015384, 50.858993823856025 ], [ -0.384984836904156, 50.858994173715352 ], [ -0.384988605902311, 50.858994453600033 ], [ -0.384993317148308, 50.858994663509989 ], [ -0.384998970642141, 50.858994803445107 ], [ -0.385005566383797, 50.858994873405223 ], [ -0.385013104373252, 50.858994873390195 ], [ -0.385020143523205, 50.858994698443723 ], [ -0.385026683833577, 50.858994348565879 ], [ -0.385032725304306, 50.858993823756755 ], [ -0.385038267935339, 50.858993124016443 ], [ -0.385043311726632, 50.858992249344979 ], [ -0.38504785667816, 50.858991199742462 ], [ -0.3850519027899, 50.858989975208921 ] ] ] } },
{ "type": "Feature", "properties": { "fid": 104, "pit_id": 104, "mon_name": "Flint Mine Pit Group 10", "site": "Cissbury Ring", "mon_type": "Flint mine pit group", "nhle_id": null, "mon_uid": "MNA147507", "src_shot": "142733", "full_label": "Flint Mine Pit Group 10, Cissbury Ring", "area_m2": 34.1, "perim_m": 21.28, "diam_m": 6.59 }, "geometry": { "type": "Polygon", "coordinates": [ [ [ -0.384449306894928, 50.858948412342812 ], [ -0.384451967345616, 50.858947292771575 ], [ -0.384454295235598, 50.858945963281883 ], [ -0.384456290564871, 50.85894442387378 ], [ -0.384457953333441, 50.858942674547272 ], [ -0.384459283541322, 50.85894071530236 ], [ -0.384460281188535, 50.858938546139072 ], [ -0.384460946275113, 50.858936167057408 ], [ -0.384461278801096, 50.858933578057382 ], [ -0.384461278766537, 50.858930779138973 ], [ -0.384460890748222, 50.858928050194073 ], [ -0.38446011474622, 50.858925391222655 ], [ -0.384458950760593, 50.858922802224733 ], [ -0.384457398791401, 50.858920283200291 ], [ -0.384455458838701, 50.858917834149295 ], [ -0.384453130902544, 50.858915455071745 ], [ -0.38445041498298, 50.858913145967634 ], [ -0.384447311080055, 50.858910906836897 ], [ -0.384443763769488, 50.858908912612485 ], [ -0.384439773051717, 50.858907163294788 ], [ -0.384435338927315, 50.858905658884261 ], [ -0.384430461395003, 50.858904399379725 ], [ -0.38442514045474, 50.858903384781115 ], [ -0.384419376106473, 50.858902615088397 ], [ -0.384413168350135, 50.858902090301491 ], [ -0.384406517185646, 50.858901810420349 ], [ -0.384400697417614, 50.858901635496963 ], [ -0.384395709045985, 50.858901565531475 ], [ -0.384391552070723, 50.858901600524014 ], [ -0.384388226491798, 50.858901740474636 ], [ -0.384385732309192, 50.858901985383433 ], [ -0.384384069522901, 50.858902335250448 ], [ -0.384383238132933, 50.85890279007571 ], [ -0.384383238139303, 50.858903349859247 ], [ -0.384382739309481, 50.858903979616585 ], [ -0.384381741643446, 50.858904679347688 ], [ -0.384380245141167, 50.858905449052592 ], [ -0.384378249802614, 50.85890628873122 ], [ -0.384375755627755, 50.858907198383569 ], [ -0.384372762617097, 50.858908178010097 ], [ -0.384369270770521, 50.858909227610702 ], [ -0.384365280087571, 50.858910347184988 ], [ -0.384361899097742, 50.85891174664998 ], [ -0.384359127801022, 50.858913426005735 ], [ -0.384356966197427, 50.858915385252331 ], [ -0.384355414286992, 50.858917624389775 ], [ -0.384354472069777, 50.858920143418089 ], [ -0.38435413954586, 50.858922942337287 ], [ -0.384354416715343, 50.858926021147404 ], [ -0.384355303578351, 50.858929379848412 ], [ -0.38435668927526, 50.858932493643266 ], [ -0.38435857380615, 50.858935362531952 ], [ -0.384360957171084, 50.858937986514462 ], [ -0.38436383937011, 50.858940365590733 ], [ -0.384367220403261, 50.858942499760758 ], [ -0.384371100270552, 50.858944389024487 ], [ -0.384375478971987, 50.858946033381869 ], [ -0.38438035650755, 50.858947432832849 ], [ -0.384385289467482, 50.858948657351419 ], [ -0.38439027785173, 50.858949706937565 ], [ -0.384395321660244, 50.858950581591294 ], [ -0.38440042089297, 50.858951281312585 ], [ -0.384405575549856, 50.858951806101445 ], [ -0.384410785630845, 50.858952155957851 ], [ -0.384416051135879, 50.858952330881827 ], [ -0.384421372064904, 50.858952330873315 ], [ -0.384426360434242, 50.858952190919339 ], [ -0.384431016243854, 50.858951911019943 ], [ -0.384435339493701, 50.858951491175155 ], [ -0.384439330183754, 50.85895093138501 ], [ -0.384442988313988, 50.858950231649551 ], [ -0.384446313884383, 50.858949391968821 ], [ -0.384449306894928, 50.858948412342812 ] ] ] } },
{ "type": "Feature", "properties": { "fid": 105, "pit_id": 105, "mon_name": "Flint Mine Pit Group 10", "site": "Cissbury Ring", "mon_type": "Flint mine pit group", "nhle_id": null, "mon_uid": "MNA147507", "src_shot": "142733", "full_label": "Flint Mine Pit Group 10, Cissbury Ring", "area_m2": 25.24, "perim_m": 18.11, "diam_m": 5.67 }, "geometry": { "type": "Polygon", "coordinates": [ [ [ -0.384863673966419, 50.858925740442373 ], [ -0.384864117370673, 50.858925180657749 ], [ -0.384864893333327, 50.858924620872493 ], [ -0.38486600185437, 50.858924061086618 ], [ -0.384867442933793, 50.85892350130009 ], [ -0.38486921657158, 50.858922941512915 ], [ -0.384871322767721, 50.85892238172508 ], [ -0.384873761522206, 50.858921821936562 ], [ -0.384876532835022, 50.858921262147334 ], [ -0.384879636706158, 50.858920702357388 ], [ -0.384882352592069, 50.858920107581646 ], [ -0.384884680492763, 50.858919477820116 ], [ -0.38488662040825, 50.858918813072854 ], [ -0.384888172338541, 50.858918113339847 ], [ -0.38488933628365, 50.858917378621122 ], [ -0.384890112243592, 50.858916608916694 ], [ -0.384890500218384, 50.858915804226591 ], [ -0.384890500208046, 50.858914964550785 ], [ -0.384890611051366, 50.858914194847742 ], [ -0.384890832748341, 50.85891349511747 ], [ -0.384891165298964, 50.858912865359947 ], [ -0.384891608703234, 50.858912305575195 ], [ -0.384892162961149, 50.858911815763214 ], [ -0.384892828072709, 50.858911395923982 ], [ -0.384893604037912, 50.858911046057514 ], [ -0.38489449085676, 50.858910766163788 ], [ -0.384895211392535, 50.858910171391855 ], [ -0.384895765645229, 50.858909261741694 ], [ -0.38489615361484, 50.858908037213297 ], [ -0.384896375302384, 50.85890649780761 ], [ -0.384896430707543, 50.858904643524312 ], [ -0.38489631982994, 50.858902474363049 ], [ -0.3848960426696, 50.858899990323842 ], [ -0.384895599226554, 50.858897191406669 ], [ -0.384894767800189, 50.858894532436146 ], [ -0.38489354839057, 50.858892013412245 ], [ -0.384891940997744, 50.858889634334979 ], [ -0.384889945621763, 50.858887395204327 ], [ -0.384887562262662, 50.858885296020247 ], [ -0.384884790920474, 50.858883336782739 ], [ -0.384881631595224, 50.858881517491795 ], [ -0.384878084286932, 50.858879838147338 ], [ -0.384874426129265, 50.858878438695051 ], [ -0.384870657122169, 50.858877319134955 ], [ -0.384866777265584, 50.858876479467 ], [ -0.384862786559446, 50.858875919691194 ], [ -0.384858685004396, 50.858875639807216 ], [ -0.384854472602658, 50.858875639814059 ], [ -0.384850149351248, 50.858875919712986 ], [ -0.38484571525009, 50.858876479503941 ], [ -0.384841558283562, 50.858877284199735 ], [ -0.384837678451614, 50.858878333800391 ], [ -0.384834075754201, 50.858879628305928 ], [ -0.384830750191289, 50.858881167716397 ], [ -0.384827701762853, 50.858882952031784 ], [ -0.384824930468876, 50.858884981252139 ], [ -0.384822436309347, 50.858887255377468 ], [ -0.384820219284267, 50.858889774407793 ], [ -0.38481839024298, 50.858892258450858 ], [ -0.384816949185551, 50.8588947075067 ], [ -0.384815896112045, 50.858897121575303 ], [ -0.384815231022523, 50.858899500656719 ], [ -0.384814953917047, 50.858901844750896 ], [ -0.384815064795673, 50.8589041538579 ], [ -0.384815563658464, 50.858906427977686 ], [ -0.384816450506458, 50.858908667111159 ], [ -0.384817337352153, 50.858910626353641 ], [ -0.384818224194439, 50.858912305704131 ], [ -0.3848191110333, 50.858913705162635 ], [ -0.384819997868722, 50.858914824729148 ], [ -0.384820884700689, 50.858915664403689 ], [ -0.384821771529183, 50.858916224186238 ], [ -0.384822658354191, 50.858916504076802 ], [ -0.3848235451757, 50.858916504075388 ], [ -0.384824376572141, 50.858916609033521 ], [ -0.384825152543526, 50.858916818951201 ], [ -0.384825873089854, 50.858917133828442 ], [ -0.384826538211132, 50.858917553665243 ], [ -0.384827147907363, 50.858918078461578 ], [ -0.384827702178547, 50.858918708217502 ], [ -0.384828201024687, 50.858919442932965 ], [ -0.384828644445782, 50.85892028260799 ], [ -0.384829531277139, 50.858921087295883 ], [ -0.384830861518779, 50.858921856996623 ], [ -0.384832635170719, 50.858922591710197 ], [ -0.38483485223298, 50.858923291436597 ], [ -0.384837512705573, 50.858923956175794 ], [ -0.384840616588515, 50.858924585927753 ], [ -0.384844163881817, 50.858925180692445 ], [ -0.384848154585488, 50.858925740469822 ], [ -0.384851701876783, 50.858926160301863 ], [ -0.384854805755656, 50.858926440188611 ], [ -0.384857466222072, 50.858926580130095 ], [ -0.384859683276171, 50.85892658012628 ], [ -0.384861456919168, 50.858926440176653 ], [ -0.384862787149253, 50.85892616028201 ], [ -0.384863673966419, 50.858925740442373 ] ] ] } },
{ "type": "Feature", "properties": { "fid": 106, "pit_id": 106, "mon_name": "Flint Mine Pit Group 10", "site": "Cissbury Ring", "mon_type": "Flint mine pit group", "nhle_id": null, "mon_uid": "MNA147507", "src_shot": "142733", "full_label": "Flint Mine Pit Group 10, Cissbury Ring", "area_m2": 69.91, "perim_m": 35.75, "diam_m": 9.43 }, "geometry": { "type": "Polygon", "coordinates": [ [ [ -0.384181713464052, 50.85934921602761 ], [ -0.38418393050389, 50.859348096466668 ], [ -0.384186147542068, 50.859346836960952 ], [ -0.384188364578565, 50.859345437510505 ], [ -0.384190581613363, 50.859343898115299 ], [ -0.384192798646439, 50.859342218775346 ], [ -0.384195015677777, 50.859340399490641 ], [ -0.384197232707352, 50.859338440261176 ], [ -0.384199449735148, 50.859336341086966 ], [ -0.384201666761142, 50.859334101967988 ], [ -0.384203606652721, 50.859331652932127 ], [ -0.384205269409899, 50.859328993979332 ], [ -0.384206655032701, 50.859326125109675 ], [ -0.384207763521158, 50.859323046323127 ], [ -0.384208594875309, 50.859319757619716 ], [ -0.384209149095199, 50.859316258999435 ], [ -0.384209426180883, 50.859312550462285 ], [ -0.38420942613242, 50.859308632008286 ], [ -0.384209259808303, 50.859304993444027 ], [ -0.38420892720857, 50.85930163476953 ], [ -0.384208428333252, 50.859298555984758 ], [ -0.384207763182374, 50.859295757089718 ], [ -0.384206931755953, 50.85929323808444 ], [ -0.384205934054005, 50.859290998968888 ], [ -0.384204770076536, 50.859289039743054 ], [ -0.384203439823548, 50.859287360406952 ], [ -0.38420177701467, 50.859285856002543 ], [ -0.384199781649916, 50.859284526529756 ], [ -0.384197453729296, 50.85928337198861 ], [ -0.384194793252807, 50.859282392379086 ], [ -0.38419180022044, 50.859281587701147 ], [ -0.38418847463218, 50.859280957954766 ], [ -0.384184816488006, 50.859280503139928 ], [ -0.384180825787886, 50.85928022325659 ], [ -0.384177056794966, 50.859280083317728 ], [ -0.384173509509208, 50.859280083323306 ], [ -0.384170183930584, 50.859280223273394 ], [ -0.384167080059063, 50.859280503167987 ], [ -0.384164197894621, 50.859280923007098 ], [ -0.384161537437239, 50.85928148279077 ], [ -0.384159098686898, 50.859282182518974 ], [ -0.384156881643589, 50.859283022191768 ], [ -0.384154664598929, 50.859283756905903 ], [ -0.384152447552931, 50.859284386661393 ], [ -0.384150230505614, 50.859284911458232 ], [ -0.38414801345699, 50.859285331296405 ], [ -0.384145796407076, 50.85928564617592 ], [ -0.384143579355886, 50.859285856096811 ], [ -0.384141362303434, 50.85928596105903 ], [ -0.384139145249737, 50.859285961062604 ], [ -0.384137205325129, 50.859285751148377 ], [ -0.384135542529633, 50.859285331316357 ], [ -0.384134156863264, 50.859284701566565 ], [ -0.384133048326027, 50.859283861899009 ], [ -0.384132216917924, 50.859282812313687 ], [ -0.384131662638947, 50.859281552810629 ], [ -0.384131385489079, 50.859280083389805 ], [ -0.384131385468299, 50.859278404051238 ], [ -0.384131219171071, 50.859276934630273 ], [ -0.38413088659741, 50.859275675126909 ], [ -0.384130387747325, 50.859274625541133 ], [ -0.384129722620822, 50.859273785872936 ], [ -0.384128891217901, 50.859273156122342 ], [ -0.384127893538557, 50.859272736289327 ], [ -0.384126729582782, 50.859272526373893 ], [ -0.384125399350561, 50.859272526376039 ], [ -0.384124069117011, 50.859272421419483 ], [ -0.38412273888214, 50.859272211504269 ], [ -0.384121408645956, 50.859271896630354 ], [ -0.384120078408469, 50.859271476797772 ], [ -0.384118748169687, 50.859270952006497 ], [ -0.38411741792962, 50.859270322256535 ], [ -0.384116087688276, 50.859269587547892 ], [ -0.384114757445664, 50.859268747880577 ], [ -0.384112817514581, 50.859268013173093 ], [ -0.384110267895043, 50.859267383425411 ], [ -0.384107108587061, 50.85926685863749 ], [ -0.384103339590632, 50.859266438809307 ], [ -0.384098960905752, 50.859266123940778 ], [ -0.384093972532403, 50.859265914031823 ], [ -0.384088374470561, 50.859265809082395 ], [ -0.384082166720197, 50.859265809092392 ], [ -0.384076624087751, 50.859265949045977 ], [ -0.384071746573179, 50.85926622894322 ], [ -0.384067534176446, 50.859266648784249 ], [ -0.384063986897529, 50.859267208569101 ], [ -0.384061104736421, 50.859267908297852 ], [ -0.384058887693124, 50.859268747970546 ], [ -0.384057335767652, 50.859269727587218 ], [ -0.384056448960033, 50.859270847147904 ], [ -0.384055617582683, 50.859272281584353 ], [ -0.384054841635591, 50.859274030896572 ], [ -0.384054121118746, 50.85927609508456 ], [ -0.38405345603214, 50.859278474148311 ], [ -0.384052846375767, 50.859281168087826 ], [ -0.384052292149623, 50.859284176903117 ], [ -0.384051793353706, 50.859287500594185 ], [ -0.384051349988014, 50.859291139161016 ], [ -0.384051239176314, 50.859294462851352 ], [ -0.384051460918678, 50.859297471665194 ], [ -0.384052015215165, 50.859300165602548 ], [ -0.384052902065824, 50.8593025446634 ], [ -0.384054121470691, 50.859304608847765 ], [ -0.384055673429783, 50.859306358155607 ], [ -0.384057557943111, 50.859307792586904 ], [ -0.384059775010665, 50.859308912141692 ], [ -0.384062435486868, 50.859309856764909 ], [ -0.384065539371718, 50.859310626456526 ], [ -0.384069086665203, 50.859311221216508 ], [ -0.384073077367302, 50.859311641044847 ], [ -0.384077511477981, 50.859311885941459 ], [ -0.384082388997202, 50.8593119559063 ], [ -0.384087709924912, 50.859311850939328 ], [ -0.384093474261048, 50.859311571040479 ], [ -0.384098462632596, 50.859311641004517 ], [ -0.384102675039657, 50.859312060831584 ], [ -0.384106111482304, 50.859312830521738 ], [ -0.384108771960573, 50.859313950075041 ], [ -0.384110656474468, 50.859315419491566 ], [ -0.384111765023955, 50.859317238771347 ], [ -0.384112097608968, 50.859319407914391 ], [ -0.384111654229406, 50.859321926920707 ], [ -0.384111543407707, 50.859324445926383 ], [ -0.384111765143928, 50.859326964931384 ], [ -0.384112319438121, 50.859329483935738 ], [ -0.38411320629034, 50.859332002939439 ], [ -0.38411442570064, 50.859334521942451 ], [ -0.384115977669072, 50.859337040944801 ], [ -0.384117862195692, 50.859339559946449 ], [ -0.384120079280554, 50.859342078947385 ], [ -0.384122739772738, 50.859344318058376 ], [ -0.384125843672261, 50.859346277279343 ], [ -0.384129390979129, 50.859347956610279 ], [ -0.384133381693323, 50.859349356051112 ], [ -0.384137815814816, 50.859350475601858 ], [ -0.384142693343559, 50.859351315262387 ], [ -0.384148014279493, 50.859351875032708 ], [ -0.384153778622538, 50.859352154912735 ], [ -0.384159099552837, 50.859352259862469 ], [ -0.384163977070324, 50.85935218988196 ], [ -0.384168411174945, 50.85935194497128 ], [ -0.384172401866658, 50.859351525130442 ], [ -0.384175949145428, 50.859350930359533 ], [ -0.38417905301123, 50.859350160658579 ], [ -0.384181713464052, 50.85934921602761 ] ] ] } },
{ "type": "Feature", "properties": { "fid": 107, "pit_id": 107, "mon_name": "Flint Mine Pit Group 10", "site": "Cissbury Ring", "mon_type": "Flint mine pit group", "nhle_id": null, "mon_uid": "MNA147507", "src_shot": "142733", "full_label": "Flint Mine Pit Group 10, Cissbury Ring", "area_m2": 25.72, "perim_m": 18.67, "diam_m": 5.72 }, "geometry": { "type": "Polygon", "coordinates": [ [ [ -0.38497452576242, 50.858840373181152 ], [ -0.384980290107252, 50.858840373169734 ], [ -0.384985389334223, 50.858840268199842 ], [ -0.384989823443298, 50.858840058271561 ], [ -0.384993592434455, 50.858839743384983 ], [ -0.38499669630768, 50.858839323540145 ], [ -0.384999135062972, 50.858838798737104 ], [ -0.385000908700331, 50.858838168975943 ], [ -0.385002017219776, 50.858837434256635 ], [ -0.385002460621327, 50.858836594579238 ], [ -0.385002959450461, 50.858835859861287 ], [ -0.385003513707179, 50.858835230102812 ], [ -0.385004123391482, 50.858834705303778 ], [ -0.385004788503373, 50.858834285464205 ], [ -0.385005509042855, 50.858833970584087 ], [ -0.385006285009931, 50.858833760663416 ], [ -0.385007116404607, 50.85883365570222 ], [ -0.385008003226889, 50.858833655700451 ], [ -0.385008779195191, 50.858833550739334 ], [ -0.38500944430951, 50.858833340818833 ], [ -0.385009998569843, 50.858833025938985 ], [ -0.385010441976189, 50.858832606099774 ], [ -0.385010774528546, 50.858832081301188 ], [ -0.385010996226917, 50.858831451543267 ], [ -0.385011107071305, 50.858830716825977 ], [ -0.385011107061714, 50.858829877149326 ], [ -0.385011217906111, 50.858829142432043 ], [ -0.385011439604494, 50.858828512674116 ], [ -0.385011772156857, 50.858827987875557 ], [ -0.3850122155632, 50.858827568036375 ], [ -0.385012769823524, 50.858827253156541 ], [ -0.385013434937829, 50.858827043236083 ], [ -0.385014210906119, 50.858826938274959 ], [ -0.385015097728398, 50.858826938273204 ], [ -0.385015873695506, 50.858826728352462 ], [ -0.385016538807433, 50.858826308512704 ], [ -0.385017093064172, 50.858825678753988 ], [ -0.385017536465722, 50.858824839076263 ], [ -0.385017869012081, 50.858823789479558 ], [ -0.385018090703252, 50.858822529963867 ], [ -0.38501820153924, 50.858821060529195 ], [ -0.385018201520057, 50.858819381175529 ], [ -0.385017979794398, 50.858817631849163 ], [ -0.385017536362294, 50.858815812550091 ], [ -0.38501687122377, 50.858813923278284 ], [ -0.385015984378857, 50.858811964033777 ], [ -0.385014875827588, 50.858809934816527 ], [ -0.385013545569996, 50.85880783562655 ], [ -0.385011993606118, 50.858805666463844 ], [ -0.385010219935991, 50.858803427328397 ], [ -0.385008169135896, 50.858801363126268 ], [ -0.385005841205848, 50.858799473857431 ], [ -0.385003236145854, 50.858797759521892 ], [ -0.385000353955917, 50.858796220119622 ], [ -0.384997194636033, 50.858794855650601 ], [ -0.384993758186191, 50.858793666114806 ], [ -0.384990044606376, 50.858792651512204 ], [ -0.384986053896561, 50.858791811842799 ], [ -0.38498256202641, 50.858791147105052 ], [ -0.38497956899586, 50.858790657299032 ], [ -0.384977074804858, 50.858790342424776 ], [ -0.384975079453367, 50.858790202482318 ], [ -0.38497358294136, 50.85879023747168 ], [ -0.384972585268819, 50.85879044739287 ], [ -0.38497208643574, 50.858790832245909 ], [ -0.384972086442131, 50.858791392030824 ], [ -0.384971698463405, 50.858791916829972 ], [ -0.384970922499555, 50.858792406643374 ], [ -0.384969758550567, 50.858792861471009 ], [ -0.384968206616434, 50.858793281312884 ], [ -0.38496626669715, 50.858793666168964 ], [ -0.384963938792708, 50.858794016039234 ], [ -0.384961222903107, 50.858794330923658 ], [ -0.384958119028345, 50.858794610822237 ], [ -0.384955403139115, 50.858794960693089 ], [ -0.384953075235413, 50.858795380536215 ], [ -0.384951135317239, 50.85879587035167 ], [ -0.384949583384595, 50.858796430139442 ], [ -0.384948419437487, 50.858797059899558 ], [ -0.384947643475928, 50.85879775963204 ], [ -0.384947255499929, 50.858798529336866 ], [ -0.384947255509509, 50.858799369014079 ], [ -0.384947089239129, 50.858800138718536 ], [ -0.384946756688782, 50.858800838450207 ], [ -0.384946257858463, 50.858801468209116 ], [ -0.384945592748165, 50.858802027995246 ], [ -0.384944761357889, 50.858802517808599 ], [ -0.384943763687631, 50.858802937649195 ], [ -0.384942599737391, 50.858803287516984 ], [ -0.384941269507172, 50.858803567411996 ], [ -0.384940050132156, 50.858804057226024 ], [ -0.384938941612333, 50.858804756959053 ], [ -0.384937943947689, 50.858805666611083 ], [ -0.384937057138219, 50.858806786182157 ], [ -0.384936281183919, 50.858808115672225 ], [ -0.384935616084785, 50.858809655081316 ], [ -0.38493506184082, 50.85881140440943 ], [ -0.384934618452028, 50.858813363656566 ], [ -0.384934285915177, 50.858815252930356 ], [ -0.384934064230281, 50.858817072230792 ], [ -0.384933953397355, 50.858818821557882 ], [ -0.384933953416412, 50.858820500911612 ], [ -0.384934064287464, 50.858822110291989 ], [ -0.384934286010523, 50.858823649699026 ], [ -0.384934618585598, 50.858825119132717 ], [ -0.384935062012701, 50.858826518593048 ], [ -0.384935560864212, 50.858827743120628 ], [ -0.384936115140131, 50.858828792715443 ], [ -0.384936724840458, 50.858829667377499 ], [ -0.384937389965188, 50.858830367106798 ], [ -0.384938110514316, 50.858830891903324 ], [ -0.384938886487835, 50.858831241767092 ], [ -0.384939717885739, 50.858831416698109 ], [ -0.384940604708019, 50.858831416696354 ], [ -0.384941546958249, 50.858831556640574 ], [ -0.384942544636441, 50.85883183653079 ], [ -0.384943597742602, 50.858832256366981 ], [ -0.384944706276742, 50.85883281614916 ], [ -0.384945870238876, 50.858833515877322 ], [ -0.384947089629018, 50.858834355551458 ], [ -0.384948364447178, 50.85883533517157 ], [ -0.384949694693372, 50.858836454737663 ], [ -0.384951579201899, 50.85883743435673 ], [ -0.384954017972779, 50.858838274028699 ], [ -0.384957011006018, 50.858838973753585 ], [ -0.384960558301619, 50.858839533531324 ], [ -0.384964659859568, 50.858839953361873 ], [ -0.384969315679844, 50.858840233245182 ], [ -0.38497452576242, 50.858840373181152 ] ] ] } },
{ "type": "Feature", "properties": { "fid": 108, "pit_id": 108, "mon_name": "Flint Mine Pit Group 11", "site": "Cissbury Ring", "mon_type": "Flint mine pit group", "nhle_id": null, "mon_uid": "MNA188970", "src_shot": "142707", "full_label": "Flint Mine Pit Group 11, Cissbury Ring", "area_m2": 73.84, "perim_m": 39.49, "diam_m": 9.7 }, "geometry": { "type": "Polygon", "coordinates": [ [ [ -0.384956579320927, 50.859796755623748 ], [ -0.38495923978074, 50.859796195844808 ], [ -0.384961678534128, 50.859795566094604 ], [ -0.384963895581087, 50.859794866373178 ], [ -0.38496589092162, 50.859794096680545 ], [ -0.384967664555727, 50.859793257016676 ], [ -0.384969216483411, 50.859792347381614 ], [ -0.384970546704679, 50.859791367775365 ], [ -0.384971655219538, 50.859790318197916 ], [ -0.384972542027996, 50.859789198649302 ], [ -0.38497342883815, 50.859788219044027 ], [ -0.384974315650004, 50.859787379382105 ], [ -0.384975202463568, 50.859786679663507 ], [ -0.384976089278851, 50.859786119888255 ], [ -0.384976976095859, 50.859785700056349 ], [ -0.384977862914602, 50.859785420167782 ], [ -0.384978749735087, 50.859785280222546 ], [ -0.38497963655732, 50.859785280220663 ], [ -0.384980523373629, 50.859784790416882 ], [ -0.384981410183986, 50.859783810811187 ], [ -0.384982296988361, 50.85978234140358 ], [ -0.384983183786725, 50.859780382194081 ], [ -0.38498407057905, 50.859777933182677 ], [ -0.384984957365306, 50.85977499436936 ], [ -0.384985844145462, 50.859771565754144 ], [ -0.38498673091949, 50.859767647337002 ], [ -0.384987395993832, 50.859764218722233 ], [ -0.384987839368562, 50.85976127990984 ], [ -0.384988061043736, 50.859758830899835 ], [ -0.384988061019397, 50.859756871692205 ], [ -0.384987839295577, 50.859755402286943 ], [ -0.384987395872288, 50.85975442268407 ], [ -0.384986730749532, 50.859753932883585 ], [ -0.384985843927296, 50.859753932885468 ], [ -0.384985067956543, 50.859753827929509 ], [ -0.384984402837277, 50.859753618015723 ], [ -0.384983848569502, 50.859753303144096 ], [ -0.384983405153219, 50.859752883314655 ], [ -0.384983072588428, 50.859752358527373 ], [ -0.384982850875128, 50.859751728782271 ], [ -0.384982740013314, 50.859750994079342 ], [ -0.384982740002985, 50.859750154418585 ], [ -0.384982462861095, 50.859749349744312 ], [ -0.384981908587662, 50.859748580056461 ], [ -0.384981077182696, 50.859747845355102 ], [ -0.38497996864621, 50.859747145640185 ], [ -0.384978582978213, 50.859746480911703 ], [ -0.384976920178713, 50.85974585116967 ], [ -0.38497498024772, 50.859745256414051 ], [ -0.384972763185241, 50.859744696644832 ], [ -0.384970823254745, 50.859744136874987 ], [ -0.384969160456223, 50.859743577104538 ], [ -0.384967774789666, 50.859743017333493 ], [ -0.384966666255062, 50.859742457561843 ], [ -0.384965834852404, 50.859741897789611 ], [ -0.384965280581677, 50.859741338016804 ], [ -0.384965003442876, 50.859740778243427 ], [ -0.384965003435988, 50.859740218469447 ], [ -0.384964726298002, 50.859739728667869 ], [ -0.384964172028927, 50.859739308838606 ], [ -0.384963340628766, 50.859738958981708 ], [ -0.384962232097525, 50.85973867909712 ], [ -0.384960846435199, 50.85973846918489 ], [ -0.384959183641791, 50.859738329244976 ], [ -0.384957243717293, 50.859738259277364 ], [ -0.384955026661699, 50.859738259282061 ], [ -0.384953031310791, 50.859738189314498 ], [ -0.384951257664575, 50.859738049374691 ], [ -0.384949705723057, 50.85973783946266 ], [ -0.384948375486243, 50.859737559578413 ], [ -0.384947266954131, 50.859737209721935 ], [ -0.384946380126725, 50.859736789893262 ], [ -0.384945715004019, 50.859736300092386 ], [ -0.384945271586012, 50.859735740319294 ], [ -0.38494466189058, 50.859735320490095 ], [ -0.384943885917725, 50.859735040604747 ], [ -0.384942943667442, 50.85973490066327 ], [ -0.384941835139723, 50.85973490066565 ], [ -0.38494056033456, 50.859735040611888 ], [ -0.384939119251939, 50.85973532050199 ], [ -0.384937511891845, 50.859735740335921 ], [ -0.384935738254259, 50.859736300113703 ], [ -0.384933798336619, 50.859736789920099 ], [ -0.384931692138927, 50.859737209755131 ], [ -0.384929419661192, 50.859737559618772 ], [ -0.384926980903417, 50.85973783951102 ], [ -0.384924375865611, 50.859738049431883 ], [ -0.384921604547786, 50.859738189381311 ], [ -0.384918666949951, 50.859738259359318 ], [ -0.38491556307212, 50.859738259365891 ], [ -0.384912680893184, 50.859737734583632 ], [ -0.384910020413234, 50.859736685012564 ], [ -0.384907581632341, 50.859735110652714 ], [ -0.384905364550564, 50.859733011504076 ], [ -0.384903369167946, 50.859730387566671 ], [ -0.384901595484514, 50.85972723884052 ], [ -0.38490004350028, 50.859723565325631 ], [ -0.384898713215242, 50.859719367021981 ], [ -0.384897382936812, 50.859715693506637 ], [ -0.384896052664951, 50.859712544779597 ], [ -0.384894722399613, 50.859709920840878 ], [ -0.384893392140758, 50.859707821690471 ], [ -0.384892061888342, 50.859706247328354 ], [ -0.384890731642321, 50.85970519775455 ], [ -0.384889401402655, 50.859704672969038 ], [ -0.384888071169294, 50.859704672971844 ], [ -0.384886851787408, 50.859704568016717 ], [ -0.384885743257, 50.85970435810362 ], [ -0.384884745578079, 50.859704043232576 ], [ -0.384883858750647, 50.859703623403611 ], [ -0.384883082774709, 50.859703098616698 ], [ -0.384882417650265, 50.859702468871838 ], [ -0.384881863377315, 50.859701734169057 ], [ -0.384881419955858, 50.859700894508336 ], [ -0.384880810256083, 50.859700124819788 ], [ -0.384880034277995, 50.8596994251034 ], [ -0.384879092021599, 50.859698795359165 ], [ -0.384877983486898, 50.859698235587082 ], [ -0.384876708673892, 50.859697745787166 ], [ -0.384875267582582, 50.859697325959381 ], [ -0.384873660212965, 50.859696976103741 ], [ -0.384871886565038, 50.859696696220233 ], [ -0.384869780359669, 50.859696486309332 ], [ -0.384867341596853, 50.859696346370995 ], [ -0.384864570276583, 50.859696276405224 ], [ -0.384861466398847, 50.859696276411988 ], [ -0.384858029964973, 50.859696346390528 ], [ -0.384854260975629, 50.859696486340454 ], [ -0.384850159429068, 50.85969669626266 ], [ -0.384845725325269, 50.859696976157117 ], [ -0.384841457504604, 50.859697570924304 ], [ -0.384837355966996, 50.859698480564269 ], [ -0.384833420712368, 50.859699705076977 ], [ -0.384829651740655, 50.859701244462471 ], [ -0.384826049051796, 50.859703098720765 ], [ -0.384822612645735, 50.859705267851886 ], [ -0.384819342522428, 50.859707751855822 ], [ -0.384816238681831, 50.859710550732594 ], [ -0.384813578251682, 50.859713349608413 ], [ -0.384811361232061, 50.859716148483308 ], [ -0.384809587623045, 50.859718947357287 ], [ -0.384808257424713, 50.859721746230377 ], [ -0.384807370637145, 50.859724545102601 ], [ -0.38480692726042, 50.859727343973965 ], [ -0.384806927294617, 50.859730142844484 ], [ -0.384807370739813, 50.859732941714164 ], [ -0.38480792503382, 50.859735425710717 ], [ -0.384808590176641, 50.859737594834172 ], [ -0.384809366168281, 50.859739449084529 ], [ -0.384810253008736, 50.859740988461787 ], [ -0.384811250698003, 50.859742212965912 ], [ -0.38481235923607, 50.859743122596946 ], [ -0.384813578622921, 50.859743717354874 ], [ -0.384814908858537, 50.859743997239669 ], [ -0.384816128242331, 50.85974434709636 ], [ -0.384817236774306, 50.859744766924976 ], [ -0.384818234454463, 50.859745256725468 ], [ -0.384819121282805, 50.859745816497906 ], [ -0.384819897259328, 50.859746446242241 ], [ -0.384820562384035, 50.859747145958494 ], [ -0.384821116656921, 50.859747915646679 ], [ -0.384821560077986, 50.859748755306768 ], [ -0.384822502336016, 50.859749594966125 ], [ -0.384823943431041, 50.859750434624715 ], [ -0.384825883363087, 50.859751274282544 ], [ -0.384828322132181, 50.859752113939557 ], [ -0.384831259738351, 50.859752953595773 ], [ -0.384834696181625, 50.859753793251102 ], [ -0.38483863146203, 50.859754632905528 ], [ -0.384843065579594, 50.859755472559002 ], [ -0.384847444268836, 50.859756137283227 ], [ -0.384851767529703, 50.859756627078227 ], [ -0.384856035362145, 50.859756941943985 ], [ -0.384860247766751, 50.85975708188019 ], [ -0.384864404745909, 50.859757046885491 ], [ -0.38486850629645, 50.859756836961601 ], [ -0.384872552418328, 50.859756452108535 ], [ -0.384876543111499, 50.859755892326305 ], [ -0.384880145825745, 50.859755822346742 ], [ -0.384883360561182, 50.859756242169901 ], [ -0.384886187317894, 50.859757151795812 ], [ -0.384888626095949, 50.859758551224488 ], [ -0.384890676895386, 50.859760440455972 ], [ -0.384892339716224, 50.859762819490264 ], [ -0.384893614558449, 50.8597656883274 ], [ -0.384894501422029, 50.859769046967372 ], [ -0.384895554561323, 50.859772125720134 ], [ -0.384896773976343, 50.8597749245857 ], [ -0.3848981596671, 50.859777443564028 ], [ -0.384899711633597, 50.859779682655144 ], [ -0.38490142987583, 50.859781641859023 ], [ -0.384903314393792, 50.859783321175662 ], [ -0.384905365187467, 50.859784720605063 ], [ -0.384907582256833, 50.859785840147197 ], [ -0.384909522193469, 50.859786889718208 ], [ -0.384911184997346, 50.859787869318104 ], [ -0.384912570668439, 50.8597887789469 ], [ -0.384913679206727, 50.859789618604559 ], [ -0.384914510612189, 50.859790388291152 ], [ -0.384915064884807, 50.859791088006652 ], [ -0.384915342024567, 50.859791717751087 ], [ -0.384915342031458, 50.859792277524427 ], [ -0.384915674595813, 50.859792767325416 ], [ -0.384916339717642, 50.859793187154054 ], [ -0.384917337396952, 50.859793537010368 ], [ -0.384918667633745, 50.859793816894303 ], [ -0.384920330428022, 50.859794026805858 ], [ -0.384922325779781, 50.859794166745026 ], [ -0.384924653689015, 50.859794236711799 ], [ -0.384927314155716, 50.859794236706151 ], [ -0.384929808344084, 50.859794306672491 ], [ -0.38493213625413, 50.859794446610792 ], [ -0.384934297885861, 50.859794656521125 ], [ -0.384936293239284, 50.85979493640346 ], [ -0.384938122314407, 50.859795286257814 ], [ -0.384939785111234, 50.859795706084199 ], [ -0.384941281629766, 50.859796195882623 ], [ -0.384942611870005, 50.859796755653079 ], [ -0.384944108387742, 50.859797175479883 ], [ -0.384945771182969, 50.859797455363051 ], [ -0.384947600255673, 50.859797595302538 ], [ -0.38494959560584, 50.859797595298375 ], [ -0.384951757233452, 50.859797455350531 ], [ -0.38495408513849, 50.859797175458979 ], [ -0.384956579320927, 50.859796755623748 ] ] ] } },
{ "type": "Feature", "properties": { "fid": 109, "pit_id": 109, "mon_name": "Flint Mine Pit Group 11", "site": "Cissbury Ring", "mon_type": "Flint mine pit group", "nhle_id": null, "mon_uid": "MNA188970", "src_shot": "142707", "full_label": "Flint Mine Pit Group 11, Cissbury Ring", "area_m2": 63.94, "perim_m": 28.9, "diam_m": 9.02 }, "geometry": { "type": "Polygon", "coordinates": [ [ [ -0.384859920214712, 50.860163685780279 ], [ -0.384864354325753, 50.86016368577058 ], [ -0.384868234172073, 50.860163615790839 ], [ -0.384871559753657, 50.860163475841134 ], [ -0.384874331070491, 50.860163265921464 ], [ -0.384876548122572, 50.860162986031909 ], [ -0.384878210909898, 50.860162636172468 ], [ -0.384879319432474, 50.860162216343205 ], [ -0.384879873690309, 50.860161726544121 ], [ -0.38487987368342, 50.860161166775192 ], [ -0.384880095382948, 50.860160676976932 ], [ -0.384880538788891, 50.860160257149303 ], [ -0.384881203901244, 50.860159907292307 ], [ -0.384882090720006, 50.860159627405956 ], [ -0.384883199245177, 50.86015941749023 ], [ -0.384884529476758, 50.860159277545144 ], [ -0.384886081414754, 50.860159207570668 ], [ -0.38488785505917, 50.860159207566774 ], [ -0.384889794981116, 50.860159067620323 ], [ -0.384891901180569, 50.860158787731294 ], [ -0.384894173657512, 50.860158367899651 ], [ -0.384896612411918, 50.860157808125408 ], [ -0.384899217443758, 50.860157108408572 ], [ -0.384901988753003, 50.860156268749087 ], [ -0.384904926339621, 50.860155289146974 ], [ -0.384908030203572, 50.86015416960219 ], [ -0.384910801508692, 50.860153015072491 ], [ -0.384913240254997, 50.860151825557878 ], [ -0.384915346442509, 50.860150601058372 ], [ -0.384917120071245, 50.860149341574008 ], [ -0.384918561141231, 50.860148047104751 ], [ -0.38491966965249, 50.860146717650672 ], [ -0.384920445605047, 50.860145353211756 ], [ -0.384920888998927, 50.860143953788004 ], [ -0.384921387820912, 50.860142694306418 ], [ -0.384921942071, 50.860141574766985 ], [ -0.384922551749191, 50.860140595169703 ], [ -0.384923216855489, 50.86013975551456 ], [ -0.384923937389897, 50.860139055801582 ], [ -0.384924713352419, 50.86013849603075 ], [ -0.384925544743059, 50.860138076202084 ], [ -0.384926431561825, 50.860137796315549 ], [ -0.384927207523522, 50.860137166573402 ], [ -0.384927872628136, 50.860136186975616 ], [ -0.38492842687566, 50.860134857522254 ], [ -0.38492887026609, 50.860133178213253 ], [ -0.384929202799426, 50.860131149048669 ], [ -0.384929424475677, 50.860128770028439 ], [ -0.384929535294849, 50.860126041152604 ], [ -0.384929535256959, 50.860122962421173 ], [ -0.384929091807658, 50.860119883690544 ], [ -0.384928204947029, 50.860116804960725 ], [ -0.384926874675163, 50.86011372623171 ], [ -0.384925100992144, 50.860110647503468 ], [ -0.384922883898064, 50.860107568776002 ], [ -0.384920223393008, 50.860104490049267 ], [ -0.384917119477064, 50.860101411323249 ], [ -0.384913572150321, 50.860098332597893 ], [ -0.384910246533313, 50.860095568742409 ], [ -0.384907142625935, 50.860093119756804 ], [ -0.38490426042809, 50.860090985641108 ], [ -0.384901599939691, 50.860089166395319 ], [ -0.384899161160659, 50.860087662019467 ], [ -0.384896944090922, 50.860086472513565 ], [ -0.384894948730422, 50.860085597877614 ], [ -0.384893175079105, 50.860085038111649 ], [ -0.384890902591162, 50.860084548318127 ], [ -0.3848881312666, 50.860084128497057 ], [ -0.38488486110542, 50.860083778648381 ], [ -0.384881092107621, 50.860083498772028 ], [ -0.384876824273195, 50.860083288868005 ], [ -0.384872057602132, 50.860083148936226 ], [ -0.384866792094416, 50.860083078976629 ], [ -0.384861027750027, 50.860083078989156 ], [ -0.384855983952765, 50.860083148969217 ], [ -0.384851660700097, 50.860083288918396 ], [ -0.384848057990686, 50.860083498837561 ], [ -0.384845175824524, 50.860083778726789 ], [ -0.384843014201612, 50.860084128586109 ], [ -0.384841573121953, 50.860084548415585 ], [ -0.384840852585561, 50.860085038215217 ], [ -0.384840852592455, 50.860085597985048 ], [ -0.384840575467244, 50.860086122769737 ], [ -0.384840021209921, 50.860086612569283 ], [ -0.384839189820479, 50.860087067383695 ], [ -0.38483808129891, 50.86008748721293 ], [ -0.384836695645212, 50.860087872057015 ], [ -0.384835032859382, 50.860088221915923 ], [ -0.384833092941414, 50.860088536789661 ], [ -0.384830875891311, 50.860088816678193 ], [ -0.384828714269326, 50.860089236509054 ], [ -0.38482660807544, 50.860089796282224 ], [ -0.384824557309639, 50.860090495997731 ], [ -0.384822561971906, 50.860091335655575 ], [ -0.384820622062225, 50.860092315255756 ], [ -0.384818737580582, 50.860093434798252 ], [ -0.384816908526965, 50.860094694283106 ], [ -0.38481513490136, 50.860096093710283 ], [ -0.384813416704733, 50.860097703050862 ], [ -0.384811753937065, 50.86009952230485 ], [ -0.384810146598341, 50.860101551472226 ], [ -0.384808594688543, 50.860103790553005 ], [ -0.384807098207661, 50.860106239547186 ], [ -0.38480565715568, 50.86010889845479 ], [ -0.38480427153259, 50.860111767275797 ], [ -0.384802941338383, 50.860114846010184 ], [ -0.384802109981715, 50.860117994714699 ], [ -0.384801777462684, 50.860121213389334 ], [ -0.38480194378139, 50.86012450203409 ], [ -0.384802608937937, 50.860127860648994 ], [ -0.384803772932438, 50.860131289233998 ], [ -0.384805435765004, 50.860134787789093 ], [ -0.384807597435757, 50.860138356314287 ], [ -0.384810257944818, 50.860141994809545 ], [ -0.384812752169562, 50.860145178492573 ], [ -0.384815080109886, 50.860147907363412 ], [ -0.384817241765692, 50.86015018142205 ], [ -0.384819237136894, 50.860152000668499 ], [ -0.384821066223419, 50.860153365102789 ], [ -0.384822729025197, 50.860154274724913 ], [ -0.384824225542172, 50.860154729534884 ], [ -0.384825555774296, 50.860154729532688 ], [ -0.384826719728259, 50.860154799501885 ], [ -0.38482771740407, 50.860154939442474 ], [ -0.384828548801729, 50.860155149354433 ], [ -0.384829213921238, 50.8601554292378 ], [ -0.384829712762596, 50.86015577909258 ], [ -0.384830045325804, 50.860156198918737 ], [ -0.384830211610857, 50.860156688716316 ], [ -0.384830211617749, 50.86015724848528 ], [ -0.384830433329969, 50.860157808253888 ], [ -0.384830876747521, 50.860158368022141 ], [ -0.384831541870415, 50.860158927790039 ], [ -0.384832428698659, 50.860159487557553 ], [ -0.384833537232261, 50.860160047324705 ], [ -0.384834867471227, 50.860160607091487 ], [ -0.384836419415568, 50.860161166857871 ], [ -0.38483819306529, 50.860161726623886 ], [ -0.384840299272198, 50.860162216418296 ], [ -0.38484273803629, 50.860162636241121 ], [ -0.384845509357567, 50.860162986092327 ], [ -0.384848613236023, 50.860163265971892 ], [ -0.384852049671652, 50.860163475879794 ], [ -0.384855818664444, 50.860163615815992 ], [ -0.384859920214712, 50.860163685780279 ] ] ] } },
{ "type": "Feature", "properties": { "fid": 110, "pit_id": 110, "mon_name": "Flint Mine Pit Group 11", "site": "Cissbury Ring", "mon_type": "Flint mine pit group", "nhle_id": null, "mon_uid": "MNA188970", "src_shot": "142707", "full_label": "Flint Mine Pit Group 11, Cissbury Ring", "area_m2": 55.75, "perim_m": 26.84, "diam_m": 8.43 }, "geometry": { "type": "Polygon", "coordinates": [ [ [ -0.384724237227714, 50.860219662860423 ], [ -0.384730444977588, 50.860219662850206 ], [ -0.384735876757896, 50.860219592869967 ], [ -0.384740532568616, 50.8602194529198 ], [ -0.384744412409729, 50.860219242999825 ], [ -0.384747516281229, 50.860218963110093 ], [ -0.384749844183114, 50.860218613250687 ], [ -0.38475139611539, 50.86021819342163 ], [ -0.384752172078069, 50.860217703622979 ], [ -0.384752172071172, 50.86021714385474 ], [ -0.384752282917818, 50.860216654057332 ], [ -0.384752504618001, 50.860216234230805 ], [ -0.384752837171722, 50.860215884375116 ], [ -0.384753280578978, 50.860215604490286 ], [ -0.384753834839771, 50.860215394576279 ], [ -0.384754499954101, 50.860215254633133 ], [ -0.38475527592197, 50.860215184660831 ], [ -0.38475616274338, 50.860215184659367 ], [ -0.384757382119145, 50.860214869787683 ], [ -0.384758934049234, 50.860214240045799 ], [ -0.384760818533599, 50.860213295433674 ], [ -0.384763035572184, 50.860212035951299 ], [ -0.384765585164919, 50.860210461598662 ], [ -0.384768467311716, 50.860208572375704 ], [ -0.384771682012479, 50.860206368282441 ], [ -0.384775229267094, 50.860203849318829 ], [ -0.38477833311118, 50.860201365341283 ], [ -0.384780993544812, 50.860198916349809 ], [ -0.384783210568067, 50.860196502344444 ], [ -0.384784984181015, 50.860194123325236 ], [ -0.38478631438373, 50.860191779292187 ], [ -0.384787201176279, 50.860189470245309 ], [ -0.384787644558731, 50.86018719618464 ], [ -0.38478764453115, 50.860184957110157 ], [ -0.384787422797222, 50.8601826480648 ], [ -0.38478697935698, 50.86018026904862 ], [ -0.384786314210461, 50.86017782006158 ], [ -0.3847854273577, 50.860175301103652 ], [ -0.384784318798741, 50.860172712174901 ], [ -0.38478298853362, 50.860170053275262 ], [ -0.384781436562384, 50.860167324404742 ], [ -0.384779662885076, 50.860164525563341 ], [ -0.384777944638562, 50.860162076577382 ], [ -0.384776281822795, 50.86015997744687 ], [ -0.384774674437731, 50.860158228171805 ], [ -0.384773122483326, 50.860156828752189 ], [ -0.384771625959546, 50.860155779188005 ], [ -0.384770184866353, 50.860155079479284 ], [ -0.384768799203711, 50.860154729626018 ], [ -0.384767468971586, 50.860154729628206 ], [ -0.384766249590832, 50.860154624673505 ], [ -0.384765141061453, 50.860154414761922 ], [ -0.384764143383456, 50.860154099893464 ], [ -0.384763256556847, 50.860153680068123 ], [ -0.384762480581624, 50.860153155285914 ], [ -0.384761815457793, 50.860152525546823 ], [ -0.384761261185352, 50.860151790850857 ], [ -0.3847608177643, 50.860150951198037 ], [ -0.384759653801176, 50.860150146532106 ], [ -0.384757769296014, 50.860149376853087 ], [ -0.384755164248849, 50.860148642160887 ], [ -0.384751838659708, 50.860147942455534 ], [ -0.384747792528617, 50.860147277736893 ], [ -0.384743025855601, 50.860146648004928 ], [ -0.38473753864068, 50.860146053259548 ], [ -0.384731330883869, 50.86014549350066 ], [ -0.38472534483667, 50.860145248611374 ], [ -0.384719580498953, 50.860145318591755 ], [ -0.384714037870608, 50.860145703441816 ], [ -0.384708716951524, 50.860146403161579 ], [ -0.384703617741604, 50.860147417751115 ], [ -0.384698740240759, 50.860148747210403 ], [ -0.384694084448908, 50.860150391539506 ], [ -0.384689650365979, 50.860152350738431 ], [ -0.384685604269493, 50.860154484864246 ], [ -0.384681946159458, 50.860156793916971 ], [ -0.384678676035887, 50.86015927789667 ], [ -0.384675793898807, 50.860161936803358 ], [ -0.384673299748245, 50.860164770637056 ], [ -0.384671193584247, 50.860167779397806 ], [ -0.384669475406859, 50.860170963085622 ], [ -0.384668145216143, 50.860174321700526 ], [ -0.384667313862096, 50.860177680314365 ], [ -0.384666981344824, 50.860181038927159 ], [ -0.384667147664437, 50.860184397538916 ], [ -0.384667812821039, 50.860187756149621 ], [ -0.384668976814739, 50.860191114759289 ], [ -0.384670639645645, 50.860194473367891 ], [ -0.384672801313863, 50.860197831975391 ], [ -0.384675461819503, 50.860201190581776 ], [ -0.384678066894296, 50.860204164347422 ], [ -0.384680616538172, 50.860206753272323 ], [ -0.38468311075106, 50.86020895735647 ], [ -0.384685549532893, 50.860210776599892 ], [ -0.384687932883603, 50.860212211002576 ], [ -0.384690260803129, 50.860213260564528 ], [ -0.384692533291409, 50.860213925285748 ], [ -0.384694750348386, 50.860214205166244 ], [ -0.384696690274118, 50.860214520032656 ], [ -0.384698353068601, 50.860214869885041 ], [ -0.384699738731835, 50.860215254723386 ], [ -0.384700847263814, 50.860215674547696 ], [ -0.384701678664534, 50.860216129357973 ], [ -0.384702232933989, 50.860216619154237 ], [ -0.38470251007217, 50.860217143936495 ], [ -0.38470251007907, 50.860217703704741 ], [ -0.384703286053812, 50.860218193500835 ], [ -0.38470483799642, 50.860218613324783 ], [ -0.384707165906907, 50.860218963176536 ], [ -0.384710269785282, 50.860219243056044 ], [ -0.384714149631546, 50.86021945296325 ], [ -0.384718805445694, 50.860219592898069 ], [ -0.384724237227714, 50.860219662860423 ] ] ] } },
{ "type": "Feature", "properties": { "fid": 111, "pit_id": 111, "mon_name": "Flint Mine Pit Group 11", "site": "Cissbury Ring", "mon_type": "Flint mine pit group", "nhle_id": null, "mon_uid": "MNA188970", "src_shot": "142707", "full_label": "Flint Mine Pit Group 11, Cissbury Ring", "area_m2": 47.77, "perim_m": 24.88, "diam_m": 7.8 }, "geometry": { "type": "Polygon", "coordinates": [ [ [ -0.384600967198344, 50.860069225109434 ], [ -0.384605401288192, 50.860067825677064 ], [ -0.384609281115328, 50.860066496216703 ], [ -0.384612606679812, 50.860065236728403 ], [ -0.384615377981705, 50.860064047212219 ], [ -0.38461759502106, 50.86006292766816 ], [ -0.384619257797926, 50.860061878096296 ], [ -0.384620366312347, 50.860060898496634 ], [ -0.384620920564363, 50.860059988869182 ], [ -0.384620920554008, 50.860059149213974 ], [ -0.384621086822702, 50.860058309558475 ], [ -0.384621419370433, 50.860057469902692 ], [ -0.384621918197196, 50.860056630246646 ], [ -0.38462258330298, 50.860055790590287 ], [ -0.384623414687776, 50.860054950933659 ], [ -0.384624412351575, 50.860054111276739 ], [ -0.384625576294369, 50.86005327161952 ], [ -0.38462690651615, 50.860052431961989 ], [ -0.384628070455882, 50.860051347405154 ], [ -0.38462906811356, 50.860050017949007 ], [ -0.38462989948918, 50.860048443593534 ], [ -0.384630564582749, 50.860046624338757 ], [ -0.384631063394271, 50.860044560184669 ], [ -0.384631395923762, 50.86004225113129 ], [ -0.384631562171239, 50.860039697178593 ], [ -0.384631562136725, 50.860036898326605 ], [ -0.384631451251645, 50.860034274402992 ], [ -0.384631229516018, 50.860031825407724 ], [ -0.384630896929856, 50.860029551340851 ], [ -0.384630453493174, 50.860027452202338 ], [ -0.384629899205982, 50.8600255279922 ], [ -0.384629234068289, 50.860023778710413 ], [ -0.3846284580801, 50.860022204357008 ], [ -0.384627571241419, 50.860020804931963 ], [ -0.384626573551797, 50.860019545449752 ], [ -0.384625465011235, 50.860018425910376 ], [ -0.384624245619733, 50.86001744631384 ], [ -0.384622915377285, 50.860016606660132 ], [ -0.384621474283888, 50.860015906949258 ], [ -0.384619922339533, 50.860015347181189 ], [ -0.384618259544209, 50.860014927355941 ], [ -0.384616485897906, 50.860014647473491 ], [ -0.384614878529756, 50.860014297619429 ], [ -0.384613437439763, 50.860013877793726 ], [ -0.384612162627927, 50.86001338799641 ], [ -0.384611054094252, 50.860012828227468 ], [ -0.384610111838731, 50.860012198486913 ], [ -0.384609335861368, 50.860011498774753 ], [ -0.384608726162154, 50.860010729090973 ], [ -0.384608282741085, 50.860009889435588 ], [ -0.384607728468638, 50.860009154737412 ], [ -0.384607063344812, 50.860008524996445 ], [ -0.38460628736961, 50.860008000212666 ], [ -0.384605400543029, 50.860007580386096 ], [ -0.384604402865066, 50.860007265516693 ], [ -0.384603294335718, 50.86000705560452 ], [ -0.384602074954977, 50.860006950649506 ], [ -0.384600744722837, 50.860006950651695 ], [ -0.384599525342503, 50.86000688068232 ], [ -0.384598416813979, 50.860006740741419 ], [ -0.384597419137269, 50.860006530828976 ], [ -0.384596532312376, 50.860006250945013 ], [ -0.3845957563393, 50.860005901089529 ], [ -0.384595091218045, 50.86000548126249 ], [ -0.384594536948609, 50.860004991463946 ], [ -0.384594093530993, 50.860004431693859 ], [ -0.384593151277175, 50.860003941896053 ], [ -0.384591710187168, 50.860003522070457 ], [ -0.384589770260981, 50.860003172217105 ], [ -0.384587331498616, 50.860002892335956 ], [ -0.384584393900071, 50.860002682426959 ], [ -0.384580957465342, 50.860002542490115 ], [ -0.384577022194418, 50.860002472525331 ], [ -0.384572588087286, 50.860002472532599 ], [ -0.384568597392206, 50.860002577496033 ], [ -0.384565050109155, 50.860002787415688 ], [ -0.384561946238112, 50.8600031022916 ], [ -0.384559285779065, 50.860003522123819 ], [ -0.384557068732009, 50.860004046912351 ], [ -0.384555295096941, 50.860004676657226 ], [ -0.384553964873869, 50.860005411358479 ], [ -0.384553078062802, 50.860006251016117 ], [ -0.384551969545972, 50.860007055688463 ], [ -0.384550639323367, 50.860007825375526 ], [ -0.384549087394982, 50.860008560077283 ], [ -0.384547313760807, 50.860009259793728 ], [ -0.384545318420841, 50.860009924524846 ], [ -0.384543101375077, 50.860010554270637 ], [ -0.384540662623511, 50.860011149031081 ], [ -0.38453800216614, 50.860011708806169 ], [ -0.384535507993553, 50.860012723394433 ], [ -0.384533180105688, 50.860014192795916 ], [ -0.384531018502491, 50.860016117010609 ], [ -0.384529023183916, 50.860018496038542 ], [ -0.384527194149933, 50.860021329879707 ], [ -0.384525531400513, 50.860024618534091 ], [ -0.384524034935642, 50.860028362001742 ], [ -0.384522704755313, 50.860032560282633 ], [ -0.384521984262068, 50.860036583634063 ], [ -0.384521873456072, 50.860040432056024 ], [ -0.384522372337477, 50.860044105548546 ], [ -0.384523480906424, 50.8600476041116 ], [ -0.384525199163035, 50.860050927745206 ], [ -0.384527527107425, 50.860054076449302 ], [ -0.38453046473969, 50.860057050223844 ], [ -0.384534012059916, 50.860059849068826 ], [ -0.384537725655879, 50.860062368028494 ], [ -0.384541605527545, 50.860064607102835 ], [ -0.384545651674865, 50.860066566291827 ], [ -0.38454986409779, 50.860068245595464 ], [ -0.384554242796265, 50.860069645013702 ], [ -0.384558787770228, 50.860070764546563 ], [ -0.384563499019607, 50.860071604193998 ], [ -0.38456837654433, 50.860072163955984 ], [ -0.384573198639951, 50.860072478818665 ], [ -0.384577965306392, 50.860072548782043 ], [ -0.384582676543579, 50.860072373846108 ], [ -0.38458733235144, 50.86007195401087 ], [ -0.3845919327299, 50.860071289276341 ], [ -0.38459647767889, 50.860070379642529 ], [ -0.384600967198344, 50.860069225109434 ] ] ] } },
{ "type": "Feature", "properties": { "fid": 112, "pit_id": 112, "mon_name": "Flint Mine Pit Group 11", "site": "Cissbury Ring", "mon_type": "Flint mine pit group", "nhle_id": null, "mon_uid": "MNA188970", "src_shot": "142707", "full_label": "Flint Mine Pit Group 11, Cissbury Ring", "area_m2": 81.05, "perim_m": 32.73, "diam_m": 10.16 }, "geometry": { "type": "Polygon", "coordinates": [ [ [ -0.38513350222813, 50.85994901332829 ], [ -0.385137049510143, 50.859948453549208 ], [ -0.38514015338099, 50.859947893771007 ], [ -0.385142813840687, 50.859947333993674 ], [ -0.38514503088925, 50.859946774217285 ], [ -0.385146804526694, 50.859946214441841 ], [ -0.385148134753032, 50.859945654667371 ], [ -0.385149021568283, 50.859945094893867 ], [ -0.385149464972461, 50.859944535121365 ], [ -0.385149464965581, 50.859943975349886 ], [ -0.385149631238733, 50.859943485549465 ], [ -0.385149963791912, 50.859943065720138 ], [ -0.385150462625117, 50.859942715861898 ], [ -0.385151127738344, 50.859942435974745 ], [ -0.385151959131595, 50.859942226058678 ], [ -0.38515295680487, 50.859942086113662 ], [ -0.385154120758173, 50.859942016139748 ], [ -0.385155450991508, 50.859942016136884 ], [ -0.385156836648732, 50.85994180621956 ], [ -0.385158277729824, 50.85994138638776 ], [ -0.385159774234765, 50.859940756641507 ], [ -0.385161326163531, 50.8599399169808 ], [ -0.385162933516097, 50.859938867405596 ], [ -0.38516459629244, 50.859937607915946 ], [ -0.385166314492532, 50.859936138511813 ], [ -0.385168088116344, 50.859934459193184 ], [ -0.385169750889864, 50.859932989789137 ], [ -0.385171302813122, 50.859931730299685 ], [ -0.385172743886152, 50.859930680724808 ], [ -0.385174074108977, 50.859929841064506 ], [ -0.385175293481625, 50.859929211318807 ], [ -0.385176402004115, 50.859928791487697 ], [ -0.385177399676465, 50.859928581571189 ], [ -0.385178286498689, 50.859928581569292 ], [ -0.385179228743521, 50.859928266695633 ], [ -0.385180226410941, 50.859927636950232 ], [ -0.385181279500926, 50.859926692333062 ], [ -0.38518238801345, 50.859925432844143 ], [ -0.385183551948487, 50.859923858483455 ], [ -0.385184771306008, 50.859921969251033 ], [ -0.385186046085979, 50.859919765146827 ], [ -0.385187376288366, 50.859917246170852 ], [ -0.385188484784643, 50.859914692209479 ], [ -0.385189371574843, 50.859912103262651 ], [ -0.385190036658999, 50.859909479330412 ], [ -0.38519048003715, 50.859906820412732 ], [ -0.38519070170933, 50.859904126509662 ], [ -0.385190701675577, 50.859901397621151 ], [ -0.38519047993593, 50.859898633747235 ], [ -0.385190036490427, 50.859895834887908 ], [ -0.385189537622857, 50.859893385886238 ], [ -0.385188983333217, 50.859891286742211 ], [ -0.385188373621505, 50.85988953745585 ], [ -0.385187708487714, 50.859888138027131 ], [ -0.385186987931834, 50.859887088456077 ], [ -0.385186211953853, 50.85988638874268 ], [ -0.385185380553758, 50.85988603888692 ], [ -0.385184493731531, 50.859886038888824 ], [ -0.385183662333521, 50.859885863961772 ], [ -0.385182886359741, 50.859885514105777 ], [ -0.385182165810192, 50.859884989320804 ], [ -0.385181500684886, 50.859884289606903 ], [ -0.385180890983824, 50.859883414964045 ], [ -0.385180336707012, 50.859882365392245 ], [ -0.385179837854451, 50.859881140891495 ], [ -0.385179394426141, 50.859879741461796 ], [ -0.385178895573604, 50.859878516961047 ], [ -0.385178341296839, 50.859877467389254 ], [ -0.385177731595841, 50.859876592746417 ], [ -0.385177066470611, 50.859875893032516 ], [ -0.38517634592114, 50.859875368247572 ], [ -0.385175569947426, 50.859875018391591 ], [ -0.385174738549458, 50.859874843464532 ], [ -0.385173851727231, 50.859874843466415 ], [ -0.385172909476416, 50.859874668539568 ], [ -0.385171911797026, 50.859874318683957 ], [ -0.385170858689073, 50.859873793899595 ], [ -0.38516975015257, 50.859873094186483 ], [ -0.385168586187534, 50.859872219544627 ], [ -0.385167366793978, 50.859871169974006 ], [ -0.385166091971922, 50.859869945474614 ], [ -0.385164761721381, 50.859868546046485 ], [ -0.385162710928497, 50.859867216591624 ], [ -0.385159939593321, 50.859865957110024 ], [ -0.385156447715899, 50.859864767601657 ], [ -0.385152235296275, 50.859863648066401 ], [ -0.385147302334481, 50.859862598504222 ], [ -0.385141648830547, 50.859861618914998 ], [ -0.385135274784494, 50.859860709298673 ], [ -0.38512818019634, 50.859859869655061 ], [ -0.385121362744442, 50.859859344882736 ], [ -0.385114822428652, 50.85985913498174 ], [ -0.385108559248837, 50.859859239952094 ], [ -0.385102573204867, 50.859859659793877 ], [ -0.385096864296632, 50.859860394507109 ], [ -0.385091432524024, 50.859861444091834 ], [ -0.385086277886956, 50.859862808548087 ], [ -0.385081400385345, 50.859864487875932 ], [ -0.385077077146535, 50.859866097230814 ], [ -0.385073308170606, 50.859867636612826 ], [ -0.385070093457625, 50.859869106022039 ], [ -0.38506743300766, 50.859870505458453 ], [ -0.385065326820769, 50.859871834922146 ], [ -0.385063774897009, 50.859873094413118 ], [ -0.385062777236433, 50.859874283931411 ], [ -0.385062333839087, 50.859875403477034 ], [ -0.385061835013619, 50.859876383079694 ], [ -0.38506128076003, 50.859877222739399 ], [ -0.385060671078325, 50.859877922456121 ], [ -0.385060005968503, 50.859878482229895 ], [ -0.385059285430572, 50.859878902060707 ], [ -0.385058509464537, 50.859879181948536 ], [ -0.385057678070401, 50.859879321893402 ], [ -0.385056791248172, 50.859879321895292 ], [ -0.385056015280019, 50.859879426854235 ], [ -0.385055350165936, 50.859879636770259 ], [ -0.38505479590592, 50.859879951643308 ], [ -0.38505435249997, 50.859880371473437 ], [ -0.385054019948085, 50.859880896260606 ], [ -0.385053798250267, 50.859881526004855 ], [ -0.385053687406519, 50.859882260706165 ], [ -0.385053687416845, 50.85988310036452 ], [ -0.385053576573541, 50.859883870051597 ], [ -0.385053354876604, 50.859884569767381 ], [ -0.38505302232603, 50.859885199511879 ], [ -0.385052578921816, 50.859885759285056 ], [ -0.385052024663959, 50.859886249086941 ], [ -0.385051359552459, 50.859886668917547 ], [ -0.385050583587316, 50.859887018776845 ], [ -0.38504969676853, 50.85988729866483 ], [ -0.385048865378739, 50.859887788467233 ], [ -0.385048089417934, 50.859888488184041 ], [ -0.385047368886105, 50.859889397815245 ], [ -0.385046703783245, 50.85989051736086 ], [ -0.385046094109348, 50.859891846820879 ], [ -0.385045539864415, 50.859893386195303 ], [ -0.385045041048439, 50.859895135484138 ], [ -0.38504459766142, 50.859897094687369 ], [ -0.385044320551366, 50.859898878961474 ], [ -0.385044209718296, 50.85990048830643 ], [ -0.385044265162231, 50.859901922722237 ], [ -0.385044486883186, 50.859903182208889 ], [ -0.385044874881174, 50.859904266766399 ], [ -0.385045429156199, 50.859905176394754 ], [ -0.385046149708266, 50.859905911093968 ], [ -0.385047036537376, 50.859906470864033 ], [ -0.385047867943087, 50.859907275534361 ], [ -0.385048643925407, 50.859908325104961 ], [ -0.385049364484349, 50.859909619575816 ], [ -0.385050029619913, 50.859911158946936 ], [ -0.385050639332107, 50.85991294321834 ], [ -0.385051193620934, 50.859914972390001 ], [ -0.385051692486392, 50.859917246461947 ], [ -0.385052135928481, 50.859919765434157 ], [ -0.385052745646709, 50.859922039505847 ], [ -0.385053521641089, 50.859924068676975 ], [ -0.385054463911634, 50.859925852947597 ], [ -0.385055572458348, 50.859927392317658 ], [ -0.38505684728123, 50.859928686787192 ], [ -0.385058288380274, 50.859929736356172 ], [ -0.385059895755472, 50.859930541024575 ], [ -0.385061669406803, 50.859931100792437 ], [ -0.385063221353034, 50.859931695546464 ], [ -0.385064551594159, 50.859932325286678 ], [ -0.385065660130171, 50.859932990013057 ], [ -0.385066546961064, 50.859933689725651 ], [ -0.38506721208683, 50.859934424424431 ], [ -0.385067655507459, 50.859935194109418 ], [ -0.385067877222941, 50.859935998780607 ], [ -0.385067877233266, 50.859936838437989 ], [ -0.385068265228651, 50.859937713080306 ], [ -0.385069041209121, 50.859938622707503 ], [ -0.385070205174698, 50.859939567319607 ], [ -0.385071757125409, 50.859940546916604 ], [ -0.385073697061282, 50.859941561498459 ], [ -0.385076024982347, 50.859942611065172 ], [ -0.385078740888637, 50.859943695616685 ], [ -0.385081844780185, 50.859944815153028 ], [ -0.385085004096896, 50.859945829732091 ], [ -0.385088218838754, 50.859946739353894 ], [ -0.385091489005741, 50.859947544018418 ], [ -0.385094814597838, 50.859948243725654 ], [ -0.385098195615025, 50.859948838475617 ], [ -0.385101632057282, 50.859949328268286 ], [ -0.385105123924588, 50.859949713103667 ], [ -0.385108671216921, 50.859949992981754 ], [ -0.385112218508047, 50.859950167902689 ], [ -0.385115765797942, 50.859950237866471 ], [ -0.385119313086584, 50.859950202873137 ], [ -0.385122860373948, 50.859950062922643 ], [ -0.385126407660009, 50.859949818014996 ], [ -0.385129954944745, 50.859949468150212 ], [ -0.38513350222813, 50.85994901332829 ] ] ] } },
{ "type": "Feature", "properties": { "fid": 113, "pit_id": 113, "mon_name": "Flint Mine Pit Group 11", "site": "Cissbury Ring", "mon_type": "Flint mine pit group", "nhle_id": null, "mon_uid": "MNA188970", "src_shot": "142707", "full_label": "Flint Mine Pit Group 11, Cissbury Ring", "area_m2": 80.54, "perim_m": 32.05, "diam_m": 10.13 }, "geometry": { "type": "Polygon", "coordinates": [ [ [ -0.385339903650748, 50.85942338455849 ], [ -0.38534566797482, 50.859421705213364 ], [ -0.385350988886386, 50.859419920910561 ], [ -0.38535586638546, 50.859418031650094 ], [ -0.38536030047206, 50.859416037432062 ], [ -0.385364291146212, 50.859413938256473 ], [ -0.385367838407948, 50.859411734123427 ], [ -0.385370942257305, 50.859409425032929 ], [ -0.385373602694326, 50.859407010985009 ], [ -0.385375819719061, 50.859404491979703 ], [ -0.385377759612108, 50.859402007960959 ], [ -0.385379422373517, 50.859399558928772 ], [ -0.385380808003334, 50.85939714488314 ], [ -0.385381916501605, 50.859394765824085 ], [ -0.385382747868375, 50.859392421751636 ], [ -0.385383302103685, 50.859390112665771 ], [ -0.38538357920758, 50.859387838566498 ], [ -0.3853835791801, 50.85938559945383 ], [ -0.385383468299347, 50.859383325355132 ], [ -0.385383246565337, 50.85938101627039 ], [ -0.385382913978088, 50.859378672199625 ], [ -0.385382470537616, 50.859376293142823 ], [ -0.385381916243939, 50.859373879099991 ], [ -0.385381251097076, 50.859371430071107 ], [ -0.385380475097044, 50.8593689460562 ], [ -0.385379588243865, 50.859366427055242 ], [ -0.385378590540928, 50.859364152957561 ], [ -0.385377481988235, 50.859362123763127 ], [ -0.385376262585783, 50.859360339471984 ], [ -0.385374932333569, 50.859358800084088 ], [ -0.38537349123158, 50.859357505599426 ], [ -0.385371939279806, 50.859356456018034 ], [ -0.385370276478229, 50.859355651339889 ], [ -0.385368502826829, 50.859355091564986 ], [ -0.385366950880592, 50.859354496803434 ], [ -0.385365620639511, 50.859353867055248 ], [ -0.385364512103579, 50.859353202320413 ], [ -0.385363625272791, 50.859352502598981 ], [ -0.385362960147139, 50.859351767890907 ], [ -0.38536251672661, 50.859350998196213 ], [ -0.385362295011199, 50.859350193514913 ], [ -0.385362295000893, 50.859349353846994 ], [ -0.385361463593615, 50.859348444208599 ], [ -0.385359800789419, 50.859347464599736 ], [ -0.385357306588363, 50.859346415020333 ], [ -0.385353980990518, 50.859345295470355 ], [ -0.385349823995959, 50.859344105949731 ], [ -0.385344835604767, 50.859342846458375 ], [ -0.385339015817037, 50.859341516996189 ], [ -0.385332364632868, 50.859340117563008 ], [ -0.385325879732191, 50.859339033004936 ], [ -0.385319561114865, 50.859338263322002 ], [ -0.385313408780754, 50.859337808514226 ], [ -0.385307422729726, 50.859337668581645 ], [ -0.385301602961664, 50.859337843524258 ], [ -0.385295949476449, 50.859338333342102 ], [ -0.385290462273971, 50.85933913803521 ], [ -0.385285141354127, 50.859340257603606 ], [ -0.38528048554994, 50.859341307198079 ], [ -0.385276494861475, 50.859342286818709 ], [ -0.385273169288787, 50.859343196465588 ], [ -0.385270508831929, 50.859344036138751 ], [ -0.38526851349095, 50.859344805838234 ], [ -0.385267183265888, 50.859345505564107 ], [ -0.385266518156781, 50.859346135316365 ], [ -0.385266518163656, 50.85934669509502 ], [ -0.38526624103905, 50.85934728986043 ], [ -0.385265686782954, 50.859347919612574 ], [ -0.385264855395353, 50.859348584351466 ], [ -0.385263746876234, 50.859349284077084 ], [ -0.385262361225583, 50.859350018789414 ], [ -0.385260698443385, 50.859350788488456 ], [ -0.385258758529621, 50.859351593174225 ], [ -0.385256541484274, 50.859352432846663 ], [ -0.385254435296554, 50.859353657366455 ], [ -0.385252439966418, 50.85935526673358 ], [ -0.385250555493828, 50.859357260948066 ], [ -0.38524878187875, 50.859359640009906 ], [ -0.385247119121155, 50.859362403919107 ], [ -0.38524556722102, 50.859365552675676 ], [ -0.385244126178329, 50.859369086279614 ], [ -0.385242795993067, 50.859373004730926 ], [ -0.385241687509735, 50.859376643292485 ], [ -0.385240800728406, 50.85938000196429 ], [ -0.385240135649142, 50.859383080746348 ], [ -0.385239692272001, 50.859385879638673 ], [ -0.385239470597032, 50.859388398641251 ], [ -0.385239470624276, 50.859390637754124 ], [ -0.385239692353766, 50.859392596977244 ], [ -0.385240135785526, 50.859394276310617 ], [ -0.385240745496397, 50.859395955643606 ], [ -0.385241521486396, 50.859397634976204 ], [ -0.385242463755542, 50.859399314308426 ], [ -0.385243572303853, 50.859400993640222 ], [ -0.385244847131345, 50.859402672971633 ], [ -0.385246288238039, 50.859404352302633 ], [ -0.385247895623952, 50.859406031633206 ], [ -0.385249669289101, 50.859407710963353 ], [ -0.385251609232952, 50.859409355307044 ], [ -0.385253715455517, 50.859410964664242 ], [ -0.38525598795681, 50.859412539034935 ], [ -0.385258426736843, 50.859414078419128 ], [ -0.385261031795627, 50.859415582816801 ], [ -0.385263803133172, 50.859417052227954 ], [ -0.38526674074949, 50.859418486652572 ], [ -0.385269844644586, 50.859419886090627 ], [ -0.385273170243992, 50.85942118056996 ], [ -0.3852767175477, 50.859422370090549 ], [ -0.385280486555708, 50.859423454652358 ], [ -0.385284477268003, 50.859424434255374 ], [ -0.385288689684576, 50.859425308899596 ], [ -0.38529312380541, 50.859426078584967 ], [ -0.385297779630487, 50.859426743311488 ], [ -0.385302657159786, 50.859427303079094 ], [ -0.385307645538765, 50.859427582957672 ], [ -0.385312744767335, 50.859427582947191 ], [ -0.385317954845407, 50.85942730304766 ], [ -0.385323275772886, 50.859426743259036 ], [ -0.385328707549671, 50.859425903581304 ], [ -0.385334250175661, 50.859424784014458 ], [ -0.385339903650748, 50.85942338455849 ] ] ] } },
{ "type": "Feature", "properties": { "fid": 114, "pit_id": 114, "mon_name": "Flint Mine Pit Group 11", "site": "Cissbury Ring", "mon_type": "Flint mine pit group", "nhle_id": null, "mon_uid": "MNA188970", "src_shot": "142707", "full_label": "Flint Mine Pit Group 11, Cissbury Ring", "area_m2": 29.8, "perim_m": 19.84, "diam_m": 6.16 }, "geometry": { "type": "Polygon", "coordinates": [ [ [ -0.384198570067417, 50.859914728983249 ], [ -0.384202560746557, 50.859913329546977 ], [ -0.384206052589338, 50.859912000082872 ], [ -0.384209045595816, 50.859910740590983 ], [ -0.384211539766043, 50.859909551071347 ], [ -0.384213535100069, 50.859908431524005 ], [ -0.384215031597936, 50.859907381948958 ], [ -0.384216029259686, 50.859906402346262 ], [ -0.384216528085354, 50.859905492715903 ], [ -0.384216528074971, 50.859904653057889 ], [ -0.384216638918142, 50.859903883371196 ], [ -0.384216860614863, 50.859903183655831 ], [ -0.38421719316513, 50.859902553911773 ], [ -0.38421763656894, 50.859901994139044 ], [ -0.384218190826292, 50.859901504337628 ], [ -0.384218855937181, 50.859901084507527 ], [ -0.384219631901614, 50.859900734648733 ], [ -0.384220518719587, 50.859900454761267 ], [ -0.384221294682289, 50.859899964959389 ], [ -0.384221959789714, 50.859899265243129 ], [ -0.384222514041857, 50.859898355612472 ], [ -0.384222957438718, 50.859897236067432 ], [ -0.384223289980296, 50.859895906608003 ], [ -0.384223511666599, 50.85989436723419 ], [ -0.384223622497631, 50.859892617945981 ], [ -0.384223622473406, 50.859890658743403 ], [ -0.384223289890098, 50.859888629569731 ], [ -0.384222624747755, 50.859886530425001 ], [ -0.384221627046422, 50.859884361309199 ], [ -0.384220296786151, 50.859882122222302 ], [ -0.384218633966996, 50.859879813164291 ], [ -0.384216638589011, 50.859877434135186 ], [ -0.384214310652259, 50.859874985134958 ], [ -0.384211650156801, 50.85987246616358 ], [ -0.384208823385916, 50.859870227078709 ], [ -0.384205830339579, 50.859868267880309 ], [ -0.384202671017758, 50.859866588568401 ], [ -0.384199345420416, 50.859865189142958 ], [ -0.384195853547508, 50.859864069603958 ], [ -0.384192195398984, 50.859863229951401 ], [ -0.38418837097479, 50.859862670185251 ], [ -0.384184380274864, 50.859862390305501 ], [ -0.384180666707558, 50.859862180396789 ], [ -0.384177230272849, 50.859862040459141 ], [ -0.384174070970723, 50.859861970492574 ], [ -0.384171188801161, 50.859861970497114 ], [ -0.384168583764151, 50.859862040472784 ], [ -0.384166255859681, 50.859862180419604 ], [ -0.384164205087743, 50.859862390337582 ], [ -0.384162431448332, 50.85986267022674 ], [ -0.384160879514704, 50.859862985101294 ], [ -0.384159549286858, 50.859863334961247 ], [ -0.384158440764797, 50.859863719806611 ], [ -0.384157553948523, 50.859864139637388 ], [ -0.384156888838041, 50.859864594453576 ], [ -0.384156445433355, 50.85986508425519 ], [ -0.38415622373447, 50.859865609042245 ], [ -0.384156223741396, 50.859866168814719 ], [ -0.384155946617549, 50.859866798559203 ], [ -0.384155392362916, 50.859867498275712 ], [ -0.384154560977484, 50.859868267964231 ], [ -0.384153452461236, 50.859869107624718 ], [ -0.38415206681415, 50.859870017257229 ], [ -0.384150404036204, 50.859870996861716 ], [ -0.384148464127376, 50.859872046438177 ], [ -0.384146247087638, 50.859873165986592 ], [ -0.384144251756284, 50.859874530434901 ], [ -0.384142478133304, 50.859876139783104 ], [ -0.384140926218689, 50.859877994031251 ], [ -0.384139596012443, 50.859880093179299 ], [ -0.384138487514573, 50.85988243722727 ], [ -0.384137600725094, 50.859885026175199 ], [ -0.384136935644028, 50.859887860023058 ], [ -0.384136492271404, 50.85989093877086 ], [ -0.384136215172965, 50.859893632675018 ], [ -0.38413610434875, 50.859895941735502 ], [ -0.384136159798788, 50.859897865952334 ], [ -0.384136381523098, 50.859899405325521 ], [ -0.384136769521692, 50.859900559855056 ], [ -0.384137323794574, 50.859901329540925 ], [ -0.384138044341738, 50.859901714383128 ], [ -0.384138931163171, 50.859901714381692 ], [ -0.384139762559981, 50.859901854323326 ], [ -0.38414053853217, 50.859902134208042 ], [ -0.384141259079748, 50.85990255403587 ], [ -0.384141924202718, 50.859903113806759 ], [ -0.384142533901083, 50.859903813520759 ], [ -0.384143088174849, 50.859904653177828 ], [ -0.384143587024016, 50.859905632778002 ], [ -0.384144030448584, 50.859906752321265 ], [ -0.384144695577196, 50.859907766906936 ], [ -0.384145582409864, 50.859908676535007 ], [ -0.384146690946593, 50.859909481205491 ], [ -0.38414802118739, 50.859910180918355 ], [ -0.384149573132254, 50.85991077567359 ], [ -0.384151346781184, 50.859911265471226 ], [ -0.384153342134175, 50.859911650311211 ], [ -0.38415555919122, 50.859911930193547 ], [ -0.384157499117014, 50.859912245062048 ], [ -0.384159161911555, 50.859912594916729 ], [ -0.384160547574841, 50.859912979757588 ], [ -0.384161656106866, 50.859913399584634 ], [ -0.384162487507629, 50.859913854397888 ], [ -0.384163041777118, 50.85991434419735 ], [ -0.384163318915331, 50.859914868983019 ], [ -0.384163318922255, 50.859915428754917 ], [ -0.384163651486758, 50.859915953540543 ], [ -0.384164316608847, 50.859916443339912 ], [ -0.384165314288534, 50.85991689815301 ], [ -0.384166644525828, 50.859917317979821 ], [ -0.384168307320731, 50.859917702820361 ], [ -0.384170302673251, 50.859918052674594 ], [ -0.384172630583389, 50.859918367542505 ], [ -0.384175291051148, 50.859918647424074 ], [ -0.38417811779549, 50.859918717390968 ], [ -0.38418111081638, 50.859918577443167 ], [ -0.384184270113773, 50.85991822758065 ], [ -0.384187595687629, 50.859917667803423 ], [ -0.38419108753789, 50.85991689811145 ], [ -0.384194745664507, 50.859915918504733 ], [ -0.384198570067417, 50.859914728983249 ] ] ] } },
{ "type": "Feature", "properties": { "fid": 115, "pit_id": 115, "mon_name": "Flint Mine Pit Group 11", "site": "Cissbury Ring", "mon_type": "Flint mine pit group", "nhle_id": null, "mon_uid": "MNA188970", "src_shot": "142707", "full_label": "Flint Mine Pit Group 11, Cissbury Ring", "area_m2": 42.38, "perim_m": 23.49, "diam_m": 7.35 }, "geometry": { "type": "Polygon", "coordinates": [ [ [ -0.384487677205508, 50.860186357026031 ], [ -0.384488120609305, 50.860185797256676 ], [ -0.384488841145658, 50.860185307457975 ], [ -0.384489838814563, 50.860184887629913 ], [ -0.384491113616016, 50.860184537772504 ], [ -0.384492665550015, 50.860184257885741 ], [ -0.384494494616565, 50.860184047969575 ], [ -0.38449660081567, 50.860183908024041 ], [ -0.384498984147338, 50.860183838049082 ], [ -0.384501644611578, 50.860183838044705 ], [ -0.384504138795966, 50.860183768069483 ], [ -0.384506466700491, 50.86018362812343 ], [ -0.384508628325145, 50.860183418206546 ], [ -0.38451062366992, 50.860183138318867 ], [ -0.38451245273481, 50.860182788460364 ], [ -0.384514115519811, 50.860182368631072 ], [ -0.384515612024917, 50.860181878830979 ], [ -0.38451694225013, 50.860181319060111 ], [ -0.384518106195877, 50.860180724303945 ], [ -0.384519103862164, 50.860180094562494 ], [ -0.384519935248994, 50.860179429835746 ], [ -0.384520600356373, 50.860178730123735 ], [ -0.384521099184305, 50.86017799542644 ], [ -0.3845214317328, 50.860177225743875 ], [ -0.384521598001861, 50.860176421076019 ], [ -0.384521597991501, 50.860175581422894 ], [ -0.384521819686533, 50.86017474176942 ], [ -0.38452226308695, 50.860173902115555 ], [ -0.384522928192738, 50.860173062461321 ], [ -0.384523815003886, 50.860172222806725 ], [ -0.384524923520381, 50.860171383151744 ], [ -0.384526253742211, 50.860170543496388 ], [ -0.384527805669367, 50.860169703840612 ], [ -0.384529579301834, 50.860168864184459 ], [ -0.384531131226768, 50.860167849600813 ], [ -0.384532461444162, 50.860166660089675 ], [ -0.384533569954021, 50.860165295651072 ], [ -0.38453445675635, 50.860163756284997 ], [ -0.38453512185116, 50.860162041991465 ], [ -0.384535565238467, 50.860160152770476 ], [ -0.384535786918295, 50.860158088622022 ], [ -0.384535786890668, 50.860155849546111 ], [ -0.384535454303947, 50.860153540499518 ], [ -0.384534789158184, 50.860151161482221 ], [ -0.384533791453434, 50.860148712494208 ], [ -0.384532461189748, 50.860146193535485 ], [ -0.384530798367192, 50.86014360460603 ], [ -0.384528802985826, 50.860140945705844 ], [ -0.384526475045715, 50.860138216834898 ], [ -0.384523814546928, 50.86013541799317 ], [ -0.384520876919529, 50.860132864051003 ], [ -0.384517662163516, 50.86013055500834 ], [ -0.384514170278884, 50.860128490865179 ], [ -0.384510401265613, 50.860126671621501 ], [ -0.384506355123681, 50.860125097277262 ], [ -0.384502031853052, 50.860123767832441 ], [ -0.384497431453684, 50.860122683287003 ], [ -0.384492553925522, 50.86012184364094 ], [ -0.38448773182792, 50.860121318865012 ], [ -0.384482965160774, 50.860121108959262 ], [ -0.38447825392399, 50.860121213923676 ], [ -0.384473598117473, 50.860121633758261 ], [ -0.384468997741131, 50.86012236846301 ], [ -0.384464452794871, 50.860123418037986 ], [ -0.384459963278607, 50.860124782483133 ], [ -0.384455529192252, 50.86012646179848 ], [ -0.384451483090125, 50.860128141113002 ], [ -0.384447824972265, 50.860129820426756 ], [ -0.384444554838716, 50.860131499739779 ], [ -0.384441672689514, 50.86013317905212 ], [ -0.384439178524704, 50.860134858363757 ], [ -0.384437072344328, 50.860136537674769 ], [ -0.384435354148424, 50.860138216985142 ], [ -0.384434023937034, 50.86013989629491 ], [ -0.384432860004597, 50.860141575604324 ], [ -0.384431862351133, 50.86014325491341 ], [ -0.384431030976657, 50.860144934222141 ], [ -0.384430365881187, 50.860146613530546 ], [ -0.384429867064743, 50.860148292838637 ], [ -0.38442953452734, 50.860149972146388 ], [ -0.384429368268998, 50.860151651453812 ], [ -0.384429368289735, 50.860153330760895 ], [ -0.384429534590271, 50.860155080038766 ], [ -0.38442986717063, 50.860156899287396 ], [ -0.384430366030828, 50.860158788506801 ], [ -0.384431031170891, 50.860160747696959 ], [ -0.38443186259084, 50.860162776857884 ], [ -0.384432860290702, 50.860164875989582 ], [ -0.384434024270503, 50.860167045092012 ], [ -0.384435354530272, 50.860169284165195 ], [ -0.384436684786665, 50.860171243353953 ], [ -0.38443801503966, 50.860172922658307 ], [ -0.384439345289236, 50.86017432207823 ], [ -0.384440675535366, 50.860175441613727 ], [ -0.384442005778029, 50.860176281264806 ], [ -0.384443336017203, 50.860176841031468 ], [ -0.38444466625286, 50.860177120913697 ], [ -0.384445996484981, 50.860177120911509 ], [ -0.384447215865705, 50.860177225866124 ], [ -0.38444832439504, 50.860177435777544 ], [ -0.384449322072992, 50.860177750645782 ], [ -0.384450208899566, 50.860178170470824 ], [ -0.384450984874763, 50.860178695252678 ], [ -0.384451649998588, 50.86017932499135 ], [ -0.384452204271037, 50.860180059686847 ], [ -0.38445264769211, 50.86018089933917 ], [ -0.384453534523397, 50.860181704005264 ], [ -0.384454864764918, 50.860182473685157 ], [ -0.384456638416694, 50.860183208378793 ], [ -0.384458855478739, 50.860183908086185 ], [ -0.384461515951072, 50.860184572807292 ], [ -0.384464619833707, 50.860185202542105 ], [ -0.384468167126653, 50.860185797290541 ], [ -0.384472157829922, 50.860186357052598 ], [ -0.384475705120857, 50.860186776873121 ], [ -0.38447880899941, 50.860187056752174 ], [ -0.384481469465551, 50.860187196689743 ], [ -0.384483686519246, 50.860187196685892 ], [ -0.384485460160479, 50.860187056740642 ], [ -0.384486790389234, 50.860186776854015 ], [ -0.384487677205508, 50.860186357026031 ] ] ] } },
{ "type": "Feature", "properties": { "fid": 116, "pit_id": 116, "mon_name": "Flint Mine Pit Group 11", "site": "Cissbury Ring", "mon_type": "Flint mine pit group", "nhle_id": null, "mon_uid": "MNA188970", "src_shot": "142707", "full_label": "Flint Mine Pit Group 11, Cissbury Ring", "area_m2": 63.99, "perim_m": 28.75, "diam_m": 9.03 }, "geometry": { "type": "Polygon", "coordinates": [ [ [ -0.384252221664174, 50.859825865023176 ], [ -0.384255325532293, 50.859825305245153 ], [ -0.384258096841906, 50.859824710481789 ], [ -0.384260535593023, 50.859824080733098 ], [ -0.384262641785649, 50.859823415999116 ], [ -0.384264415419793, 50.859822716279851 ], [ -0.384265856495467, 50.859821981575323 ], [ -0.384266965012682, 50.859821211885532 ], [ -0.384267740971452, 50.859820407210513 ], [ -0.384268184371792, 50.859819567550247 ], [ -0.384268738626105, 50.859818832847246 ], [ -0.384269403734386, 50.859818203101526 ], [ -0.38427017969664, 50.859817678313057 ], [ -0.384271066512865, 50.859817258481861 ], [ -0.384272064183065, 50.859816943607932 ], [ -0.384273172707246, 50.859816733691247 ], [ -0.384274392085412, 50.859816628731828 ], [ -0.384275722317574, 50.859816628729646 ], [ -0.38427699712212, 50.859816523770093 ], [ -0.384278216499044, 50.859816313853202 ], [ -0.384279380448339, 50.859815998978924 ], [ -0.38428048897, 50.859815579147259 ], [ -0.384281542064016, 50.859815054358243 ], [ -0.384282539730386, 50.859814424611869 ], [ -0.384283481969104, 50.859813689908115 ], [ -0.384284368780165, 50.85981285024701 ], [ -0.384285144738525, 50.859812010586069 ], [ -0.384285809844192, 50.859811170925276 ], [ -0.384286364097169, 50.859810331264661 ], [ -0.384286807497464, 50.859809491604203 ], [ -0.38428714004508, 50.859808651943922 ], [ -0.384287361740027, 50.859807812283798 ], [ -0.384287472582307, 50.859806972623851 ], [ -0.384287472571929, 50.859806132964074 ], [ -0.384287583415106, 50.859805363275754 ], [ -0.384287805111832, 50.859804663558918 ], [ -0.384288137662106, 50.859804033813539 ], [ -0.384288581065922, 50.85980347403963 ], [ -0.38428913532328, 50.85980298423717 ], [ -0.38428980043418, 50.859802564406181 ], [ -0.38429057639862, 50.859802214546676 ], [ -0.384291463216601, 50.859801934658591 ], [ -0.384292239176732, 50.859801234940612 ], [ -0.384292904278993, 50.859800115392744 ], [ -0.384293458523376, 50.859798576014967 ], [ -0.384293901909876, 50.85979661680728 ], [ -0.384294234438492, 50.859794237769684 ], [ -0.384294456109232, 50.859791438902185 ], [ -0.384294566922108, 50.859788220204798 ], [ -0.384294566877135, 50.859784581677509 ], [ -0.384294178849265, 50.859781083094077 ], [ -0.384293402838581, 50.859777724454503 ], [ -0.384292238845159, 50.859774505758786 ], [ -0.384290686869069, 50.859771427006898 ], [ -0.384288746910377, 50.859768488198839 ], [ -0.384286418969137, 50.859765689334601 ], [ -0.3842837030454, 50.859763030414122 ], [ -0.384280599139209, 50.859760511437415 ], [ -0.384277107251261, 50.859758202376604 ], [ -0.384273227381566, 50.859756103231639 ], [ -0.384268959530128, 50.859754214002521 ], [ -0.384264303696939, 50.859752534689164 ], [ -0.384259259881976, 50.859751065291547 ], [ -0.384253828085212, 50.859749805809635 ], [ -0.384248008306607, 50.859748756243327 ], [ -0.38424180054611, 50.859747916592603 ], [ -0.384236036198725, 50.85974725187031 ], [ -0.384230715264366, 50.859746762076497 ], [ -0.384225837742961, 50.859746447211243 ], [ -0.384221403634442, 50.859746307274605 ], [ -0.384217412938758, 50.859746342266611 ], [ -0.384213865655863, 50.859746552187325 ], [ -0.384210761785721, 50.859746937036775 ], [ -0.384208101328309, 50.859747496815004 ], [ -0.384205773428898, 50.859748056592636 ], [ -0.384203778087499, 50.8597486163697 ], [ -0.384202115304125, 50.859749176146188 ], [ -0.384200785078787, 50.859749735922151 ], [ -0.384199787411497, 50.859750295697559 ], [ -0.384199122302266, 50.859750855472448 ], [ -0.384198789751106, 50.859751415246805 ], [ -0.384198789758029, 50.859751975020664 ], [ -0.384198401781971, 50.859752639752749 ], [ -0.384197625822914, 50.85975340944308 ], [ -0.384196461880832, 50.859754284091636 ], [ -0.384194909955697, 50.859755263698396 ], [ -0.384192970047474, 50.859756348263375 ], [ -0.384190642156123, 50.859757537786528 ], [ -0.384187926281601, 50.859758832267843 ], [ -0.384184822423854, 50.859760231707284 ], [ -0.38418199569817, 50.859761666132023 ], [ -0.384179446104564, 50.859763135542075 ], [ -0.384177173643057, 50.85976463993746 ], [ -0.38417517831367, 50.859766179318207 ], [ -0.384173460116425, 50.859767753684295 ], [ -0.384172019051348, 50.859769363035795 ], [ -0.384170855118461, 50.859771007372672 ], [ -0.38416996831779, 50.859772686694924 ], [ -0.384169192371499, 50.859774505960281 ], [ -0.384168527279593, 50.859776465168707 ], [ -0.384167973042078, 50.859778564320223 ], [ -0.384167529658961, 50.859780803414836 ], [ -0.384167197130259, 50.859783182452524 ], [ -0.384166975455983, 50.859785701433296 ], [ -0.384166864636148, 50.859788360357172 ], [ -0.384166864670771, 50.859791159224123 ], [ -0.384167308115834, 50.85979395809025 ], [ -0.384168194971418, 50.859796756955525 ], [ -0.384169525237603, 50.85979955581994 ], [ -0.384171298914466, 50.859802354683495 ], [ -0.384173516002089, 50.859805153546155 ], [ -0.38417617650055, 50.859807952407927 ], [ -0.384179280409933, 50.859810751268725 ], [ -0.384182827730314, 50.85981355012855 ], [ -0.384186652179081, 50.859816069101448 ], [ -0.384190753756208, 50.859818308187407 ], [ -0.384195132461667, 50.859820267386382 ], [ -0.384199788295412, 50.859821946698347 ], [ -0.384204721257395, 50.859823346123264 ], [ -0.384209931347551, 50.859824465661099 ], [ -0.38421541856581, 50.859825305311816 ], [ -0.384221182912087, 50.859825865075372 ], [ -0.384226614698759, 50.85982628489608 ], [ -0.384231713925763, 50.859826564774025 ], [ -0.384236480593051, 50.859826704709185 ], [ -0.384240914700573, 50.859826704701661 ], [ -0.38424501624829, 50.859826564751451 ], [ -0.384248785236167, 50.85982628485862 ], [ -0.384252221664174, 50.859825865023176 ] ] ] } },
{ "type": "Feature", "properties": { "fid": 117, "pit_id": 117, "mon_name": "Flint Mine Pit Group 11", "site": "Cissbury Ring", "mon_type": "Flint mine pit group", "nhle_id": null, "mon_uid": "MNA188970", "src_shot": "142707", "full_label": "Flint Mine Pit Group 11, Cissbury Ring", "area_m2": 72.68, "perim_m": 30.71, "diam_m": 9.62 }, "geometry": { "type": "Polygon", "coordinates": [ [ [ -0.384958129996535, 50.859694037109691 ], [ -0.384961233860601, 50.859692917554092 ], [ -0.38496433772264, 50.859691623068862 ], [ -0.384967441582612, 50.859690153654014 ], [ -0.384970545440488, 50.859688509309493 ], [ -0.38497364929623, 50.859686690035375 ], [ -0.384976753149803, 50.859684695831618 ], [ -0.384979857001172, 50.859682526698215 ], [ -0.3849829608503, 50.859680182635181 ], [ -0.384986064697154, 50.859677663642501 ], [ -0.384988780556942, 50.859674969720729 ], [ -0.384991108429697, 50.859672100869858 ], [ -0.384993048315466, 50.859669057089931 ], [ -0.3849946002143, 50.859665838380963 ], [ -0.38499576412626, 50.859662444742959 ], [ -0.384996540051416, 50.859658876175942 ], [ -0.384996927989848, 50.859655132679919 ], [ -0.384996927941642, 50.859651214254889 ], [ -0.38499676161981, 50.859647750647397 ], [ -0.384996429024387, 50.85964474185743 ], [ -0.384995930155396, 50.859642187884994 ], [ -0.384995265012852, 50.859640088730089 ], [ -0.38499443359676, 50.859638444392736 ], [ -0.384993435907114, 50.859637254872879 ], [ -0.384992271943899, 50.859636520170561 ], [ -0.384990941707087, 50.859636240285752 ], [ -0.384989777748592, 50.859635890428663 ], [ -0.384988780068416, 50.859635470599315 ], [ -0.384987948666555, 50.859634980797708 ], [ -0.384987283543009, 50.859634421023834 ], [ -0.384986784697776, 50.859633791277695 ], [ -0.384986452130849, 50.859633091559317 ], [ -0.384986285842225, 50.859632321868673 ], [ -0.384986285831894, 50.859631482205785 ], [ -0.384986119543238, 50.859630712515148 ], [ -0.384985786976262, 50.859630012796778 ], [ -0.384985288130975, 50.85962938305066 ], [ -0.384984623007378, 50.859628823276807 ], [ -0.384983791605478, 50.859628333475207 ], [ -0.384982793925274, 50.859627913645852 ], [ -0.384981629966767, 50.859627563788735 ], [ -0.384980299729955, 50.859627283903869 ], [ -0.384979135771892, 50.859626969032668 ], [ -0.384978138092576, 50.859626619175167 ], [ -0.384977306692007, 50.859626234331344 ], [ -0.384976641570183, 50.859625814501207 ], [ -0.384976142727099, 50.859625359684763 ], [ -0.384975810162752, 50.859624869882019 ], [ -0.384975643877138, 50.859624345092968 ], [ -0.384975643870249, 50.859623785317623 ], [ -0.384975422158213, 50.8596232605287 ], [ -0.384974978741035, 50.859622770726197 ], [ -0.384974313618722, 50.859622315910165 ], [ -0.384973426791277, 50.859621896080547 ], [ -0.384972318258707, 50.859621511237329 ], [ -0.384970988021013, 50.859621161380552 ], [ -0.384969436078196, 50.859620846510161 ], [ -0.384967662430262, 50.859620566626184 ], [ -0.384966055060634, 50.859620216769919 ], [ -0.38496461396932, 50.859619796941331 ], [ -0.384963339156319, 50.85961930714047 ], [ -0.384962230621635, 50.859618747367314 ], [ -0.384961288365261, 50.859618117621892 ], [ -0.384960512387199, 50.859617417904182 ], [ -0.384959902687442, 50.859616648214214 ], [ -0.384959459265986, 50.859615808551965 ], [ -0.38495812902354, 50.85961507384971 ], [ -0.384955911960133, 50.85961444410745 ], [ -0.384952808075792, 50.859613919325085 ], [ -0.384948817370525, 50.859613499502586 ], [ -0.38494393984433, 50.859613184639862 ], [ -0.384938175497198, 50.859612974736763 ], [ -0.384931524329102, 50.859612869793196 ], [ -0.38492398634001, 50.859612869808984 ], [ -0.384916891765329, 50.859613114725342 ], [ -0.384910240604955, 50.859613604542353 ], [ -0.384904032858795, 50.859614339260069 ], [ -0.384898268526772, 50.859615318878575 ], [ -0.384892947608819, 50.859616543397955 ], [ -0.384888070104887, 50.859618012818238 ], [ -0.38488363601494, 50.859619727139503 ], [ -0.384879645338956, 50.859621686361777 ], [ -0.384876042647536, 50.859623645583078 ], [ -0.384872827940728, 50.859625604803405 ], [ -0.384870001218582, 50.859627564022816 ], [ -0.384867562481145, 50.859629523241324 ], [ -0.384865511728465, 50.859631482458951 ], [ -0.384863848960589, 50.85963344167574 ], [ -0.384862574177566, 50.85963540089169 ], [ -0.384861687379446, 50.859637360106824 ], [ -0.384860966863436, 50.859639564223002 ], [ -0.384860412629548, 50.859642013240247 ], [ -0.384860024677798, 50.859644707158544 ], [ -0.38485980300821, 50.85964764597793 ], [ -0.384859747620806, 50.859650829698353 ], [ -0.384859858515622, 50.859654258319843 ], [ -0.384860135692694, 50.859657931842406 ], [ -0.384860579152062, 50.859661850266029 ], [ -0.38486113345862, 50.859665313872277 ], [ -0.384861798612378, 50.859668322661143 ], [ -0.384862574613341, 50.859670876632642 ], [ -0.384863461461506, 50.859672975786744 ], [ -0.384864459156863, 50.859674620123471 ], [ -0.384865567699395, 50.859675809642816 ], [ -0.38486678708908, 50.859676544344772 ], [ -0.384868117325889, 50.859676824229332 ], [ -0.384869502991174, 50.859677279043353 ], [ -0.384870944084951, 50.85967790878685 ], [ -0.384872440607238, 50.859678713459786 ], [ -0.384873992558056, 50.859679693062176 ], [ -0.384875599937425, 50.859680847594014 ], [ -0.384877262745367, 50.859682177055305 ], [ -0.384878980981903, 50.859683681446036 ], [ -0.384880754647063, 50.859685360766228 ], [ -0.384883248853863, 50.859686935127357 ], [ -0.384886463602365, 50.859688404529422 ], [ -0.384890398892615, 50.859689768972345 ], [ -0.384895054724652, 50.859691028456076 ], [ -0.384900431098504, 50.859692182980481 ], [ -0.384906528014192, 50.859693232545503 ], [ -0.384913345471726, 50.85969417715102 ], [ -0.384920883471106, 50.859695016796884 ], [ -0.384927867203914, 50.859695611542293 ], [ -0.384934296670017, 50.85969596138731 ], [ -0.384940171869298, 50.859696066332042 ], [ -0.384945492801663, 50.859695926376588 ], [ -0.384950259467029, 50.859695541520985 ], [ -0.384954471865335, 50.859694911765338 ], [ -0.384958129996535, 50.859694037109691 ] ] ] } },
{ "type": "Feature", "properties": { "fid": 118, "pit_id": 118, "mon_name": "Flint Mine Pit Group 11", "site": "Cissbury Ring", "mon_type": "Flint mine pit group", "nhle_id": null, "mon_uid": "MNA188970", "src_shot": "142707", "full_label": "Flint Mine Pit Group 11, Cissbury Ring", "area_m2": 72.84, "perim_m": 30.51, "diam_m": 9.63 }, "geometry": { "type": "Polygon", "coordinates": [ [ [ -0.384406977969259, 50.860308386560632 ], [ -0.384412742273821, 50.860305587715239 ], [ -0.384417896886633, 50.860302648928553 ], [ -0.384422441807763, 50.860299570200638 ], [ -0.384426377037281, 50.860296351531623 ], [ -0.384429702575282, 50.860292992921529 ], [ -0.384432418421862, 50.860289494370399 ], [ -0.384434524577132, 50.86028585587831 ], [ -0.384436021041214, 50.860282077445255 ], [ -0.38443690781424, 50.860278159071299 ], [ -0.384437517458396, 50.860274485595944 ], [ -0.384437849973757, 50.860271057019197 ], [ -0.384437905360391, 50.860267873341087 ], [ -0.384437683618356, 50.860264934561577 ], [ -0.384437184747701, 50.860262240680704 ], [ -0.384436408748467, 50.860259791698446 ], [ -0.384435355620688, 50.860257587614797 ], [ -0.384434025364386, 50.860255628429741 ], [ -0.384432528830347, 50.860253774201418 ], [ -0.384430866018579, 50.860252024929807 ], [ -0.384429036929089, 50.860250380614914 ], [ -0.384427041561886, 50.86024884125672 ], [ -0.38442487991697, 50.860247406855223 ], [ -0.384422551994346, 50.860246077410387 ], [ -0.38442005779401, 50.860244852922271 ], [ -0.384417397315959, 50.860243733390774 ], [ -0.384415069396895, 50.860242683829689 ], [ -0.384413074036786, 50.860241704239009 ], [ -0.384411411235599, 50.86024079461874 ], [ -0.384410080993308, 50.860239954968918 ], [ -0.384409083309891, 50.860239185289515 ], [ -0.384408418185327, 50.860238485580588 ], [ -0.384408085619595, 50.860237855842101 ], [ -0.384408085612683, 50.860237296074089 ], [ -0.384407808474044, 50.860236736306561 ], [ -0.384407254203691, 50.860236176539473 ], [ -0.38440642280163, 50.860235616772876 ], [ -0.384405314267874, 50.860235057006719 ], [ -0.384403928602433, 50.860234497241031 ], [ -0.384402265805317, 50.860233937475762 ], [ -0.384400325876536, 50.860233377710948 ], [ -0.384398108816098, 50.860232817946525 ], [ -0.38439555919852, 50.860232328153764 ], [ -0.384392677023797, 50.860231908332636 ], [ -0.384389462291928, 50.860231558483115 ], [ -0.384385915002908, 50.860231278605163 ], [ -0.384382035156724, 50.860231068698759 ], [ -0.384377822753367, 50.86023092876389 ], [ -0.384373277792822, 50.860230858800456 ], [ -0.384368400275068, 50.860230858808499 ], [ -0.384363855316257, 50.860230928786876 ], [ -0.384359642916367, 50.860231068735636 ], [ -0.38435576307538, 50.860231278654808 ], [ -0.384352215793286, 50.860231558544463 ], [ -0.384349001070071, 50.860231908404565 ], [ -0.384346118905728, 50.860232328235185 ], [ -0.384343569300255, 50.860232818036344 ], [ -0.384341352253646, 50.860233377808072 ], [ -0.384339190635159, 50.860234077521653 ], [ -0.384337084444775, 50.860234917177124 ], [ -0.38433503368248, 50.860235896774469 ], [ -0.384333038348255, 50.860237016313718 ], [ -0.384331098442089, 50.860238275794835 ], [ -0.384329213963968, 50.860239675217848 ], [ -0.384327384913878, 50.86024121458275 ], [ -0.38432561129181, 50.860242893889549 ], [ -0.38432394851973, 50.860244363283158 ], [ -0.384322396597671, 50.860245622763607 ], [ -0.384320955525664, 50.860246672330874 ], [ -0.384319625303734, 50.860247511984966 ], [ -0.384318405931906, 50.86024814172589 ], [ -0.3843172974102, 50.860248561553675 ], [ -0.384316299738637, 50.860248771468285 ], [ -0.384315412917229, 50.860248771469749 ], [ -0.384314470673903, 50.860249121326142 ], [ -0.384313473008638, 50.86024982103747 ], [ -0.384312419921408, 50.860250870603743 ], [ -0.384311311412186, 50.860252270024951 ], [ -0.384310147480941, 50.860254019301088 ], [ -0.384308928127638, 50.860256118432154 ], [ -0.384307653352245, 50.860258567418157 ], [ -0.384306323154722, 50.86026136625906 ], [ -0.384305159234802, 50.860264060143137 ], [ -0.384304161592523, 50.860266649070375 ], [ -0.384303330227919, 50.860269133040795 ], [ -0.384302665141022, 50.860271512054375 ], [ -0.384302166331863, 50.860273786111144 ], [ -0.38430183380047, 50.860275955211087 ], [ -0.384301667546867, 50.860278019354212 ], [ -0.384301667571079, 50.860279978540511 ], [ -0.384301778447064, 50.860281867755639 ], [ -0.384302000174832, 50.860283686999615 ], [ -0.384302332754398, 50.860285436272406 ], [ -0.384302776185772, 50.860287115574039 ], [ -0.384303330468964, 50.860288724904485 ], [ -0.384303995603986, 50.86029026426376 ], [ -0.384304771590842, 50.86029173365187 ], [ -0.384305658429539, 50.860293133068794 ], [ -0.384306766973934, 50.860294567470788 ], [ -0.384308097224047, 50.860296036857854 ], [ -0.384309649179902, 50.860297541229968 ], [ -0.384311422841526, 50.860299080587126 ], [ -0.384313418208943, 50.860300654929311 ], [ -0.38431563528218, 50.860302264256539 ], [ -0.384318074061266, 50.860303908568767 ], [ -0.384320734546227, 50.860305587866016 ], [ -0.384323284176889, 50.860307127221581 ], [ -0.384325722953217, 50.860308526635514 ], [ -0.384328050875177, 50.860309786107791 ], [ -0.384330267942741, 50.860310905638457 ], [ -0.384332374155883, 50.860311885227475 ], [ -0.384334369514573, 50.860312724874881 ], [ -0.384336254018791, 50.860313424580667 ], [ -0.384338027668514, 50.860313984344835 ], [ -0.384340244728482, 50.860314509122958 ], [ -0.384342905198706, 50.860314998914987 ], [ -0.384346009079195, 50.860315453720922 ], [ -0.384349556369956, 50.860315873540706 ], [ -0.384353547070992, 50.860316258374297 ], [ -0.384357981182309, 50.860316608221666 ], [ -0.384362858703905, 50.860316923082763 ], [ -0.384368179635783, 50.860317202957511 ], [ -0.384373555989728, 50.860317097992279 ], [ -0.384378987765614, 50.860316608187041 ], [ -0.384384474963301, 50.860315733541789 ], [ -0.384390017582652, 50.860314474056558 ], [ -0.384395615623525, 50.860312829731292 ], [ -0.384401269085776, 50.860310800565969 ], [ -0.384406977969259, 50.860308386560632 ] ] ] } },
{ "type": "Feature", "properties": { "fid": 119, "pit_id": 119, "mon_name": "Flint Mine Pit Group 11", "site": "Cissbury Ring", "mon_type": "Flint mine pit group", "nhle_id": null, "mon_uid": "MNA188970", "src_shot": "142707", "full_label": "Flint Mine Pit Group 11, Cissbury Ring", "area_m2": 35.37, "perim_m": 21.36, "diam_m": 6.71 }, "geometry": { "type": "Polygon", "coordinates": [ [ [ -0.384582792255187, 50.860466240342724 ], [ -0.384588113176638, 50.860465680568652 ], [ -0.384593101536382, 50.860464805926917 ], [ -0.384597757334335, 50.860463616417562 ], [ -0.38460208057043, 50.860462112040636 ], [ -0.38460607124461, 50.860460292796162 ], [ -0.38460972935683, 50.860458158684189 ], [ -0.384613054907059, 50.860455709704745 ], [ -0.384616047895284, 50.860452945857837 ], [ -0.384618708321498, 50.860449867143522 ], [ -0.384620869910771, 50.860446823415117 ], [ -0.384622532663201, 50.860443814672692 ], [ -0.38462369657889, 50.860440840916255 ], [ -0.384624361657932, 50.860437902145819 ], [ -0.384624527900427, 50.860434998361384 ], [ -0.384624195306464, 50.860432129562959 ], [ -0.384623363876136, 50.860429295750556 ], [ -0.38462203360953, 50.860426496924141 ], [ -0.384620758773686, 50.860424047951213 ], [ -0.384619539368567, 50.860421948831771 ], [ -0.384618375394139, 50.860420199565795 ], [ -0.38461726685037, 50.860418800153326 ], [ -0.384616213737233, 50.860417750594323 ], [ -0.3846152160547, 50.860417050888806 ], [ -0.384614273802746, 50.860416701036783 ], [ -0.38461338698135, 50.860416701038247 ], [ -0.384612444731853, 50.860416561098333 ], [ -0.384611447054264, 50.860416281217042 ], [ -0.384610393948592, 50.860415861394358 ], [ -0.384609285414848, 50.86041530163029 ], [ -0.384608121453046, 50.86041460192483 ], [ -0.384606902063196, 50.860413762278 ], [ -0.384605627245314, 50.860412782689771 ], [ -0.384604296999412, 50.86041166316015 ], [ -0.384602800475805, 50.860410648586928 ], [ -0.384601137674494, 50.86040973897012 ], [ -0.384599308595476, 50.860408934309682 ], [ -0.384597313238749, 50.860408234605657 ], [ -0.384595151604308, 50.860407639857989 ], [ -0.384592823692143, 50.860407150066699 ], [ -0.384590329502247, 50.860406765231758 ], [ -0.384587669034605, 50.860406485353181 ], [ -0.384584953141986, 50.860406310430818 ], [ -0.384582181824375, 50.860406240464677 ], [ -0.384579355081751, 50.860406275454757 ], [ -0.384576472914096, 50.860406415401037 ], [ -0.384573535321391, 50.860406660303532 ], [ -0.384570542303614, 50.860407010162241 ], [ -0.384567493860746, 50.860407464977143 ], [ -0.384564389992762, 50.860408024748246 ], [ -0.384561396978343, 50.860408654489845 ], [ -0.384558514817477, 50.860409354201984 ], [ -0.384555743510158, 50.860410123884648 ], [ -0.384553083056377, 50.860410963537845 ], [ -0.384550533456129, 50.86041187316161 ], [ -0.384548094709408, 50.860412852755921 ], [ -0.38454576681621, 50.860413902320801 ], [ -0.384543549776532, 50.86041502185622 ], [ -0.384541499018033, 50.860416316318094 ], [ -0.384539614540702, 50.860417785706424 ], [ -0.384537896344535, 50.860419430021203 ], [ -0.384536344429527, 50.860421249262458 ], [ -0.384534958795682, 50.860423243430184 ], [ -0.384533739443003, 50.860425412524378 ], [ -0.384532686371501, 50.860427756545057 ], [ -0.384531799581186, 50.86043027549222 ], [ -0.384531189922401, 50.860432794438779 ], [ -0.38453085739519, 50.860435313384762 ], [ -0.384530801999597, 50.860437832330142 ], [ -0.384531023735667, 50.860440351274939 ], [ -0.384531522603446, 50.860442870219138 ], [ -0.384532298602976, 50.86044538916277 ], [ -0.384533351734304, 50.860447908105776 ], [ -0.384534681997475, 50.860450427048178 ], [ -0.384536012256851, 50.860452631122513 ], [ -0.384537342512407, 50.860454520328759 ], [ -0.384538672764118, 50.860456094666944 ], [ -0.384540003011957, 50.86045735413704 ], [ -0.384541333255899, 50.860458298739061 ], [ -0.384542663495916, 50.860458928473015 ], [ -0.384543993731983, 50.860459243338887 ], [ -0.384545323964072, 50.860459243336678 ], [ -0.384546543344766, 50.860459348290654 ], [ -0.384547651874074, 50.860459558200795 ], [ -0.384548649552001, 50.860459873067093 ], [ -0.38454953637855, 50.860460292889591 ], [ -0.384550312353726, 50.860460817668269 ], [ -0.384550977477528, 50.860461447403118 ], [ -0.384551531749957, 50.860462182094167 ], [ -0.384551975171012, 50.860463021741381 ], [ -0.384552529443873, 50.860463791417772 ], [ -0.384553194568546, 50.860464491123317 ], [ -0.384553970545029, 50.860465120858017 ], [ -0.384554857373327, 50.86046568062185 ], [ -0.384555855053437, 50.86046617041486 ], [ -0.384556963585361, 50.860466590236996 ], [ -0.384558182969093, 50.860466940088273 ], [ -0.384559513204635, 50.860467219968712 ], [ -0.384561342275982, 50.860467394892439 ], [ -0.384563670183129, 50.860467464859461 ], [ -0.384566496926062, 50.860467429869757 ], [ -0.384569822504766, 50.860467289923278 ], [ -0.384573646919209, 50.860467045019973 ], [ -0.384577970169363, 50.860466695159815 ], [ -0.384582792255187, 50.860466240342724 ] ] ] } },
{ "type": "Feature", "properties": { "fid": 120, "pit_id": 120, "mon_name": "Flint Mine Pit Group 11", "site": "Cissbury Ring", "mon_type": "Flint mine pit group", "nhle_id": null, "mon_uid": "MNA188970", "src_shot": "142707", "full_label": "Flint Mine Pit Group 11, Cissbury Ring", "area_m2": 56.13, "perim_m": 27.19, "diam_m": 8.45 }, "geometry": { "type": "Polygon", "coordinates": [ [ [ -0.385243023016989, 50.859805991273298 ], [ -0.385247457114402, 50.859804871717557 ], [ -0.385251392374189, 50.859803752162719 ], [ -0.385254828796383, 50.859802632608833 ], [ -0.385257766381017, 50.859801513055949 ], [ -0.385260205128129, 50.859800393504095 ], [ -0.38526214503775, 50.859799273953314 ], [ -0.385263586109919, 50.859798154403613 ], [ -0.385264528344669, 50.859797034855021 ], [ -0.385264971742037, 50.859795915307565 ], [ -0.385265525993054, 50.85979486573153 ], [ -0.385266191097712, 50.859793886126901 ], [ -0.385266967056013, 50.859792976493708 ], [ -0.385267853867949, 50.859792136831913 ], [ -0.385268851533522, 50.859791367141526 ], [ -0.385269960052728, 50.859790667422565 ], [ -0.385271179425569, 50.859790037674998 ], [ -0.385272509652046, 50.859789477898829 ], [ -0.385273784450862, 50.859788813165231 ], [ -0.385275003822009, 50.859788043474246 ], [ -0.385276167765484, 50.859787168825825 ], [ -0.385277276281281, 50.859786189219996 ], [ -0.385278329369395, 50.859785104656758 ], [ -0.385279327029824, 50.859783915136113 ], [ -0.385280269262563, 50.859782620658059 ], [ -0.385281156067614, 50.859781221222583 ], [ -0.385281876591722, 50.859779681843996 ], [ -0.385282430834897, 50.859778002522312 ], [ -0.385282818797154, 50.859776183257502 ], [ -0.385283040478506, 50.859774224049595 ], [ -0.385283095878972, 50.859772124898562 ], [ -0.385282984998575, 50.859769885804432 ], [ -0.385282707837336, 50.859767506767191 ], [ -0.385282264395286, 50.859764987786846 ], [ -0.385281710103021, 50.859762678721808 ], [ -0.38528104496055, 50.859760579572104 ], [ -0.385280268967882, 50.859758690337713 ], [ -0.385279382125019, 50.85975701101863 ], [ -0.385278384431961, 50.859755541614852 ], [ -0.385277275888708, 50.859754282126389 ], [ -0.385276056495252, 50.859753232553231 ], [ -0.385274726251585, 50.859752392895381 ], [ -0.38527356228712, 50.859751553237139 ], [ -0.385272564601846, 50.859750713578528 ], [ -0.385271733195755, 50.859749873919547 ], [ -0.385271068068838, 50.859749034260197 ], [ -0.385270569221085, 50.859748194600485 ], [ -0.385270236652489, 50.859747354940417 ], [ -0.385270070363039, 50.859746515279973 ], [ -0.385270070352727, 50.85974567561918 ], [ -0.385269904064526, 50.859744940916343 ], [ -0.385269571498443, 50.859744311171475 ], [ -0.385269072654483, 50.859743786384541 ], [ -0.385268407532648, 50.859743366555577 ], [ -0.385267576132939, 50.859743051684575 ], [ -0.385266578455352, 50.859742841771507 ], [ -0.385265414499884, 50.859742736816365 ], [ -0.385264084266527, 50.859742736819186 ], [ -0.385262754031851, 50.859742631864385 ], [ -0.385261423795863, 50.859742421951985 ], [ -0.385260093558573, 50.859742107081949 ], [ -0.38525876331999, 50.859741687254299 ], [ -0.385257433080121, 50.859741162469049 ], [ -0.385256102838978, 50.859740532726178 ], [ -0.385254772596566, 50.859739798025693 ], [ -0.385253442352896, 50.859738958367586 ], [ -0.385251779551279, 50.859738153696114 ], [ -0.385249784191728, 50.859737384011275 ], [ -0.385247456274254, 50.859736649313021 ], [ -0.385244795798871, 50.859735949601379 ], [ -0.385241802765584, 50.85973528487628 ], [ -0.385238477174405, 50.859734655137736 ], [ -0.385234819025339, 50.859734060385691 ], [ -0.385230828318393, 50.859733500620102 ], [ -0.385226948465607, 50.8597330458119 ], [ -0.385223179466953, 50.859732695961043 ], [ -0.385219521322404, 50.859732451067586 ], [ -0.385215974031934, 50.859732311131509 ], [ -0.385212537595516, 50.859732276152833 ], [ -0.385209212013128, 50.859732346131565 ], [ -0.385205997284747, 50.85973252106772 ], [ -0.385202893410351, 50.859732800961311 ], [ -0.385200177521099, 50.859733115839873 ], [ -0.38519784961699, 50.859733465703457 ], [ -0.385195909698029, 50.859733850552061 ], [ -0.385194357764217, 50.859734270385715 ], [ -0.385193193815564, 50.859734725204454 ], [ -0.385192417852078, 50.859735215008271 ], [ -0.385192029873767, 50.859735739797173 ], [ -0.385192029880645, 50.859736299571168 ], [ -0.385191697330117, 50.859736929317627 ], [ -0.385191032222165, 50.859737629036545 ], [ -0.385190034556776, 50.859738398727906 ], [ -0.385188704333927, 50.859739238391725 ], [ -0.385187041553593, 50.859740148027967 ], [ -0.38518504621575, 50.859741127636646 ], [ -0.385182718320367, 50.859742177217719 ], [ -0.385180057867411, 50.859743296771171 ], [ -0.385177563695358, 50.859744556267636 ], [ -0.385175235804197, 50.85974595570714 ], [ -0.385173074193921, 50.859747495089664 ], [ -0.38517107886453, 50.859749174415235 ], [ -0.385169249816019, 50.859750993683868 ], [ -0.385167587048393, 50.859752952895548 ], [ -0.385166090561657, 50.859755052050303 ], [ -0.385164760355818, 50.859757291148128 ], [ -0.385163707283074, 50.859759635202757 ], [ -0.385162931343457, 50.859762084214211 ], [ -0.385162432537004, 50.859764638182469 ], [ -0.38516221086376, 50.859767297107531 ], [ -0.385162266323765, 50.859770060989447 ], [ -0.385162598917071, 50.859772929828161 ], [ -0.385163208643731, 50.859775903623699 ], [ -0.385164095503802, 50.859778982376049 ], [ -0.385165037786016, 50.859781711269846 ], [ -0.385166035490363, 50.859784090305077 ], [ -0.38516708861683, 50.859786119481754 ], [ -0.385168197165405, 50.85978779879985 ], [ -0.385169361136065, 50.859789128259401 ], [ -0.385170580528795, 50.859790107860363 ], [ -0.385171855343568, 50.859790737602772 ], [ -0.385173185580357, 50.859791017486614 ], [ -0.385174349538844, 50.859791367342446 ], [ -0.38517534721903, 50.859791787170295 ], [ -0.385176178620913, 50.859792276970133 ], [ -0.385176843744491, 50.859792836741988 ], [ -0.385177342589763, 50.859793466485861 ], [ -0.385177675156724, 50.859794166201745 ], [ -0.385177841445366, 50.859794935889653 ], [ -0.385177841455684, 50.859795775549564 ], [ -0.385178007743873, 50.859796510251655 ], [ -0.385178340309939, 50.859797139995905 ], [ -0.385178839153887, 50.859797664782313 ], [ -0.385179504275721, 50.859798084610873 ], [ -0.385180335675438, 50.859798399481598 ], [ -0.385181333353038, 50.859798609394488 ], [ -0.385182497308517, 50.859798714349516 ], [ -0.385183827541867, 50.859798714346695 ], [ -0.385184991496903, 50.859798784315856 ], [ -0.38518598917363, 50.859798924257007 ], [ -0.38518682057205, 50.859799134170167 ], [ -0.385187485692165, 50.859799414055338 ], [ -0.385187984533974, 50.85979976391252 ], [ -0.385188317097478, 50.859800183741704 ], [ -0.385188483382669, 50.859800673542921 ], [ -0.385188483389547, 50.859801233316134 ], [ -0.385189093087033, 50.859801828073948 ], [ -0.385190312475152, 50.859802457816393 ], [ -0.38519214155393, 50.859803122543411 ], [ -0.385194580323398, 50.859803822254989 ], [ -0.385197628783592, 50.859804556951104 ], [ -0.385201286934546, 50.859805326631665 ], [ -0.3852055547763, 50.859806131296658 ], [ -0.385210432308898, 50.859806970945989 ], [ -0.385215254412357, 50.859807565694652 ], [ -0.385220021086602, 50.859807915542696 ], [ -0.385224732331554, 50.859808020490078 ], [ -0.385229388147141, 50.859807880536813 ], [ -0.38523398853329, 50.859807495682929 ], [ -0.385238533489928, 50.859806865928419 ], [ -0.385243023016989, 50.859805991273298 ] ] ] } },
{ "type": "Feature", "properties": { "fid": 121, "pit_id": 121, "mon_name": "Flint Mine Pit Group 11", "site": "Cissbury Ring", "mon_type": "Flint mine pit group", "nhle_id": null, "mon_uid": "MNA188970", "src_shot": "142707", "full_label": "Flint Mine Pit Group 11, Cissbury Ring", "area_m2": 71.94, "perim_m": 30.77, "diam_m": 9.57 }, "geometry": { "type": "Polygon", "coordinates": [ [ [ -0.385241911624338, 50.859572845176601 ], [ -0.385245015495335, 50.859572285394165 ], [ -0.385247786807527, 50.859571690626346 ], [ -0.38525022556092, 50.859571060873186 ], [ -0.385252331755522, 50.859570396134693 ], [ -0.385254105391342, 50.859569696410865 ], [ -0.385255546468389, 50.859568961701775 ], [ -0.385256654986679, 50.859568192007359 ], [ -0.385257430946221, 50.859567387327694 ], [ -0.385257874347033, 50.859566547662745 ], [ -0.385258484027884, 50.859565777969465 ], [ -0.38525925998877, 50.859565078247833 ], [ -0.385260202229686, 50.859564448497885 ], [ -0.385261310750629, 50.859563888719578 ], [ -0.3852625855516, 50.859563398912925 ], [ -0.385264026632599, 50.859562979077907 ], [ -0.385265633993628, 50.859562629214544 ], [ -0.385267407634689, 50.859562349322808 ], [ -0.385268959569323, 50.859561999459501 ], [ -0.385270289797528, 50.859561579624611 ], [ -0.385271398319301, 50.859561089818172 ], [ -0.385272285134645, 50.859560530040163 ], [ -0.385272950243566, 50.85955990029062 ], [ -0.385273393646066, 50.859559200569521 ], [ -0.385273615342156, 50.859558430876888 ], [ -0.385273615331844, 50.859557591212706 ], [ -0.38527383702588, 50.859556646590001 ], [ -0.385274280424246, 50.859555597008793 ], [ -0.385274945526928, 50.859554442469054 ], [ -0.385275832333902, 50.859553182970785 ], [ -0.385276940845146, 50.859551818514007 ], [ -0.385278271060633, 50.859550349098676 ], [ -0.385279822980331, 50.859548774724821 ], [ -0.385281596604211, 50.859547095392408 ], [ -0.385283148522444, 50.85954541606035 ], [ -0.385284478735055, 50.859543736728703 ], [ -0.385285587242069, 50.859542057397434 ], [ -0.385286474043508, 50.859540378066576 ], [ -0.385287139139396, 50.859538698736124 ], [ -0.385287582529756, 50.859537019406105 ], [ -0.385287804214613, 50.859535340076484 ], [ -0.385287804193991, 50.859533660747275 ], [ -0.385287582465524, 50.859531806488256 ], [ -0.385287139029239, 50.85952977729945 ], [ -0.38528647388517, 50.859527573180813 ], [ -0.385285587033357, 50.859525194132353 ], [ -0.38528447847384, 50.859522640154083 ], [ -0.38528314820667, 50.859519911245975 ], [ -0.385281596231897, 50.859517007408044 ], [ -0.385279822549583, 50.859513928640254 ], [ -0.385278104298102, 50.859511199732729 ], [ -0.385276441477409, 50.859508820685484 ], [ -0.38527483408746, 50.859506791498475 ], [ -0.385273282128212, 50.859505112171753 ], [ -0.385271785599625, 50.85950378270531 ], [ -0.385270344501662, 50.859502803099119 ], [ -0.385268958834289, 50.859502173353221 ], [ -0.38526762859747, 50.859501893467574 ], [ -0.38526640921257, 50.859501543609596 ], [ -0.385265300679594, 50.859501123779275 ], [ -0.38526430299854, 50.859500633976594 ], [ -0.385263416169412, 50.859500074201591 ], [ -0.385262640192208, 50.859499444454229 ], [ -0.385261975066928, 50.859498744734552 ], [ -0.38526142079357, 50.859497975042537 ], [ -0.385260977372129, 50.85949713537817 ], [ -0.385260256819575, 50.859496365686532 ], [ -0.385259259135914, 50.859495665967593 ], [ -0.385257984321158, 50.859495036221354 ], [ -0.38525643237531, 50.859494476447807 ], [ -0.385254603298375, 50.859493986646939 ], [ -0.385252497090354, 50.85949356681872 ], [ -0.385250113751245, 50.859493216963159 ], [ -0.385247453281042, 50.85949293708024 ], [ -0.385245125368772, 50.859492622210503 ], [ -0.385243130014434, 50.859492272353997 ], [ -0.385241467218023, 50.859491887510728 ], [ -0.385240136979532, 50.859491467680698 ], [ -0.38523913929896, 50.859491012863934 ], [ -0.385238474176296, 50.85949052306043 ], [ -0.385238141611531, 50.859489998270206 ], [ -0.385238141604654, 50.859489438493263 ], [ -0.385237642761102, 50.859488948689545 ], [ -0.385236645080887, 50.859488528859025 ], [ -0.385235148564019, 50.859488179001737 ], [ -0.385233153210502, 50.859487899117596 ], [ -0.385230659020337, 50.859487689206617 ], [ -0.385227665993522, 50.859487549268778 ], [ -0.385224174130046, 50.859487479304015 ], [ -0.385220183429897, 50.859487479312293 ], [ -0.385216248157516, 50.859487584278618 ], [ -0.385212368312877, 50.859487794202984 ], [ -0.385208543895953, 50.859488109085405 ], [ -0.385204774906721, 50.85948852892588 ], [ -0.385201061345155, 50.859489053724431 ], [ -0.385197403211233, 50.859489683481051 ], [ -0.385193800504932, 50.859490418195733 ], [ -0.385190253226231, 50.859491257868491 ], [ -0.385187093932195, 50.859492097540347 ], [ -0.385184322622844, 50.85949293721135 ], [ -0.3851819392982, 50.859493776881486 ], [ -0.385179943958281, 50.859494616550819 ], [ -0.38517833660311, 50.859495456219342 ], [ -0.385177117232705, 50.859496295887077 ], [ -0.385176285847088, 50.859497135554044 ], [ -0.38517584244628, 50.859497975220243 ], [ -0.385175177339949, 50.859498814886919 ], [ -0.385174290528084, 50.85949965455405 ], [ -0.385173182010674, 50.859500494221649 ], [ -0.385171851787704, 50.859501333889703 ], [ -0.385170299859167, 50.859502173558191 ], [ -0.385168526225049, 50.859503013227126 ], [ -0.385166530885338, 50.859503852896481 ], [ -0.385164313840022, 50.859504692566247 ], [ -0.385162263079128, 50.859505952067998 ], [ -0.385160378602613, 50.859507631401748 ], [ -0.385158660410441, 50.859509730567517 ], [ -0.38515710850259, 50.85951224956527 ], [ -0.385155722879042, 50.859515188395065 ], [ -0.385154503539787, 50.859518547056858 ], [ -0.38515345048483, 50.859522325550692 ], [ -0.385152563714176, 50.859526523876546 ], [ -0.385152009497757, 50.85953040732732 ], [ -0.385151787835669, 50.859533975902977 ], [ -0.385151898727992, 50.859537229603546 ], [ -0.385152342174796, 50.859540168429035 ], [ -0.385153118176135, 50.859542792379436 ], [ -0.385154226732051, 50.859545101454721 ], [ -0.385155667842573, 50.859547095654897 ], [ -0.385157441507714, 50.859548774979956 ], [ -0.385158993466095, 50.859550349347387 ], [ -0.385160323717686, 50.85955181875719 ], [ -0.385161432262455, 50.859553183209385 ], [ -0.385162319100373, 50.859554442703981 ], [ -0.385162984231421, 50.859555597240963 ], [ -0.385163427655576, 50.859556646820359 ], [ -0.38516364937282, 50.859557591442147 ], [ -0.385163649383141, 50.859558431106343 ], [ -0.385163815671332, 50.859559165812179 ], [ -0.385164148237405, 50.85955979555964 ], [ -0.385164647081364, 50.859560320348749 ], [ -0.385165312203211, 50.859560740179482 ], [ -0.385166143602943, 50.859561055051849 ], [ -0.385167141280563, 50.859561264965834 ], [ -0.385168305236062, 50.859561369921437 ], [ -0.385169635469439, 50.859561369918666 ], [ -0.385170854851306, 50.85956147487412 ], [ -0.385171963381676, 50.859561684787806 ], [ -0.385172961060551, 50.859561999659732 ], [ -0.385173847887936, 50.859562419489897 ], [ -0.385174623863836, 50.859562944278309 ], [ -0.385175288988252, 50.859563574024961 ], [ -0.385175843261181, 50.859564308729865 ], [ -0.385176286682625, 50.859565148393017 ], [ -0.385177506073385, 50.859565988054705 ], [ -0.385179501433506, 50.85956682771495 ], [ -0.385182272763029, 50.859567667373689 ], [ -0.385185820061996, 50.859568507030851 ], [ -0.385190143330454, 50.859569346686378 ], [ -0.385195242568442, 50.859570186340193 ], [ -0.385201117776007, 50.859571025992196 ], [ -0.385207768953193, 50.859571865642245 ], [ -0.385213976717349, 50.859572530363032 ], [ -0.385219741068386, 50.859573020154606 ], [ -0.385225062006223, 50.85957333501706 ], [ -0.385229939530793, 50.85957347495043 ], [ -0.385234373642033, 50.859573439954772 ], [ -0.385238364339895, 50.859573230030144 ], [ -0.385241911624338, 50.859572845176601 ] ] ] } },
{ "type": "Feature", "properties": { "fid": 122, "pit_id": 122, "mon_name": "Flint Mine Pit Group 12", "site": "Cissbury Ring", "mon_type": "Flint mine pit group", "nhle_id": null, "mon_uid": "MNA188969", "src_shot": "142723", "full_label": "Flint Mine Pit Group 12, Cissbury Ring", "area_m2": 48.91, "perim_m": 25.35, "diam_m": 7.89 }, "geometry": { "type": "Polygon", "coordinates": [ [ [ -0.383426374659445, 50.860265006201715 ], [ -0.383431695573967, 50.860263886657528 ], [ -0.383436462224559, 50.860262732128554 ], [ -0.383440674611246, 50.860261542614865 ], [ -0.38344433273406, 50.860260318116509 ], [ -0.383447436593036, 50.860259058633545 ], [ -0.38344998618821, 50.860257764166008 ], [ -0.383451981519622, 50.860256434713953 ], [ -0.383453422587313, 50.86025507027739 ], [ -0.383454309391327, 50.860253670856366 ], [ -0.383455251622972, 50.860252376391692 ], [ -0.38345624928225, 50.860251186883396 ], [ -0.383457302369163, 50.86025010233147 ], [ -0.383458410883715, 50.860249122735901 ], [ -0.383459574825909, 50.860248248096717 ], [ -0.383460794195752, 50.860247478413882 ], [ -0.383462068993247, 50.860246813687404 ], [ -0.383463399218402, 50.860246253917303 ], [ -0.383464563161932, 50.860245484234405 ], [ -0.383465560823826, 50.86024450463875 ], [ -0.383466392204084, 50.860243315130312 ], [ -0.383467057302704, 50.860241915709118 ], [ -0.383467556119693, 50.860240306375168 ], [ -0.383467888655063, 50.860238487128434 ], [ -0.383468054908825, 50.860236457968959 ], [ -0.383468054881, 50.860234218896736 ], [ -0.383467833147265, 50.860231944839242 ], [ -0.383467389707653, 50.8602296357965 ], [ -0.383466724562199, 50.860227291768496 ], [ -0.383465837710937, 50.860224912755228 ], [ -0.383464729153903, 50.860222498756691 ], [ -0.383463398891135, 50.860220049772906 ], [ -0.383461846922666, 50.860217565803815 ], [ -0.38346007324854, 50.86021504684944 ], [ -0.383458022444409, 50.860212667837601 ], [ -0.383455694510299, 50.860210428768283 ], [ -0.383453089446229, 50.860208329641459 ], [ -0.383450207252216, 50.860206370457114 ], [ -0.383447047928265, 50.860204551215247 ], [ -0.383443611474385, 50.860202871915817 ], [ -0.383439897890575, 50.860201332558802 ], [ -0.383435907176828, 50.860199933144173 ], [ -0.383432027318097, 50.860198708656981 ], [ -0.383428258314331, 50.860197659097231 ], [ -0.383424600165477, 50.860196784464925 ], [ -0.383421052871492, 50.860196084760084 ], [ -0.383417616432327, 50.860195559982721 ], [ -0.383414290847943, 50.860195210132844 ], [ -0.383411076118299, 50.860195035210431 ], [ -0.383407972243358, 50.86019503521554 ], [ -0.383405200927335, 50.860195105191103 ], [ -0.383402762170218, 50.860195245137135 ], [ -0.383400655972002, 50.86019545505367 ], [ -0.383398882332676, 50.860195734940724 ], [ -0.383397441252242, 50.860196084798311 ], [ -0.383396332730699, 50.860196504626444 ], [ -0.383395556768051, 50.860196994425131 ], [ -0.383395113364306, 50.860197554194379 ], [ -0.38339455910701, 50.860198043992746 ], [ -0.383393893996163, 50.86019846382024 ], [ -0.383393118031764, 50.86019881367686 ], [ -0.383392231213816, 50.860199093562592 ], [ -0.383391233542321, 50.860199303477451 ], [ -0.38339012501728, 50.860199443421415 ], [ -0.383388905638699, 50.860199513394491 ], [ -0.383387575406582, 50.860199513396694 ], [ -0.383386411454354, 50.860199583369642 ], [ -0.383385413782014, 50.860199723313386 ], [ -0.383384582389555, 50.860199933227882 ], [ -0.383383917276978, 50.860200213113195 ], [ -0.383383418444281, 50.86020056296929 ], [ -0.383383085891466, 50.860200982796165 ], [ -0.383382919618537, 50.860201472593836 ], [ -0.383382919625498, 50.860202032362309 ], [ -0.383382753352579, 50.860202522159987 ], [ -0.383382420799776, 50.860202941986891 ], [ -0.383381921967086, 50.860203291843014 ], [ -0.383381256854506, 50.86020357172837 ], [ -0.383380425462038, 50.860203781642944 ], [ -0.383379427789686, 50.860203921586717 ], [ -0.383378263837448, 50.8602039915597 ], [ -0.383376933605331, 50.860203991561889 ], [ -0.383375492524145, 50.860204271448438 ], [ -0.383373940593862, 50.860204831219356 ], [ -0.383372277814448, 50.860205670874635 ], [ -0.383370504185869, 50.860206790414246 ], [ -0.383368619708086, 50.860208189838211 ], [ -0.383366624381053, 50.860209869146523 ], [ -0.383364518204722, 50.86021182833916 ], [ -0.383362301179041, 50.860214067416123 ], [ -0.383360472140143, 50.860216516405274 ], [ -0.383359031088062, 50.860219175306632 ], [ -0.383357978022843, 50.860222044120228 ], [ -0.383357312944541, 50.860225122846046 ], [ -0.383357035853226, 50.860228411484094 ], [ -0.383357146748971, 50.860231910034386 ], [ -0.383357645631865, 50.86023561849693 ], [ -0.383358532502004, 50.86023953687171 ], [ -0.383359419366143, 50.860242965449451 ], [ -0.383360306224258, 50.860245904230169 ], [ -0.383361193076319, 50.860248353213855 ], [ -0.383362079922305, 50.86025031240051 ], [ -0.383362966762186, 50.86025178179014 ], [ -0.383363853595936, 50.860252761382732 ], [ -0.383364740423528, 50.8602532511783 ], [ -0.383365627244936, 50.860253251176836 ], [ -0.383366458641298, 50.860253356131913 ], [ -0.38336723461262, 50.860253566043561 ], [ -0.383367955158905, 50.860253880911763 ], [ -0.383368620280158, 50.860254300736514 ], [ -0.383369229976382, 50.860254825517821 ], [ -0.383369784247578, 50.860255455255682 ], [ -0.383370283093749, 50.8602561899501 ], [ -0.383370726514894, 50.860257029601087 ], [ -0.383371280787415, 50.860257764295419 ], [ -0.383371945911312, 50.860258394033124 ], [ -0.383372721886587, 50.860258918814182 ], [ -0.383373608713237, 50.860259338638599 ], [ -0.383374606391261, 50.860259653506375 ], [ -0.383375714920652, 50.860259863417483 ], [ -0.383376934301408, 50.860259968371942 ], [ -0.383378264533519, 50.860259968369746 ], [ -0.383379428487481, 50.86026003833878 ], [ -0.383380426163298, 50.860260178279063 ], [ -0.383381257560974, 50.860260388190568 ], [ -0.383381922680511, 50.860260668073323 ], [ -0.383382421521907, 50.860261017927314 ], [ -0.383382754085161, 50.860261437752555 ], [ -0.383382920370271, 50.86026192754904 ], [ -0.383382920377231, 50.860262487316781 ], [ -0.383383308368507, 50.860263047083919 ], [ -0.383384084344114, 50.860263606850438 ], [ -0.383385248304063, 50.860264166616339 ], [ -0.38338680024837, 50.860264726381629 ], [ -0.38338874017705, 50.860265286146259 ], [ -0.383391068090115, 50.860265845910234 ], [ -0.383393783987582, 50.860266405673514 ], [ -0.383396887869466, 50.860266965436089 ], [ -0.383400268880615, 50.860267315285405 ], [ -0.383403927020993, 50.860267455221475 ], [ -0.383407862290555, 50.860267385244228 ], [ -0.383412074689245, 50.860267105353671 ], [ -0.383416564217003, 50.860266615549747 ], [ -0.383421330873762, 50.860265915832443 ], [ -0.383426374659445, 50.860265006201715 ] ] ] } },
{ "type": "Feature", "properties": { "fid": 123, "pit_id": 123, "mon_name": "Flint Mine Pit Group 12", "site": "Cissbury Ring", "mon_type": "Flint mine pit group", "nhle_id": null, "mon_uid": "MNA188969", "src_shot": "142723", "full_label": "Flint Mine Pit Group 12, Cissbury Ring", "area_m2": 34.52, "perim_m": 21.15, "diam_m": 6.63 }, "geometry": { "type": "Polygon", "coordinates": [ [ [ -0.383715922649065, 50.86032965884722 ], [ -0.383716809463521, 50.860329099078839 ], [ -0.38371791798419, 50.860328609280998 ], [ -0.383719248211067, 50.860328189453647 ], [ -0.383720800144153, 50.860327839596842 ], [ -0.383722573783451, 50.860327559710527 ], [ -0.383724569128965, 50.860327349794716 ], [ -0.383726786180701, 50.860327209849409 ], [ -0.383729224938666, 50.860327139874556 ], [ -0.383731885402874, 50.860327139870165 ], [ -0.383734213308199, 50.860327069895405 ], [ -0.38373620865463, 50.86032692995029 ], [ -0.383737871442166, 50.860326720034841 ], [ -0.383739201670799, 50.860326440149059 ], [ -0.383740199340532, 50.860326090292972 ], [ -0.383740864451366, 50.860325670466594 ], [ -0.383741197003305, 50.860325180669911 ], [ -0.383741196996362, 50.860324620902936 ], [ -0.383741474121141, 50.860324061135515 ], [ -0.383742028377632, 50.860323501367645 ], [ -0.383742859765827, 50.860322941599335 ], [ -0.383743968285715, 50.860322381830564 ], [ -0.383745353937287, 50.86032182206133 ], [ -0.383747016720531, 50.860321262291627 ], [ -0.383748956635441, 50.860320702521427 ], [ -0.383751173682004, 50.860320142750737 ], [ -0.383753113596416, 50.860319547995026 ], [ -0.383754776378682, 50.860318918254286 ], [ -0.383756162028809, 50.860318253528554 ], [ -0.383757270546805, 50.860317553817829 ], [ -0.383758101932682, 50.860316819122104 ], [ -0.383758656186449, 50.860316049441415 ], [ -0.383758933308118, 50.860315244775748 ], [ -0.383758933297704, 50.860314405125095 ], [ -0.383759044140843, 50.860313635445159 ], [ -0.38375926583753, 50.860312935735934 ], [ -0.383759598387763, 50.86031230599739 ], [ -0.383760041791537, 50.860311746229549 ], [ -0.383760596048851, 50.860311256432418 ], [ -0.383761261159704, 50.86031083660599 ], [ -0.383762037124096, 50.860310486750258 ], [ -0.383762923942028, 50.860310206865208 ], [ -0.383763589049349, 50.860309507155023 ], [ -0.383764032446053, 50.860308387619668 ], [ -0.383764254132141, 50.860306848259171 ], [ -0.383764254107628, 50.860304889073539 ], [ -0.383764032372541, 50.860302510062752 ], [ -0.38376358892692, 50.860299711226816 ], [ -0.383762923770811, 50.860296492565723 ], [ -0.383762036904278, 50.860292854079475 ], [ -0.383760762056732, 50.860289495477531 ], [ -0.383759099228233, 50.860286416759877 ], [ -0.383757048418829, 50.860283617926498 ], [ -0.383754609628556, 50.860281098977389 ], [ -0.383751782857434, 50.860278859912491 ], [ -0.383748568105469, 50.860276900731805 ], [ -0.383744965372654, 50.86027522143528 ], [ -0.383740974658968, 50.860273822022911 ], [ -0.383736817669524, 50.8602726675092 ], [ -0.383732494404271, 50.860271757894125 ], [ -0.383728004863154, 50.860271093177687 ], [ -0.383723349046106, 50.860270673359857 ], [ -0.383718526953064, 50.860270498440613 ], [ -0.383713538583951, 50.860270568419928 ], [ -0.38370838393869, 50.860270883297815 ], [ -0.383703063017197, 50.860271443074197 ], [ -0.383698130083689, 50.860272282733511 ], [ -0.383693585138093, 50.860273402275809 ], [ -0.383689428180358, 50.860274801701124 ], [ -0.383685659210441, 50.8602764810095 ], [ -0.383682278228315, 50.860278440200993 ], [ -0.383679285233965, 50.860280679275604 ], [ -0.383676680227395, 50.860283198233375 ], [ -0.383674463208616, 50.860285997074342 ], [ -0.383672689600694, 50.860288830899812 ], [ -0.383671359403704, 50.860291699709805 ], [ -0.383670472617725, 50.860294603504336 ], [ -0.383670029242834, 50.860297542283426 ], [ -0.383670029279118, 50.860300516047076 ], [ -0.383670472726657, 50.860303524795277 ], [ -0.38367135958554, 50.860306568528031 ], [ -0.383672689855853, 50.86030964724533 ], [ -0.383674408107824, 50.860312516049319 ], [ -0.383676514341503, 50.860315174939963 ], [ -0.383679008556927, 50.860317623917275 ], [ -0.383681890754125, 50.860319862981193 ], [ -0.383685160933117, 50.860321892131715 ], [ -0.38368881909391, 50.860323711368807 ], [ -0.383692865236501, 50.860325320692411 ], [ -0.383697299360875, 50.860326720102513 ], [ -0.38370129007175, 50.860327874615173 ], [ -0.383704837369027, 50.860328784230454 ], [ -0.383707941252623, 50.86032944894837 ], [ -0.383710601722473, 50.860329868768986 ], [ -0.383712818778521, 50.860330043692322 ], [ -0.383714592420726, 50.8603299737184 ], [ -0.383715922649065, 50.86032965884722 ] ] ] } },
{ "type": "Feature", "properties": { "fid": 124, "pit_id": 124, "mon_name": "Flint Mine Pit Group 12", "site": "Cissbury Ring", "mon_type": "Flint mine pit group", "nhle_id": null, "mon_uid": "MNA188969", "src_shot": "142723", "full_label": "Flint Mine Pit Group 12, Cissbury Ring", "area_m2": 81.42, "perim_m": 33.06, "diam_m": 10.18 }, "geometry": { "type": "Polygon", "coordinates": [ [ [ -0.384035843719743, 50.860349809924529 ], [ -0.384038947587716, 50.860349250152737 ], [ -0.38404188517499, 50.860348550439461 ], [ -0.384044656481548, 50.86034771078473 ], [ -0.384047261507372, 50.860346731188557 ], [ -0.384049700252449, 50.860345611650928 ], [ -0.384051972716769, 50.860344352171886 ], [ -0.384054078900325, 50.860342952751424 ], [ -0.384056018803111, 50.860341413389548 ], [ -0.384057792425127, 50.860339734086274 ], [ -0.384059455196972, 50.860338264695713 ], [ -0.384061007118678, 50.860337005217858 ], [ -0.384062448190275, 50.860335955652737 ], [ -0.384063778411793, 50.860335116000329 ], [ -0.384064997783254, 50.860334486260648 ], [ -0.384066106304676, 50.860334066433715 ], [ -0.384067103976082, 50.86033385651951 ], [ -0.384067990797483, 50.860333856518054 ], [ -0.384068766764916, 50.860333751560454 ], [ -0.384069431878376, 50.860333541646767 ], [ -0.38406998613786, 50.860333226776959 ], [ -0.384070429543365, 50.860332806951035 ], [ -0.384070762094893, 50.860332282169011 ], [ -0.384070983792443, 50.86033165243088 ], [ -0.38407109463602, 50.860330917736633 ], [ -0.384071094625627, 50.860330078086278 ], [ -0.384071205469214, 50.860329343392031 ], [ -0.384071427166775, 50.860328713653914 ], [ -0.384071759718309, 50.860328188871897 ], [ -0.384072203123813, 50.860327769045995 ], [ -0.384072757383288, 50.860327454176208 ], [ -0.384073422496736, 50.86032724426255 ], [ -0.384074198464158, 50.860327139304964 ], [ -0.38407508528556, 50.860327139303507 ], [ -0.384075972101852, 50.860326719476717 ], [ -0.384076858913012, 50.860325879824593 ], [ -0.384077745719013, 50.860324620347143 ], [ -0.38407863251983, 50.86032294104438 ], [ -0.384079519315441, 50.860320841916277 ], [ -0.384080406105819, 50.860318322962854 ], [ -0.384081292890939, 50.860315384184084 ], [ -0.384082179670775, 50.860312025580001 ], [ -0.384082844747273, 50.860308841903375 ], [ -0.384083288120487, 50.860305833154229 ], [ -0.384083509790464, 50.860302999332568 ], [ -0.38408350975725, 50.860300340438364 ], [ -0.38408328802088, 50.860297856471647 ], [ -0.384082844581389, 50.860295547432401 ], [ -0.384082179438804, 50.860293413320647 ], [ -0.384081292593153, 50.860291454136345 ], [ -0.384080405750578, 50.860289739850259 ], [ -0.384079518911069, 50.860288270462405 ], [ -0.38407863207461, 50.860287045972761 ], [ -0.384077745241188, 50.860286066381356 ], [ -0.384076858410793, 50.860285331688154 ], [ -0.384075971583407, 50.860284841893169 ], [ -0.384075084759018, 50.860284596996415 ], [ -0.384074197937613, 50.860284596997872 ], [ -0.384073200260415, 50.860284352101232 ], [ -0.384072091727445, 50.860283862306467 ], [ -0.38407087233872, 50.860283127613599 ], [ -0.384069542094266, 50.86028214802262 ], [ -0.38406810099411, 50.860280923533509 ], [ -0.384066549038282, 50.860279454146273 ], [ -0.384064886226819, 50.860277739860919 ], [ -0.384063112559757, 50.860275780677419 ], [ -0.384061394322165, 50.860274066392115 ], [ -0.384059731514012, 50.86027259700505 ], [ -0.384058124135267, 50.860271372516159 ], [ -0.3840565721859, 50.8602703929255 ], [ -0.384055075665885, 50.86026965823303 ], [ -0.384053634575195, 50.860269168438805 ], [ -0.384052248913806, 50.860268923542769 ], [ -0.384050918681696, 50.860268923544957 ], [ -0.384049699300947, 50.860268818590519 ], [ -0.384048590771568, 50.860268608679441 ], [ -0.384047593093562, 50.860268293811743 ], [ -0.384046706266935, 50.860267873987432 ], [ -0.38404593029169, 50.860267349206488 ], [ -0.384045265167828, 50.860266719468925 ], [ -0.384044710895348, 50.860265984774749 ], [ -0.384044267474251, 50.860265145123961 ], [ -0.38404371320134, 50.860264375444309 ], [ -0.384043048076617, 50.860263675735808 ], [ -0.384042272100087, 50.860263045998451 ], [ -0.38404138527175, 50.860262486232244 ], [ -0.384040387591604, 50.860261996437174 ], [ -0.384039279059651, 50.860261576613226 ], [ -0.384038059675888, 50.860261226760421 ], [ -0.384036729440312, 50.860260946878746 ], [ -0.384034623237391, 50.860260771955048 ], [ -0.384031741067118, 50.860260701989311 ], [ -0.384028082929482, 50.860260736981431 ], [ -0.384023648824459, 50.86026087693137 ], [ -0.38401843875201, 50.860261121839031 ], [ -0.384012452712093, 50.86026147170432 ], [ -0.384005690704653, 50.860261926527102 ], [ -0.383998152729624, 50.860262486307235 ], [ -0.383991501576353, 50.860263081070997 ], [ -0.38398573724485, 50.860263710818522 ], [ -0.383980859735141, 50.86026437554996 ], [ -0.383976869047245, 50.860265075265417 ], [ -0.383973765181193, 50.860265809964979 ], [ -0.383971548137019, 50.860266579648702 ], [ -0.383970217914759, 50.860267384316664 ], [ -0.383969774514456, 50.86026822396888 ], [ -0.383969164834281, 50.860268993650429 ], [ -0.383968388874227, 50.86026969336131 ], [ -0.383967446634292, 50.860270323101489 ], [ -0.383966338114475, 50.860270882870992 ], [ -0.383965063314772, 50.860271372669807 ], [ -0.383963622235185, 50.86027179249794 ], [ -0.383962014875717, 50.860272142355377 ], [ -0.383960241236371, 50.860272422242097 ], [ -0.383958578451906, 50.860272877055962 ], [ -0.383957026522305, 50.860273506796986 ], [ -0.383955585447555, 50.860274311465155 ], [ -0.383954255227647, 50.860275291060489 ], [ -0.383953035862571, 50.860276445582969 ], [ -0.383951927352321, 50.860277775032635 ], [ -0.383950929696895, 50.860279279409454 ], [ -0.383950042896292, 50.860280958713446 ], [ -0.383949156093046, 50.860282428104618 ], [ -0.383948269287167, 50.860283687582978 ], [ -0.383947382478672, 50.860284737148518 ], [ -0.38394649566757, 50.860285576801253 ], [ -0.383945608853874, 50.860286206541161 ], [ -0.383944722037597, 50.86028662636825 ], [ -0.383943835218749, 50.860286836282533 ], [ -0.383942948397343, 50.860286836283997 ], [ -0.383942117007969, 50.860287291096256 ], [ -0.383941341050605, 50.860288200719332 ], [ -0.383940620525231, 50.860289565153188 ], [ -0.383939955431826, 50.860291384397868 ], [ -0.383939345770382, 50.860293658453344 ], [ -0.383938791540884, 50.860296387319629 ], [ -0.383938292743322, 50.860299570996716 ], [ -0.383937849377695, 50.860303209484591 ], [ -0.383937738567292, 50.860306638059122 ], [ -0.383937960312188, 50.860309856720264 ], [ -0.38393851461245, 50.860312865468032 ], [ -0.383939401468134, 50.860315664302433 ], [ -0.383940620879291, 50.860318253223447 ], [ -0.383942172845961, 50.860320632231065 ], [ -0.383944057368172, 50.860322801325282 ], [ -0.383946274445949, 50.860324760506082 ], [ -0.383948214390441, 50.860326579745525 ], [ -0.383949877201601, 50.860328259043634 ], [ -0.383951262879383, 50.860329798400421 ], [ -0.383952371423749, 50.860331197815896 ], [ -0.383953202834662, 50.860332457290063 ], [ -0.383953757112094, 50.860333576822931 ], [ -0.38395403425602, 50.8603345564145 ], [ -0.383954034266422, 50.860335396064769 ], [ -0.383954200554526, 50.860336130758505 ], [ -0.383954533120343, 50.860336760495677 ], [ -0.383955031963875, 50.860337285276294 ], [ -0.383955697085125, 50.86033770510037 ], [ -0.383956528484094, 50.860338019967877 ], [ -0.383957526160779, 50.860338229878813 ], [ -0.383958690115177, 50.860338334833187 ], [ -0.383960020347278, 50.860338334830992 ], [ -0.38396123972799, 50.860338439785245 ], [ -0.383962348257318, 50.860338649695933 ], [ -0.38396334593527, 50.860338964563077 ], [ -0.383964232761848, 50.860339384386677 ], [ -0.383965008737057, 50.860339909166726 ], [ -0.383965673860897, 50.860340538903223 ], [ -0.383966228133367, 50.860341273596191 ], [ -0.383966671554468, 50.860342113245615 ], [ -0.383967225826948, 50.860342847938611 ], [ -0.38396789095081, 50.860343477675137 ], [ -0.383968666926053, 50.860344002455228 ], [ -0.383969553752677, 50.860344422278857 ], [ -0.383970551430679, 50.860344737146022 ], [ -0.383971659960052, 50.86034494705676 ], [ -0.383972879340794, 50.860345052011034 ], [ -0.383974209572896, 50.860345052008832 ], [ -0.383975373526846, 50.86034512197773 ], [ -0.383976371202649, 50.860345261917736 ], [ -0.38397720260031, 50.860345471828857 ], [ -0.383977867719828, 50.860345751711087 ], [ -0.383978366561203, 50.860346101564453 ], [ -0.383978699124434, 50.860346521388905 ], [ -0.383978865409519, 50.860347011184487 ], [ -0.383978865416452, 50.860347570951191 ], [ -0.383979585965278, 50.860348095731432 ], [ -0.383981027056025, 50.86034858552518 ], [ -0.383983188688707, 50.860349040332409 ], [ -0.383986070863345, 50.86034946015311 ], [ -0.383989673579952, 50.860349844987176 ], [ -0.383993996838539, 50.860350194834588 ], [ -0.383999040639115, 50.860350509695245 ], [ -0.384004804981684, 50.860350789569061 ], [ -0.384010236765041, 50.86035096448704 ], [ -0.384015335989146, 50.860351034449209 ], [ -0.38402010265396, 50.860350999455633 ], [ -0.384024536759453, 50.860350859506326 ], [ -0.384028638305595, 50.860350614601366 ], [ -0.384032407292365, 50.860350264740767 ], [ -0.384035843719743, 50.860349809924529 ] ] ] } },
{ "type": "Feature", "properties": { "fid": 125, "pit_id": 125, "mon_name": "Flint Mine Pit Group 12", "site": "Cissbury Ring", "mon_type": "Flint mine pit group", "nhle_id": null, "mon_uid": "MNA188969", "src_shot": "142723", "full_label": "Flint Mine Pit Group 12, Cissbury Ring", "area_m2": 28.59, "perim_m": 19.42, "diam_m": 6.03 }, "geometry": { "type": "Polygon", "coordinates": [ [ [ -0.383662494022368, 50.860519979301955 ], [ -0.383667371533054, 50.860519419529233 ], [ -0.383671750205394, 50.860518754801291 ], [ -0.383675630039377, 50.860517985118165 ], [ -0.383679011035, 50.860517110479933 ], [ -0.383681893192268, 50.86051613088663 ], [ -0.383684276511192, 50.860515046338286 ], [ -0.383686160991789, 50.860513856834928 ], [ -0.383687546634083, 50.860512562376591 ], [ -0.383688433438107, 50.860511162963292 ], [ -0.383689320244266, 50.860509938476469 ], [ -0.38369020705257, 50.860508888916115 ], [ -0.383691093863031, 50.860508014282253 ], [ -0.383691980675655, 50.860507314574868 ], [ -0.383692867490457, 50.860506789793959 ], [ -0.383693754307444, 50.860506439939535 ], [ -0.383694641126626, 50.86050626501158 ], [ -0.383695527948017, 50.860506265010109 ], [ -0.383696193058373, 50.860505810199967 ], [ -0.383696636457683, 50.860504900581141 ], [ -0.383696858145947, 50.860503536153651 ], [ -0.383696858123177, 50.860501716917476 ], [ -0.383696636389396, 50.86049944287263 ], [ -0.383696192944645, 50.860496714019106 ], [ -0.383695527788969, 50.860493530356919 ], [ -0.383694640922431, 50.860489891886054 ], [ -0.383693587781232, 50.860486603268548 ], [ -0.383692368365382, 50.860483664504379 ], [ -0.383690982674888, 50.860481075593597 ], [ -0.383689430709749, 50.860478836536146 ], [ -0.383687712469952, 50.860476947332053 ], [ -0.383685827955484, 50.860475407981284 ], [ -0.383683777166315, 50.860474218483844 ], [ -0.383681560102418, 50.860473378839721 ], [ -0.383679620170695, 50.860472574180434 ], [ -0.383677957371131, 50.860471804505963 ], [ -0.383676571703705, 50.860471069816349 ], [ -0.383675463168404, 50.860470370111599 ], [ -0.383674631765211, 50.860469705391722 ], [ -0.38367407749411, 50.860469075656709 ], [ -0.383673800355093, 50.860468480906576 ], [ -0.383673800348146, 50.860467921141314 ], [ -0.383673024374263, 50.860467501318816 ], [ -0.383671472433458, 50.860467221439073 ], [ -0.383669144525733, 50.860467081502037 ], [ -0.383666040651073, 50.860467081507672 ], [ -0.383662160809454, 50.860467221455906 ], [ -0.383657505000832, 50.860467501346683 ], [ -0.383652073225159, 50.860467921179875 ], [ -0.383645865482366, 50.860468480955412 ], [ -0.383640267430571, 50.860469145685649 ], [ -0.383635279069761, 50.860469915370693 ], [ -0.383630900399932, 50.860470790010595 ], [ -0.383627131421088, 50.860471769605454 ], [ -0.383623972133238, 50.86047285415529 ], [ -0.383621422536401, 50.860474043660204 ], [ -0.383619482630608, 50.860475338120203 ], [ -0.383618152415895, 50.860476737535315 ], [ -0.383616988482326, 50.860478311876619 ], [ -0.383615990829907, 50.860480061144159 ], [ -0.383615159458643, 50.860481985337884 ], [ -0.383614494368545, 50.860484084457838 ], [ -0.383613995559628, 50.860486358504005 ], [ -0.38361366303191, 50.860488807476386 ], [ -0.383613496785412, 50.860491431374989 ], [ -0.383613496820158, 50.860494230199819 ], [ -0.383613663130822, 50.86049678412715 ], [ -0.383613995717432, 50.860499093157031 ], [ -0.383614494580003, 50.86050115728942 ], [ -0.383615159718552, 50.860502976524351 ], [ -0.383615991133089, 50.860504550861783 ], [ -0.383616988823621, 50.860505880301751 ], [ -0.383618152790142, 50.86050696484422 ], [ -0.383619483032649, 50.860507804489195 ], [ -0.383620646996177, 50.860508644134427 ], [ -0.383621644680717, 50.860509483779907 ], [ -0.38362247608626, 50.860510323425643 ], [ -0.383623141212797, 50.860511163071635 ], [ -0.383623640060319, 50.860512002717904 ], [ -0.383623972628818, 50.860512842364443 ], [ -0.383624138918283, 50.860513682011231 ], [ -0.383624138928706, 50.860514521658303 ], [ -0.383624471496668, 50.860515326319536 ], [ -0.383625136622184, 50.860516095994946 ], [ -0.383626134305271, 50.860516830684517 ], [ -0.383627464545942, 50.860517530388258 ], [ -0.383629127344209, 50.860518195106152 ], [ -0.38363112270008, 50.860518824838174 ], [ -0.383633450613568, 50.8605194195843 ], [ -0.383636111084681, 50.860519979344538 ], [ -0.383639048685839, 50.860520399163221 ], [ -0.383642263417023, 50.860520679040384 ], [ -0.383645755278211, 50.860520818975957 ], [ -0.383649524269377, 50.860520818969938 ], [ -0.383653570390483, 50.860520679022265 ], [ -0.383657893641495, 50.860520399132959 ], [ -0.383662494022368, 50.860519979301955 ] ] ] } },
{ "type": "Feature", "properties": { "fid": 126, "pit_id": 126, "mon_name": "Flint Mine Pit Group 12", "site": "Cissbury Ring", "mon_type": "Flint mine pit group", "nhle_id": null, "mon_uid": "MNA188969", "src_shot": "142723", "full_label": "Flint Mine Pit Group 12, Cissbury Ring", "area_m2": 48.04, "perim_m": 25.09, "diam_m": 7.82 }, "geometry": { "type": "Polygon", "coordinates": [ [ [ -0.38385803388453, 50.860176702052414 ], [ -0.383862024563545, 50.860175302623944 ], [ -0.383865571831716, 50.860173903196063 ], [ -0.383868675689084, 50.860172503768787 ], [ -0.383871336135686, 50.860171104342186 ], [ -0.383873553171562, 50.86016970491626 ], [ -0.383875326796751, 50.860168305491065 ], [ -0.383876657011291, 50.860166906066567 ], [ -0.383877543815224, 50.860165506642851 ], [ -0.383877987208589, 50.860164107219873 ], [ -0.383878486030017, 50.860162847739041 ], [ -0.38387904027951, 50.860161728200332 ], [ -0.383879649957071, 50.860160748603761 ], [ -0.383880315062699, 50.860159908949306 ], [ -0.383881035596401, 50.860159209236983 ], [ -0.383881811558179, 50.860158649466783 ], [ -0.383882642948038, 50.860158229638721 ], [ -0.383883529765984, 50.860157949752775 ], [ -0.383884305727361, 50.860157354996858 ], [ -0.38388497083216, 50.86015644537099 ], [ -0.38388552508037, 50.86015522087515 ], [ -0.38388596847199, 50.86015368150936 ], [ -0.383886301007021, 50.860151827273604 ], [ -0.383886522685469, 50.860149658167899 ], [ -0.383886633507343, 50.860147174192228 ], [ -0.383886633472656, 50.860144375346621 ], [ -0.383886411735139, 50.860141786414744 ], [ -0.383885968294823, 50.860139407396623 ], [ -0.383885303151739, 50.860137238292253 ], [ -0.38388441630591, 50.860135279101627 ], [ -0.383883307757351, 50.860133529824729 ], [ -0.383881977506072, 50.860131990461582 ], [ -0.383880425552079, 50.860130661012164 ], [ -0.38387865189537, 50.860129541476446 ], [ -0.383877044517719, 50.860128421940416 ], [ -0.383875603419113, 50.860127302404067 ], [ -0.383874328599541, 50.860126182867432 ], [ -0.383873220058991, 50.860125063330472 ], [ -0.38387227779745, 50.860123943793226 ], [ -0.383871501814906, 50.86012282425569 ], [ -0.383870892111349, 50.860121704717855 ], [ -0.383870448686764, 50.860120585179736 ], [ -0.383869894411242, 50.860119605584174 ], [ -0.383869229284787, 50.860118765931148 ], [ -0.383868453307398, 50.860118066220664 ], [ -0.383867566479072, 50.86011750645271 ], [ -0.383866568799808, 50.860117086627291 ], [ -0.383865460269597, 50.860116806744429 ], [ -0.383864240888434, 50.860116666804096 ], [ -0.383862910656308, 50.86011666680627 ], [ -0.383861746702324, 50.860116596836988 ], [ -0.383860749026489, 50.860116456896229 ], [ -0.383859917628805, 50.860116246984006 ], [ -0.383859252509272, 50.86011596710032 ], [ -0.383858753667893, 50.860115617245192 ], [ -0.383858421104665, 50.860115197418594 ], [ -0.383858254819583, 50.860114707620539 ], [ -0.383858254812645, 50.860114147851036 ], [ -0.383857534263678, 50.860113623068465 ], [ -0.383856093172706, 50.860113133272776 ], [ -0.383853931539747, 50.860112678463963 ], [ -0.383851049364821, 50.860112258641983 ], [ -0.383847446647941, 50.860111873806794 ], [ -0.383843123389117, 50.860111523958295 ], [ -0.383838079588359, 50.860111209096445 ], [ -0.38383231524567, 50.860110929221143 ], [ -0.383826883464746, 50.860110929229897 ], [ -0.383821784245486, 50.860111209122728 ], [ -0.383817017587805, 50.860111768899706 ], [ -0.383812583491631, 50.860112608560861 ], [ -0.383808481956897, 50.860113728106228 ], [ -0.383804712983552, 50.860115127535835 ], [ -0.383801276571561, 50.86011680684976 ], [ -0.383798172720894, 50.860118766047961 ], [ -0.383795345998682, 50.860120480346517 ], [ -0.383792796405, 50.860121949745448 ], [ -0.383790523939915, 50.860123174244762 ], [ -0.383788528603484, 50.860124153844474 ], [ -0.383786810395755, 50.860124888544618 ], [ -0.383785369316769, 50.860125378345188 ], [ -0.383784205366555, 50.860125623246191 ], [ -0.383783318545138, 50.860125623247647 ], [ -0.383782431729013, 50.860126043076015 ], [ -0.383781544918158, 50.860126882731286 ], [ -0.383780658112548, 50.860128142213462 ], [ -0.383779771312157, 50.860129821522541 ], [ -0.383778884516962, 50.860131920658525 ], [ -0.383777997726935, 50.860134439621433 ], [ -0.383777110942054, 50.860137378411217 ], [ -0.383776224162292, 50.860140737027919 ], [ -0.383775559083409, 50.860143745788477 ], [ -0.383775115705463, 50.860146404692877 ], [ -0.383774894028505, 50.860148713741147 ], [ -0.383774894052572, 50.860150672933266 ], [ -0.383775115777693, 50.860152282269269 ], [ -0.383775559203889, 50.860153541749099 ], [ -0.383776224331165, 50.860154451372814 ], [ -0.383777111159522, 50.860155011140378 ], [ -0.383777887136082, 50.860155640879213 ], [ -0.38377855226084, 50.860156340589349 ], [ -0.383779106533798, 50.860157110270769 ], [ -0.383779549954953, 50.86015794992349 ], [ -0.383779882524297, 50.860158859547482 ], [ -0.383780104241828, 50.860159839142767 ], [ -0.383780215107538, 50.860160888709359 ], [ -0.383780215121423, 50.860162008247229 ], [ -0.383780436839757, 50.860163057813637 ], [ -0.383780880262555, 50.860164037408552 ], [ -0.383781545389831, 50.86016494703199 ], [ -0.383782432221592, 50.860165786683943 ], [ -0.383783540757849, 50.860166556364398 ], [ -0.383784870998606, 50.860167256073353 ], [ -0.383786422943868, 50.86016788581081 ], [ -0.383788196593639, 50.860168445576754 ], [ -0.383789803964843, 50.860169040328493 ], [ -0.383791245057476, 50.860169670066028 ], [ -0.383792519871539, 50.86017033478938 ], [ -0.383793628407024, 50.860171034498542 ], [ -0.383794570663927, 50.860171769193521 ], [ -0.383795346642242, 50.860172538874323 ], [ -0.383795956341963, 50.860173343540957 ], [ -0.383796399763081, 50.860174183193422 ], [ -0.383797508299733, 50.860174987859367 ], [ -0.383799281951948, 50.860175757538791 ], [ -0.383801720719757, 50.860176492231659 ], [ -0.383804824603186, 50.860177191937936 ], [ -0.383808593602261, 50.860177856657565 ], [ -0.383813027717001, 50.860178486390481 ], [ -0.383818126947425, 50.8601790811366 ], [ -0.383823891293551, 50.860179640895829 ], [ -0.383829433931561, 50.860179955756514 ], [ -0.383834754861364, 50.86018002571867 ], [ -0.383839854082873, 50.860179850782316 ], [ -0.383844731596013, 50.86017943094749 ], [ -0.383849387400711, 50.860178766214204 ], [ -0.383853821496902, 50.860177856582517 ], [ -0.38385803388453, 50.860176702052414 ] ] ] } },
{ "type": "Feature", "properties": { "fid": 127, "pit_id": 127, "mon_name": "Flint Mine Pit Group 12", "site": "Cissbury Ring", "mon_type": "Flint mine pit group", "nhle_id": null, "mon_uid": "MNA188969", "src_shot": "142723", "full_label": "Flint Mine Pit Group 12, Cissbury Ring", "area_m2": 67.97, "perim_m": 29.92, "diam_m": 9.3 }, "geometry": { "type": "Polygon", "coordinates": [ [ [ -0.383475146297538, 50.859980363374447 ], [ -0.383475146290581, 50.859979803603316 ], [ -0.383475589694807, 50.859979278817207 ], [ -0.383476476510201, 50.859978789016132 ], [ -0.383477806736752, 50.859978334200044 ], [ -0.38347958037445, 50.859977914368955 ], [ -0.383481797423288, 50.859977529522844 ], [ -0.38348445788326, 50.859977179661669 ], [ -0.383487561754364, 50.859976864785402 ], [ -0.383491109036598, 50.859976584894028 ], [ -0.383494268333585, 50.85997623503178 ], [ -0.383497039645317, 50.859975815198723 ], [ -0.383499422971794, 50.859975325394863 ], [ -0.383501418313017, 50.859974765620237 ], [ -0.383503025668988, 50.85997413587485 ], [ -0.383504245039717, 50.859973436158747 ], [ -0.383505076425214, 50.859972666471904 ], [ -0.383505519825496, 50.859971826814366 ], [ -0.383506074079754, 50.859971092113732 ], [ -0.383506739187987, 50.859970462370036 ], [ -0.383507515150197, 50.859969937583266 ], [ -0.383508401966385, 50.859969517753434 ], [ -0.383509399636553, 50.859969202880514 ], [ -0.383510508160705, 50.859968992964518 ], [ -0.38351172753885, 50.859968888005419 ], [ -0.383513057770993, 50.859968888003252 ], [ -0.383514221722822, 50.859968783044209 ], [ -0.383515219394331, 50.859968573128327 ], [ -0.383516050785514, 50.859968258255584 ], [ -0.383516715896371, 50.859967838426009 ], [ -0.3835172147269, 50.859967313639586 ], [ -0.383517547277104, 50.85996668389631 ], [ -0.383517713546987, 50.859965949196209 ], [ -0.383517713536554, 50.85996510953926 ], [ -0.383517824380109, 50.859964374839258 ], [ -0.383518046077649, 50.859963745096188 ], [ -0.383518378629168, 50.859963220310064 ], [ -0.383518822034664, 50.859962800480879 ], [ -0.383519376294142, 50.859962485608627 ], [ -0.383520041407599, 50.859962275693313 ], [ -0.383520817375041, 50.859962170734917 ], [ -0.38352170419647, 50.859962170733468 ], [ -0.383522591014906, 50.859961925832025 ], [ -0.383523477830335, 50.859961436030588 ], [ -0.383524364642743, 50.859960701329136 ], [ -0.383525251452118, 50.859959721727684 ], [ -0.383526138258442, 50.859958497226231 ], [ -0.383527025061702, 50.859957027824763 ], [ -0.383527911861885, 50.859955313523315 ], [ -0.383528798658975, 50.859953354321867 ], [ -0.383529519175669, 50.85995129016338 ], [ -0.383530073411984, 50.859949121047897 ], [ -0.383530461367937, 50.85994684697539 ], [ -0.383530683043552, 50.859944467945866 ], [ -0.383530738438852, 50.859941983959338 ], [ -0.38353062755386, 50.859939395015793 ], [ -0.383530350388607, 50.859936701115238 ], [ -0.383529906943122, 50.859933902257666 ], [ -0.383529352646659, 50.859931243343127 ], [ -0.383528687499232, 50.859928724371592 ], [ -0.383527911500856, 50.859926345343098 ], [ -0.383527024651539, 50.859924106257616 ], [ -0.383526026951291, 50.859922007115131 ], [ -0.383524918400119, 50.859920047915665 ], [ -0.383523698998025, 50.859918228659218 ], [ -0.383522368745014, 50.859916549345762 ], [ -0.383521038494671, 50.859915079946767 ], [ -0.383519708246981, 50.859913820462218 ], [ -0.383518378001924, 50.859912770892137 ], [ -0.383517047759484, 50.859911931236489 ], [ -0.383515717519644, 50.859911301495316 ], [ -0.383514387282384, 50.859910881668569 ], [ -0.383513057047689, 50.859910671756296 ], [ -0.383511726815541, 50.85991067175847 ], [ -0.383510452007962, 50.859910531817533 ], [ -0.383509232624963, 50.859910251933513 ], [ -0.383508068666554, 50.859909832106396 ], [ -0.383506960132746, 50.859909272336196 ], [ -0.383505907023544, 50.859908572622892 ], [ -0.383504909338957, 50.859907732966498 ], [ -0.383503967078989, 50.859906753367014 ], [ -0.383503080243644, 50.859905633824461 ], [ -0.383501860851092, 50.859904584253968 ], [ -0.38350030890135, 50.859903604655571 ], [ -0.38349842439443, 50.859902695029241 ], [ -0.383496207330346, 50.85990185537495 ], [ -0.383493657709103, 50.859901085692712 ], [ -0.383490775530711, 50.859900385982463 ], [ -0.383487560795169, 50.859899756244211 ], [ -0.383484013502478, 50.859899196477919 ], [ -0.383480410784837, 50.859898741668999 ], [ -0.38347675264222, 50.859898391817453 ], [ -0.383473039074607, 50.859898146923278 ], [ -0.383469270081972, 50.859898006986462 ], [ -0.383465445664292, 50.859897972007012 ], [ -0.383461565821541, 50.859898041984884 ], [ -0.383457630553692, 50.859898216920115 ], [ -0.38345363986072, 50.859898496812704 ], [ -0.383449870873549, 50.859898811690591 ], [ -0.383446323592175, 50.859899161553834 ], [ -0.383442998016596, 50.859899546402431 ], [ -0.38343989414681, 50.859899966236405 ], [ -0.383437011982813, 50.859900421055791 ], [ -0.383434351524605, 50.859900910860603 ], [ -0.383431912772188, 50.859901435650833 ], [ -0.383429695725564, 50.859901995426512 ], [ -0.383427423254882, 50.859902730131026 ], [ -0.383425095360114, 50.85990363976434 ], [ -0.383422712041233, 50.859904724326476 ], [ -0.383420273298208, 50.859905983817413 ], [ -0.383417779131005, 50.859907418237164 ], [ -0.383415229539591, 50.859909027585722 ], [ -0.383412624523933, 50.859910811863081 ], [ -0.383409964083993, 50.859912771069219 ], [ -0.383407636205913, 50.859915045146188 ], [ -0.383405640889692, 50.859917634093982 ], [ -0.383403978135345, 50.859920537912643 ], [ -0.383402647942897, 50.859923756602164 ], [ -0.383401650312387, 50.859927290162574 ], [ -0.38340098524387, 50.859931138593865 ], [ -0.383400652737412, 50.859935301896044 ], [ -0.383400652793092, 50.859939780069126 ], [ -0.383400763694455, 50.859943698470389 ], [ -0.383400985441528, 50.859947057099824 ], [ -0.383401318034329, 50.859949855957467 ], [ -0.38340176147287, 50.859952095043283 ], [ -0.38340231575715, 50.859953774357294 ], [ -0.383402980887164, 50.859954893899477 ], [ -0.383403756862898, 50.859955453669855 ], [ -0.383404643684328, 50.859955453668398 ], [ -0.383405752215292, 50.859955803523661 ], [ -0.383407082455819, 50.859956503235658 ], [ -0.38340863440595, 50.859957552804339 ], [ -0.383410408065733, 50.859958952229725 ], [ -0.383412403435228, 50.85996070151181 ], [ -0.383414620514504, 50.859962800650557 ], [ -0.383417059303638, 50.859965249645974 ], [ -0.38341971980272, 50.859968048498047 ], [ -0.38342276828276, 50.859970567463947 ], [ -0.383426204743767, 50.859972806543674 ], [ -0.383430029185738, 50.859974765737149 ], [ -0.383434241608654, 50.859976445044367 ], [ -0.383438842012483, 50.859977844465284 ], [ -0.383443830397179, 50.859978963999836 ], [ -0.383449206762683, 50.859979803647995 ], [ -0.383454971108921, 50.859980363409683 ], [ -0.383460014911149, 50.859980783229545 ], [ -0.383464338169302, 50.859981063107668 ], [ -0.383467940883328, 50.859981203044121 ], [ -0.383470823053184, 50.859981203038977 ], [ -0.383472984678845, 50.859981063092306 ], [ -0.383474425760297, 50.859980783204101 ], [ -0.383475146297538, 50.859980363374447 ] ] ] } },
{ "type": "Feature", "properties": { "fid": 128, "pit_id": 128, "mon_name": "Flint Mine Pit Group 12", "site": "Cissbury Ring", "mon_type": "Flint mine pit group", "nhle_id": null, "mon_uid": "MNA188969", "src_shot": "142723", "full_label": "Flint Mine Pit Group 12, Cissbury Ring", "area_m2": 41.8, "perim_m": 23.14, "diam_m": 7.3 }, "geometry": { "type": "Polygon", "coordinates": [ [ [ -0.383403979984703, 50.86006922707238 ], [ -0.383407970663699, 50.86006782764067 ], [ -0.383411573358203, 50.860066428209485 ], [ -0.383414788068252, 50.860065028778813 ], [ -0.383417614793878, 50.860063629348709 ], [ -0.383420053535115, 50.86006222991918 ], [ -0.383422104291999, 50.860060830490276 ], [ -0.383423767064561, 50.860059431062012 ], [ -0.383425041852837, 50.860058031634409 ], [ -0.383425928656863, 50.860056632207467 ], [ -0.383426704606445, 50.860055092838039 ], [ -0.383427369701585, 50.860053413526153 ], [ -0.383427923942293, 50.860051594271773 ], [ -0.383428367328572, 50.860049635074944 ], [ -0.383428699860434, 50.860047535935607 ], [ -0.383428921537891, 50.860045296853819 ], [ -0.383429032360954, 50.860042917829567 ], [ -0.383429032329641, 50.860040398862836 ], [ -0.383428588886908, 50.860037844911076 ], [ -0.383427702032829, 50.860035255974275 ], [ -0.38342637176748, 50.860032632052445 ], [ -0.383424598090938, 50.860029973145537 ], [ -0.383422381003283, 50.860027279253558 ], [ -0.383419720504597, 50.86002455037648 ], [ -0.383416616594963, 50.860021786514253 ], [ -0.383413069274468, 50.860018987666869 ], [ -0.383409355679081, 50.860016503690787 ], [ -0.383405475808757, 50.860014334586005 ], [ -0.383401429663439, 50.860012480352488 ], [ -0.383397217243069, 50.860010940990222 ], [ -0.383392838547581, 50.860009716499214 ], [ -0.383388293576897, 50.860008806879421 ], [ -0.383383582330939, 50.860008212130829 ], [ -0.383378704809618, 50.860007932253424 ], [ -0.383374381553069, 50.860007757331957 ], [ -0.383370612561254, 50.860007687366519 ], [ -0.383367397834143, 50.860007722357139 ], [ -0.383364737371718, 50.860007862303895 ], [ -0.383362631173963, 50.860008107206781 ], [ -0.383361079240871, 50.860008457065859 ], [ -0.383360081572446, 50.860008911881152 ], [ -0.383359638168695, 50.86000947165266 ], [ -0.383358917633283, 50.860010031424636 ], [ -0.3833579199662, 50.860010591197103 ], [ -0.383356645167436, 50.860011150970017 ], [ -0.383355093236981, 50.860011710743393 ], [ -0.383353264174827, 50.860012270517217 ], [ -0.383351157980962, 50.860012830291474 ], [ -0.383348774655378, 50.860013390066158 ], [ -0.383346114198065, 50.860013949841232 ], [ -0.383343564598379, 50.860014894458324 ], [ -0.383341125856265, 50.860016223917413 ], [ -0.38333879797167, 50.860017938218533 ], [ -0.383336580944549, 50.860020037361664 ], [ -0.383334474774859, 50.860022521346828 ], [ -0.383332479462566, 50.860025390174044 ], [ -0.383330595007638, 50.860028643843286 ], [ -0.383328821410053, 50.860032282354574 ], [ -0.383327546646554, 50.86003571095096 ], [ -0.383326770717268, 50.860038929632474 ], [ -0.383326493622312, 50.860041938399114 ], [ -0.383326715361784, 50.860044737250902 ], [ -0.383327435935772, 50.860047326187825 ], [ -0.383328655344351, 50.860049705209875 ], [ -0.383330373587579, 50.86005187431703 ], [ -0.383332590665505, 50.860053833509284 ], [ -0.383334530610135, 50.860055652759357 ], [ -0.383336193421418, 50.860057332067285 ], [ -0.38333757909931, 50.860058871433068 ], [ -0.383338687643774, 50.860060270856707 ], [ -0.38333951905477, 50.860061530338243 ], [ -0.383340073332272, 50.860062649877634 ], [ -0.383340350476256, 50.860063629474936 ], [ -0.3833403504867, 50.860064469130116 ], [ -0.383340683055113, 50.860065308784755 ], [ -0.383341348181514, 50.860066148438868 ], [ -0.383342345865921, 50.860066988092434 ], [ -0.383343676108351, 50.860067827745461 ], [ -0.383345338908823, 50.860068667397933 ], [ -0.383347334267354, 50.860069507049822 ], [ -0.383349662183964, 50.860070346701121 ], [ -0.38335232265867, 50.860071186351803 ], [ -0.383355093984805, 50.860071921045474 ], [ -0.383357976162354, 50.860072550782085 ], [ -0.383360969191303, 50.860073075561658 ], [ -0.383364073071639, 50.860073495384171 ], [ -0.383367287803342, 50.860073810249602 ], [ -0.383370613386391, 50.860074020157974 ], [ -0.383374049820769, 50.86007412510925 ], [ -0.383377597106451, 50.860074125103431 ], [ -0.383381199816451, 50.860073950169394 ], [ -0.383384857950725, 50.860073600307146 ], [ -0.383388571509231, 50.860073075516674 ], [ -0.383392340491928, 50.860072375797955 ], [ -0.38339616489877, 50.860071501151005 ], [ -0.383400044729711, 50.860070451575822 ], [ -0.383403979984703, 50.86006922707238 ] ] ] } },
{ "type": "Feature", "properties": { "fid": 129, "pit_id": 129, "mon_name": "Flint Mine Pit Group 12", "site": "Cissbury Ring", "mon_type": "Flint mine pit group", "nhle_id": null, "mon_uid": "MNA188969", "src_shot": "142723", "full_label": "Flint Mine Pit Group 12, Cissbury Ring", "area_m2": 63.61, "perim_m": 28.97, "diam_m": 9.0 }, "geometry": { "type": "Polygon", "coordinates": [ [ [ -0.383644751683505, 50.860043617191231 ], [ -0.383649629180487, 50.860041937872154 ], [ -0.383653896988788, 50.860040363510819 ], [ -0.383657555108499, 50.860038894107284 ], [ -0.383660603539699, 50.860037529661639 ], [ -0.38366304228246, 50.860036270173929 ], [ -0.38366487133685, 50.860035115644159 ], [ -0.383666090702923, 50.860034066072416 ], [ -0.383666700380728, 50.860033121458656 ], [ -0.383666700370307, 50.86003228180293 ], [ -0.38366686663936, 50.86003147713258 ], [ -0.383667199187879, 50.860030707447599 ], [ -0.383667698015857, 50.860029972748023 ], [ -0.383668363123288, 50.86002927303381 ], [ -0.383669194510165, 50.86002860830498 ], [ -0.383670192176485, 50.860027978561511 ], [ -0.383671356122239, 50.860027383803427 ], [ -0.383672686347429, 50.86002682403069 ], [ -0.383673905716925, 50.860026019358422 ], [ -0.383675014230715, 50.860024969786636 ], [ -0.383676011888788, 50.860023675315333 ], [ -0.383676898691136, 50.860022135944504 ], [ -0.383677674637757, 50.860020351674159 ], [ -0.383678339728652, 50.860018322504303 ], [ -0.38367889396382, 50.860016048434936 ], [ -0.383679337343271, 50.860013529466045 ], [ -0.383679614446678, 50.860011255397104 ], [ -0.383679725274072, 50.860009226228094 ], [ -0.383679669825474, 50.860007441959027 ], [ -0.383679448100906, 50.860005902589883 ], [ -0.383679060100379, 50.86000460812069 ], [ -0.383678505823901, 50.860003558551426 ], [ -0.383677785271478, 50.860002753882107 ], [ -0.383676898443105, 50.86000219411271 ], [ -0.383676122466117, 50.860001529386061 ], [ -0.383675457340512, 50.860000759702174 ], [ -0.383674903066295, 50.859999885061022 ], [ -0.383674459643456, 50.859998905462632 ], [ -0.383674127071996, 50.859997820907012 ], [ -0.383673905351907, 50.859996631394132 ], [ -0.383673794483183, 50.859995336924023 ], [ -0.383673794465815, 50.859993937496661 ], [ -0.383673628170702, 50.859992643026601 ], [ -0.383673295597859, 50.859991453513899 ], [ -0.383672796747294, 50.859990368958492 ], [ -0.383672131619015, 50.859989389360408 ], [ -0.383671300213031, 50.859988514719632 ], [ -0.383670302529345, 50.859987745036165 ], [ -0.383669138567958, 50.859987080310006 ], [ -0.383667808328869, 50.859986520541149 ], [ -0.383666533514802, 50.85998585581509 ], [ -0.38366531412576, 50.859985086131864 ], [ -0.383664150161751, 50.859984211491408 ], [ -0.383663041622778, 50.859983231893771 ], [ -0.383661988508845, 50.859982147338968 ], [ -0.383660990819954, 50.859980957826949 ], [ -0.38366004855611, 50.859979663357755 ], [ -0.383659161717312, 50.859978263931389 ], [ -0.383657942321287, 50.859976934476975 ], [ -0.383656390368056, 50.859975674994523 ], [ -0.38365450585764, 50.859974485484031 ], [ -0.383652288790057, 50.859973365945457 ], [ -0.383649739165321, 50.859972316378801 ], [ -0.383646856983444, 50.859971336784056 ], [ -0.383643642244434, 50.859970427161144 ], [ -0.383640094948296, 50.859969587510093 ], [ -0.38363665850623, 50.859968852815925 ], [ -0.383633332918206, 50.859968223078667 ], [ -0.383630118184195, 50.85996769829832 ], [ -0.383627014304176, 50.859967278474905 ], [ -0.38362402127812, 50.859966963608414 ], [ -0.38362113910601, 50.859966753698856 ], [ -0.38361836778782, 50.859966648746251 ], [ -0.383615707323536, 50.8599666487506 ], [ -0.38361288058301, 50.85996685866948 ], [ -0.383609887566205, 50.859967278502857 ], [ -0.383606728273075, 50.859967908250745 ], [ -0.383603402703574, 50.859968747913115 ], [ -0.383599910857645, 50.859969797489924 ], [ -0.383596252735233, 50.859971056981202 ], [ -0.383592428336274, 50.859972526386912 ], [ -0.3835884376607, 50.859974205707054 ], [ -0.383584779540338, 50.859975675112338 ], [ -0.383581453975267, 50.859976934602827 ], [ -0.383578460965558, 50.859977984178549 ], [ -0.383575800511275, 50.859978823839526 ], [ -0.383573472612469, 50.859979453585765 ], [ -0.383571477269185, 50.859979873417288 ], [ -0.38356981448146, 50.859980083334143 ], [ -0.383568484249317, 50.859980083336325 ], [ -0.383567320297505, 50.859980188295289 ], [ -0.383566322626016, 50.859980398211064 ], [ -0.383565491234845, 50.859980713083637 ], [ -0.38356482612399, 50.85998113291302 ], [ -0.38356432729345, 50.859981657699194 ], [ -0.383563994743228, 50.8599822874422 ], [ -0.383563828473328, 50.859983022142004 ], [ -0.383563828483756, 50.859983861798625 ], [ -0.383563606790205, 50.859984806412648 ], [ -0.383563163392659, 50.859985855984085 ], [ -0.383562498291101, 50.859987010512924 ], [ -0.383561611485508, 50.859988269999164 ], [ -0.383560502975859, 50.859989634442819 ], [ -0.383559172762125, 50.859991103843825 ], [ -0.383557620844276, 50.859992678202239 ], [ -0.383555847222282, 50.859994357518026 ], [ -0.383554295306438, 50.859996106804708 ], [ -0.383552965096761, 50.85999792606227 ], [ -0.383551856593274, 50.859999815290742 ], [ -0.383550969795994, 50.860001774490129 ], [ -0.383550304704947, 50.86000380366044 ], [ -0.383549861320158, 50.860005902801682 ], [ -0.383549639641655, 50.860008071913839 ], [ -0.383549639669467, 50.860010310996913 ], [ -0.383549750548613, 50.860012445122749 ], [ -0.383549972279105, 50.860014474291326 ], [ -0.38355030486096, 50.860016398502644 ], [ -0.383550748294188, 50.860018217756711 ], [ -0.383551302578798, 50.860019932053532 ], [ -0.383551967714802, 50.860021541393081 ], [ -0.383552743702203, 50.860023045775378 ], [ -0.38355363054101, 50.86002444520043 ], [ -0.383554517377678, 50.860025669697151 ], [ -0.383555404212196, 50.860026719265569 ], [ -0.383556291044558, 50.860027593905663 ], [ -0.383557177874752, 50.860028293617461 ], [ -0.383558064702768, 50.860028818400941 ], [ -0.383558951528595, 50.860029168256126 ], [ -0.383559838352226, 50.86002934318298 ], [ -0.38356072517365, 50.860029343181523 ], [ -0.383561501143694, 50.860029448137212 ], [ -0.383562166262364, 50.860029658050053 ], [ -0.383562720529662, 50.860029972920032 ], [ -0.383563163945589, 50.860030392747156 ], [ -0.383563496510145, 50.860030917531439 ], [ -0.383563718223329, 50.860031547272868 ], [ -0.383563829085138, 50.860032281971463 ], [ -0.383563829095565, 50.860033121627197 ], [ -0.383564050810461, 50.860033891311261 ], [ -0.383564494229829, 50.86003459102367 ], [ -0.383565159353683, 50.860035220764395 ], [ -0.383566046182025, 50.860035780533465 ], [ -0.383567154714862, 50.860036270330838 ], [ -0.383568484952194, 50.860036690156541 ], [ -0.383570036894023, 50.860037040010546 ], [ -0.383571810540345, 50.860037319892868 ], [ -0.38357341790852, 50.860037669746724 ], [ -0.383574858998547, 50.860038089572136 ], [ -0.383576133810432, 50.860038579369117 ], [ -0.383577242344171, 50.860039139137648 ], [ -0.383578184599766, 50.860039768877769 ], [ -0.383578960577216, 50.860040468589453 ], [ -0.383579570276511, 50.860041238272707 ], [ -0.38358001369765, 50.860042077927567 ], [ -0.383581122234328, 50.860042882595792 ], [ -0.383582895886577, 50.860043652277412 ], [ -0.383585334654425, 50.86004438697239 ], [ -0.383588438537902, 50.860045086680664 ], [ -0.383592207537029, 50.86004575140219 ], [ -0.383596641651828, 50.860046381136925 ], [ -0.383601740882319, 50.86004697588475 ], [ -0.383607505228519, 50.860047535645634 ], [ -0.3836131587189, 50.860047815521447 ], [ -0.383618701353361, 50.860047815512225 ], [ -0.383624133131801, 50.860047535618008 ], [ -0.383629454054126, 50.860046975838785 ], [ -0.383634664120242, 50.860046136174567 ], [ -0.383639763330064, 50.860045016625392 ], [ -0.383644751683505, 50.860043617191231 ] ] ] } },
{ "type": "Feature", "properties": { "fid": 130, "pit_id": 130, "mon_name": "Flint Mine Pit Group 12", "site": "Cissbury Ring", "mon_type": "Flint mine pit group", "nhle_id": null, "mon_uid": "MNA188969", "src_shot": "142723", "full_label": "Flint Mine Pit Group 12, Cissbury Ring", "area_m2": 34.82, "perim_m": 21.07, "diam_m": 6.66 }, "geometry": { "type": "Polygon", "coordinates": [ [ [ -0.383579352682094, 50.860372201340589 ], [ -0.383583786782136, 50.860371641566857 ], [ -0.383587999174345, 50.860370871880932 ], [ -0.383591989858673, 50.860369892282868 ], [ -0.383595758835079, 50.860368702772647 ], [ -0.38359930610353, 50.86036730335033 ], [ -0.383602631663996, 50.860365694015904 ], [ -0.383605735516455, 50.860363874769419 ], [ -0.38360861766089, 50.860361845610875 ], [ -0.383611278097291, 50.860359606540271 ], [ -0.383613550547841, 50.860357262513872 ], [ -0.383615435012585, 50.860354813531664 ], [ -0.383616931491568, 50.860352259593697 ], [ -0.383618039984844, 50.860349600699962 ], [ -0.383618760492471, 50.860346836850475 ], [ -0.38361909301451, 50.860343968045242 ], [ -0.383619037551033, 50.860340994284286 ], [ -0.383618594102111, 50.860337915567591 ], [ -0.383617596391281, 50.860334976793517 ], [ -0.383616044418639, 50.860332177962022 ], [ -0.383613938184271, 50.860329519073112 ], [ -0.383611277688255, 50.860327000126752 ], [ -0.383608062930656, 50.860324621122899 ], [ -0.383604293911532, 50.860322382061511 ], [ -0.383599970630931, 50.860320282942546 ], [ -0.38359509308889, 50.860318323765924 ], [ -0.383590492682336, 50.860316644472285 ], [ -0.383586169411156, 50.860315245061642 ], [ -0.383582123275249, 50.860314125534018 ], [ -0.383578354274523, 50.860313285889468 ], [ -0.383574862408894, 50.860312726128015 ], [ -0.38357164767829, 50.860312446249658 ], [ -0.383568710082647, 50.860312446254461 ], [ -0.383566049621913, 50.860312726142404 ], [ -0.383563666293294, 50.860313041015303 ], [ -0.38356156009679, 50.860313390873145 ], [ -0.383559731032402, 50.860313775715944 ], [ -0.38355817910013, 50.860314195543744 ], [ -0.383556904299981, 50.860314650356543 ], [ -0.38355590663196, 50.860315140154334 ], [ -0.383555186096069, 50.86031566493714 ], [ -0.383554742692319, 50.860316224704967 ], [ -0.383554022156916, 50.86031678447327 ], [ -0.383553024489849, 50.860317344242041 ], [ -0.383551749691107, 50.860317904011303 ], [ -0.383550197760683, 50.860318463781013 ], [ -0.383548368698565, 50.86031902355117 ], [ -0.383546262504745, 50.860319583321775 ], [ -0.383543879179212, 50.860320143092785 ], [ -0.383541218721957, 50.860320702864222 ], [ -0.383538724545935, 50.860321437562497 ], [ -0.383536396651124, 50.860322347187605 ], [ -0.383534235037507, 50.86032343173958 ], [ -0.383532239705073, 50.860324691218423 ], [ -0.383530410653811, 50.860326125624134 ], [ -0.383528747883716, 50.860327734956734 ], [ -0.383527251394785, 50.860329519216229 ], [ -0.38352592118702, 50.860331478402628 ], [ -0.383524978966011, 50.860333647500745 ], [ -0.3835244247318, 50.860336026510616 ], [ -0.383524258484436, 50.860338615432205 ], [ -0.383524480223979, 50.860341414265555 ], [ -0.383525089950504, 50.860344423010638 ], [ -0.38352608766409, 50.860347641667467 ], [ -0.383527473364832, 50.860351070236028 ], [ -0.38352924705283, 50.860354708716294 ], [ -0.383531242441888, 50.860357997342049 ], [ -0.383533459532011, 50.860360936113288 ], [ -0.383535898323191, 50.860363525029982 ], [ -0.383538558815413, 50.860365764092137 ], [ -0.38354144100865, 50.860367653299718 ], [ -0.383544544902865, 50.860369192652726 ], [ -0.383547870498013, 50.860370382151132 ], [ -0.383551417794037, 50.860371221794928 ], [ -0.383555075940707, 50.860371886511551 ], [ -0.383558844937986, 50.860372376301036 ], [ -0.383562724785836, 50.860372691163342 ], [ -0.383566715484217, 50.860372831098452 ], [ -0.383570817033085, 50.860372796106383 ], [ -0.383575029432393, 50.86037258618709 ], [ -0.383579352682094, 50.860372201340589 ] ] ] } },
{ "type": "Feature", "properties": { "fid": 131, "pit_id": 131, "mon_name": "Flint Mine Pit Group 12", "site": "Cissbury Ring", "mon_type": "Flint mine pit group", "nhle_id": null, "mon_uid": "MNA188969", "src_shot": "142723", "full_label": "Flint Mine Pit Group 12, Cissbury Ring", "area_m2": 35.39, "perim_m": 21.67, "diam_m": 6.71 }, "geometry": { "type": "Polygon", "coordinates": [ [ [ -0.383636553535592, 50.860442591818845 ], [ -0.383640100817693, 50.8604423119302 ], [ -0.383643204688643, 50.860441997056832 ], [ -0.383645865148445, 50.86044164719879 ], [ -0.383648082197101, 50.860441262356126 ], [ -0.383649855834619, 50.860440842528831 ], [ -0.383651186061002, 50.860440387716935 ], [ -0.383652072876264, 50.860439897920479 ], [ -0.383652516280414, 50.860439373139442 ], [ -0.383652516273466, 50.860438813373825 ], [ -0.38365279339866, 50.860438288593123 ], [ -0.383653347655986, 50.860437798797335 ], [ -0.383654179045436, 50.860437343986455 ], [ -0.383655287567006, 50.860436924160474 ], [ -0.383656673220691, 50.86043653931938 ], [ -0.383658336006486, 50.860436189463165 ], [ -0.38366027592439, 50.860435874591822 ], [ -0.383662492974402, 50.860435594705322 ], [ -0.383664432891852, 50.860435244848532 ], [ -0.383666095676737, 50.860434825021478 ], [ -0.383667481329058, 50.860434335224156 ], [ -0.383668589848815, 50.860433775456571 ], [ -0.383669421236016, 50.86043314571873 ], [ -0.383669975490665, 50.860432446010648 ], [ -0.383670252612774, 50.860431676332333 ], [ -0.383670252602353, 50.86043083668379 ], [ -0.383670418871828, 50.860430067005687 ], [ -0.383670751421192, 50.860429367298003 ], [ -0.383671250250436, 50.860428737560774 ], [ -0.383671915359558, 50.860428177793992 ], [ -0.383672746748555, 50.860427687997635 ], [ -0.383673744417424, 50.860427268171705 ], [ -0.383674908366169, 50.860426918316207 ], [ -0.383676238594788, 50.860426638431122 ], [ -0.383677402540072, 50.860426008692599 ], [ -0.383678400202003, 50.860425029100632 ], [ -0.383679231580565, 50.86042369965525 ], [ -0.383679896675756, 50.860422020356403 ], [ -0.383680395487577, 50.860419991204139 ], [ -0.383680728016035, 50.860417612198447 ], [ -0.383680894261151, 50.860414883339338 ], [ -0.383680894222946, 50.860411804626786 ], [ -0.383680727909588, 50.860409040782834 ], [ -0.383680395321105, 50.860406591807475 ], [ -0.383679896457518, 50.860404457700675 ], [ -0.383679231318839, 50.860402638462489 ], [ -0.383678399905077, 50.860401134092868 ], [ -0.38367740221623, 50.86039994459184 ], [ -0.383676238252292, 50.860399069959392 ], [ -0.38367490801325, 50.860398510195488 ], [ -0.383673688626019, 50.860397880460617 ], [ -0.383672580090597, 50.860397180754788 ], [ -0.383671582406988, 50.860396411077964 ], [ -0.383670695575187, 50.860395571430196 ], [ -0.383669919595194, 50.860394661811469 ], [ -0.383669254467007, 50.860393682221769 ], [ -0.383668700190618, 50.86039263266111 ], [ -0.383668256766026, 50.860391513129493 ], [ -0.383667425357429, 50.860390428583955 ], [ -0.383666205964852, 50.860389379024454 ], [ -0.38366459858832, 50.860388364450998 ], [ -0.383662603227855, 50.860387384863579 ], [ -0.383660219883475, 50.860386440262168 ], [ -0.383657448555202, 50.860385530646752 ], [ -0.38365428924305, 50.860384656017281 ], [ -0.383650741947038, 50.860383816373734 ], [ -0.383647416357771, 50.860383081685939 ], [ -0.383644312475218, 50.860382451953946 ], [ -0.38364143029935, 50.860381927177698 ], [ -0.383638769830136, 50.860381507357275 ], [ -0.383636331067558, 50.860381192492667 ], [ -0.383634114011589, 50.860380982583891 ], [ -0.383632118662214, 50.86038087763098 ], [ -0.383630345019418, 50.860380877633894 ], [ -0.383628515951187, 50.860380947607709 ], [ -0.38362663145751, 50.860381087552419 ], [ -0.38362469153838, 50.860381297468003 ], [ -0.383622696193789, 50.86038157735446 ], [ -0.383620645423724, 50.860381927211797 ], [ -0.383618539228177, 50.860382347040002 ], [ -0.383616377607136, 50.860382836839086 ], [ -0.383614160560591, 50.860383396609024 ], [ -0.383612220645698, 50.860383956378456 ], [ -0.383610557862469, 50.86038451614742 ], [ -0.383609172210911, 50.8603850759159 ], [ -0.383608063691035, 50.860385635683919 ], [ -0.383607232302851, 50.86038619545149 ], [ -0.383606678046368, 50.860386755218606 ], [ -0.383606400921597, 50.860387314985282 ], [ -0.383606400928547, 50.860387874751503 ], [ -0.383606234655621, 50.860388364547234 ], [ -0.383605902102814, 50.860388784372475 ], [ -0.383605403270125, 50.860389134227212 ], [ -0.383604738157552, 50.860389414111452 ], [ -0.383603906765093, 50.860389624025181 ], [ -0.383602909092752, 50.860389763968406 ], [ -0.383601745140531, 50.86038983394112 ], [ -0.383600414908434, 50.860389833943323 ], [ -0.383599195531652, 50.860390043857606 ], [ -0.383598087010167, 50.86039046368402 ], [ -0.383597089343968, 50.860391093422535 ], [ -0.383596202533047, 50.86039193307316 ], [ -0.383595426577396, 50.860392982635894 ], [ -0.383594761477013, 50.86039424211075 ], [ -0.383594207231896, 50.860395711497731 ], [ -0.383593763842049, 50.86039739079682 ], [ -0.383593265023681, 50.860398895169091 ], [ -0.383592710776796, 50.86040022461453 ], [ -0.383592101101392, 50.860401379133144 ], [ -0.383591435997474, 50.86040235872494 ], [ -0.383590715465046, 50.860403163389904 ], [ -0.383589939504113, 50.86040379312805 ], [ -0.383589108114682, 50.860404247939364 ], [ -0.38358822129676, 50.860404527823839 ], [ -0.383587556188918, 50.860405192546963 ], [ -0.383587112791146, 50.860406242108731 ], [ -0.383586891103449, 50.860407676509148 ], [ -0.38358689112584, 50.860409495748215 ], [ -0.383587112858344, 50.860411699825924 ], [ -0.383587556300997, 50.860414288742277 ], [ -0.383588221453845, 50.860417262497286 ], [ -0.383589108316945, 50.860420621090938 ], [ -0.383590383161242, 50.860423734786373 ], [ -0.383592045986796, 50.860426603583605 ], [ -0.383594096793655, 50.860429227482584 ], [ -0.383596535581848, 50.860431606483331 ], [ -0.383599362351404, 50.860433740585798 ], [ -0.383602577102329, 50.860435629789954 ], [ -0.383606179834622, 50.860437274095787 ], [ -0.38361017054827, 50.860438673503239 ], [ -0.383614105833163, 50.860439862998668 ], [ -0.383617985689244, 50.860440842582065 ], [ -0.383621810116458, 50.860441612253439 ], [ -0.383625579114752, 50.860442172012796 ], [ -0.383629292684073, 50.860442521860151 ], [ -0.38363295082437, 50.860442661795503 ], [ -0.383636553535592, 50.860442591818845 ] ] ] } },
{ "type": "Feature", "properties": { "fid": 132, "pit_id": 132, "mon_name": "Flint Mine Pit Group 12", "site": "Cissbury Ring", "mon_type": "Flint mine pit group", "nhle_id": null, "mon_uid": "MNA188969", "src_shot": "142723", "full_label": "Flint Mine Pit Group 12, Cissbury Ring", "area_m2": 62.43, "perim_m": 28.34, "diam_m": 8.92 }, "geometry": { "type": "Polygon", "coordinates": [ [ [ -0.38310623759308, 50.860703582665309 ], [ -0.383106237586108, 50.860703022902861 ], [ -0.38310640385902, 50.860702533110448 ], [ -0.38310673641181, 50.86070211328807 ], [ -0.383107235244479, 50.860701763435721 ], [ -0.383107900357022, 50.86070148355342 ], [ -0.383108731749441, 50.860701273641141 ], [ -0.383109729421739, 50.860701133698882 ], [ -0.383110893373915, 50.860701063726658 ], [ -0.383112223605975, 50.860701063724449 ], [ -0.383113830967655, 50.860700888796039 ], [ -0.383115715458931, 50.860700538941401 ], [ -0.383117877079776, 50.860700014160564 ], [ -0.383120315830156, 50.86069931445347 ], [ -0.383123031710034, 50.860698439820126 ], [ -0.383126024719364, 50.860697390260498 ], [ -0.383129294858093, 50.860696165774556 ], [ -0.383132842126163, 50.860694766362307 ], [ -0.383136112261207, 50.860693261994889 ], [ -0.383139105263229, 50.860691652672315 ], [ -0.383141821132237, 50.860689938394614 ], [ -0.38314425986824, 50.860688119161807 ], [ -0.383146421471257, 50.860686194973916 ], [ -0.383148305941303, 50.860684165830946 ], [ -0.383149913278403, 50.860682031732928 ], [ -0.383151243482585, 50.860679792679846 ], [ -0.38315235198044, 50.860677483656637 ], [ -0.383153238771997, 50.860675104663287 ], [ -0.383153903857287, 50.86067265569983 ], [ -0.38315434723634, 50.860670136766231 ], [ -0.383154568909189, 50.860667547862519 ], [ -0.38315456887587, 50.860664888988708 ], [ -0.38315434713642, 50.86066216014477 ], [ -0.383153903690878, 50.860659361330711 ], [ -0.383152961407534, 50.860656527532193 ], [ -0.383151520286479, 50.860653658749193 ], [ -0.38314958032781, 50.860650754981698 ], [ -0.383147141531622, 50.860647816229701 ], [ -0.383144203898017, 50.860644842493137 ], [ -0.383140767427093, 50.860641833771993 ], [ -0.38313683211896, 50.860638790066211 ], [ -0.383132397973721, 50.86063571137575 ], [ -0.38312768670192, 50.860633017523121 ], [ -0.383122698303494, 50.860630708508253 ], [ -0.383117432778359, 50.860628784331155 ], [ -0.383111890126424, 50.860627244991775 ], [ -0.383106070347581, 50.860626090490051 ], [ -0.383099973441707, 50.860625320825974 ], [ -0.38309359940867, 50.860624935999482 ], [ -0.383086948248322, 50.860624936010517 ], [ -0.383080795926863, 50.860625075961337 ], [ -0.383075142444242, 50.860625355852008 ], [ -0.383069987800415, 50.8606257756826 ], [ -0.383065331995348, 50.860626335453198 ], [ -0.383061175029016, 50.860627035163844 ], [ -0.383057516901403, 50.860627874814597 ], [ -0.383054357612502, 50.860628854405498 ], [ -0.383051697162314, 50.860629973936575 ], [ -0.383049147566579, 50.860631233408213 ], [ -0.383046708825283, 50.860632632820412 ], [ -0.383044380938414, 50.860634172173171 ], [ -0.383042163905961, 50.860635851466483 ], [ -0.383040057727916, 50.860637670700385 ], [ -0.383038062404272, 50.860639629874854 ], [ -0.383036177935025, 50.860641728989918 ], [ -0.383034404320172, 50.860643968045565 ], [ -0.383032907839924, 50.860646451996814 ], [ -0.3830316884943, 50.860649180843716 ], [ -0.383030746283327, 50.860652154586234 ], [ -0.383030081207044, 50.860655373224404 ], [ -0.383029693265494, 50.860658836758226 ], [ -0.383029582458732, 50.860662545187687 ], [ -0.383029748786821, 50.860666498512806 ], [ -0.383030192249832, 50.860670696733571 ], [ -0.38303069113267, 50.860674370176547 ], [ -0.383031245435336, 50.860677518841747 ], [ -0.383031855157822, 50.86068014272918 ], [ -0.38303252030012, 50.86068224183883 ], [ -0.383033240862219, 50.860683816170692 ], [ -0.383034016844099, 50.860684865724785 ], [ -0.38303484824574, 50.860685390501104 ], [ -0.383035735067114, 50.860685390499611 ], [ -0.383036677316959, 50.860685565423879 ], [ -0.383037674995282, 50.860685915273841 ], [ -0.383038728102097, 50.860686440049534 ], [ -0.383039836637418, 50.860687139750951 ], [ -0.383041000601259, 50.860688014378077 ], [ -0.383042219993636, 50.860689063930941 ], [ -0.383043494814566, 50.860690288409508 ], [ -0.383044825064067, 50.860691687813784 ], [ -0.383046210738617, 50.860692982262492 ], [ -0.383047651838212, 50.860694171755597 ], [ -0.383049148362846, 50.860695256293134 ], [ -0.383050700312513, 50.860696235875061 ], [ -0.383052307687206, 50.860697110501405 ], [ -0.383053970486918, 50.860697880172147 ], [ -0.38305568871164, 50.860698544887313 ], [ -0.383057462361364, 50.860699104646862 ], [ -0.383059679421716, 50.860699664405793 ], [ -0.383062339892713, 50.860700224164077 ], [ -0.383065443774372, 50.860700783921693 ], [ -0.383068991066709, 50.860701343678592 ], [ -0.383072981769741, 50.860701903434745 ], [ -0.383077415883484, 50.860702463190087 ], [ -0.383082293407957, 50.860703022944591 ], [ -0.383087614343176, 50.860703582698193 ], [ -0.38309227016075, 50.860704002512087 ], [ -0.383096260860619, 50.860704282386351 ], [ -0.383099586442732, 50.860704422321071 ], [ -0.383102246907054, 50.860704422316282 ], [ -0.383104242253559, 50.860704282372033 ], [ -0.383105572482234, 50.860704002488376 ], [ -0.38310623759308, 50.860703582665309 ] ] ] } },
{ "type": "Feature", "properties": { "fid": 133, "pit_id": 133, "mon_name": "Flint Mine Pit Group 12", "site": "Cissbury Ring", "mon_type": "Flint mine pit group", "nhle_id": null, "mon_uid": "MNA188969", "src_shot": "142723", "full_label": "Flint Mine Pit Group 12, Cissbury Ring", "area_m2": 41.83, "perim_m": 23.3, "diam_m": 7.3 }, "geometry": { "type": "Polygon", "coordinates": [ [ [ -0.383872449512324, 50.860562521045111 ], [ -0.383872449505387, 50.860561961280993 ], [ -0.383872782057346, 50.860561471486868 ], [ -0.383873447168192, 50.860561051662735 ], [ -0.38387444483792, 50.860560701808573 ], [ -0.383875775066526, 50.86056042192439 ], [ -0.383877437854013, 50.860560212010192 ], [ -0.383879433200381, 50.860560072065915 ], [ -0.383881761105638, 50.860560002091596 ], [ -0.383884421569794, 50.860560002087183 ], [ -0.383887026605951, 50.860559862141791 ], [ -0.383889576214089, 50.860559582255448 ], [ -0.383892070394186, 50.860559162428132 ], [ -0.38389450914622, 50.860558602659843 ], [ -0.383896892470171, 50.86055790295061 ], [ -0.38389922036602, 50.860557063300419 ], [ -0.383901492833749, 50.860556083709284 ], [ -0.383903709873342, 50.860554964177197 ], [ -0.383905760630494, 50.860553564763094 ], [ -0.383907645105185, 50.860551885467011 ], [ -0.383909363297398, 50.86054992628889 ], [ -0.383910915207121, 50.860547687228802 ], [ -0.383912300834351, 50.860545168286741 ], [ -0.383913520179087, 50.860542369462692 ], [ -0.383914573241336, 50.86053929075667 ], [ -0.383915460021111, 50.860535932168681 ], [ -0.383916125097991, 50.860532783492616 ], [ -0.383916568472031, 50.860529844728482 ], [ -0.383916790143279, 50.86052711587628 ], [ -0.383916790111777, 50.860524596936024 ], [ -0.383916568377563, 50.860522287907706 ], [ -0.383916124940665, 50.860520188791327 ], [ -0.38391545980111, 50.860518299586872 ], [ -0.383914572958917, 50.860516620294348 ], [ -0.383913575264896, 50.860515010972584 ], [ -0.383912466719059, 50.860513471621545 ], [ -0.38391124732141, 50.860512002241258 ], [ -0.383909917071955, 50.860510602831695 ], [ -0.383908475970697, 50.860509273392879 ], [ -0.383906924017639, 50.860508013924779 ], [ -0.383905261212786, 50.860506824427397 ], [ -0.383903487556135, 50.860505704900746 ], [ -0.383901381341842, 50.860504620359997 ], [ -0.383898942569923, 50.860503570805172 ], [ -0.383896171240397, 50.860502556236199 ], [ -0.383893067353278, 50.860501576653085 ], [ -0.383889630908583, 50.860500632055803 ], [ -0.383885861906324, 50.86049972244431 ], [ -0.383881760346513, 50.860498847818583 ], [ -0.383877326229159, 50.860498008178595 ], [ -0.383872781263846, 50.860497518391874 ], [ -0.383868125450476, 50.860497378458405 ], [ -0.383863358788947, 50.860497588378188 ], [ -0.383858481279149, 50.86049814815118 ], [ -0.383853492920971, 50.860499057777389 ], [ -0.383848393714294, 50.860500317256793 ], [ -0.383843183658994, 50.860501926589372 ], [ -0.383837862754945, 50.860503885775131 ], [ -0.383833096114925, 50.860505914930258 ], [ -0.383828883738982, 50.860508014054844 ], [ -0.383825225627174, 50.860510183148925 ], [ -0.383822121779556, 50.86051242221258 ], [ -0.383819572196194, 50.860514731245843 ], [ -0.383817576877158, 50.86051711024875 ], [ -0.383816135822521, 50.860519559221324 ], [ -0.383815249032362, 50.860522078163612 ], [ -0.38381452851982, 50.860524492149651 ], [ -0.383813974284927, 50.860526801179482 ], [ -0.38381358632771, 50.860529005253092 ], [ -0.383813364648195, 50.860531104370487 ], [ -0.383813309246406, 50.860533098531668 ], [ -0.383813420122366, 50.860534987736628 ], [ -0.383813697276093, 50.860536771985373 ], [ -0.383814140707607, 50.860538451277911 ], [ -0.383814972123329, 50.860540130569795 ], [ -0.383816191523302, 50.860541809861033 ], [ -0.383817798907567, 50.860543489151588 ], [ -0.383819794276168, 50.860545168441448 ], [ -0.383822177629145, 50.860546847730618 ], [ -0.38382494896654, 50.860548527019063 ], [ -0.383828108288398, 50.860550206306748 ], [ -0.383831655594758, 50.860551885593644 ], [ -0.383834759488887, 50.860553424940107 ], [ -0.38383741997071, 50.860554824346181 ], [ -0.383839637040166, 50.860556083811893 ], [ -0.383841410697199, 50.860557203337258 ], [ -0.383842740941759, 50.860558182922297 ], [ -0.383843627773809, 50.860559022567031 ], [ -0.383844071193314, 50.860559722271489 ], [ -0.383844071200254, 50.860560282035642 ], [ -0.383844514617415, 50.860560806813858 ], [ -0.383845401444812, 50.8605612966061 ], [ -0.38384673168246, 50.860561751412398 ], [ -0.383848505330365, 50.860562171232729 ], [ -0.38385072238854, 50.860562556067066 ], [ -0.383853382856987, 50.860562905915373 ], [ -0.383856486735714, 50.860563220777628 ], [ -0.383860034024722, 50.860563500653797 ], [ -0.383863137901787, 50.860563675574845 ], [ -0.383865798366884, 50.860563745540802 ], [ -0.38386801541999, 50.860563710551702 ], [ -0.383869789061094, 50.860563570607553 ], [ -0.383871119290185, 50.860563325708405 ], [ -0.383872006107259, 50.860562975854265 ], [ -0.383872449512324, 50.860562521045111 ] ] ] } },
{ "type": "Feature", "properties": { "fid": 134, "pit_id": 134, "mon_name": "Flint Mine Pit Group 12", "site": "Cissbury Ring", "mon_type": "Flint mine pit group", "nhle_id": null, "mon_uid": "MNA188969", "src_shot": "142723", "full_label": "Flint Mine Pit Group 12, Cissbury Ring", "area_m2": 49.27, "perim_m": 25.52, "diam_m": 7.92 }, "geometry": { "type": "Polygon", "coordinates": [ [ [ -0.383144590917463, 50.860567000366714 ], [ -0.383149468428105, 50.860566440594532 ], [ -0.383153736248973, 50.860565880823188 ], [ -0.383157394380088, 50.860565321052754 ], [ -0.38316044282147, 50.860564761283285 ], [ -0.383162881573137, 50.860564201514805 ], [ -0.383164710635115, 50.860563641747397 ], [ -0.383165930007421, 50.860563081981049 ], [ -0.383166539690079, 50.860562522215801 ], [ -0.383166539683108, 50.860561962451669 ], [ -0.383166761381512, 50.860561402687161 ], [ -0.383167204785281, 50.860560842922304 ], [ -0.383167869894408, 50.860560283157078 ], [ -0.383168756708886, 50.860559723391482 ], [ -0.383169865228706, 50.860559163625503 ], [ -0.383171195453859, 50.860558603859161 ], [ -0.383172747384341, 50.860558044092421 ], [ -0.383174521020141, 50.860557484325291 ], [ -0.383176072950135, 50.860556889573218 ], [ -0.38317740317433, 50.86055625983623 ], [ -0.383178511692728, 50.860555595114356 ], [ -0.383179398505339, 50.860554895407539 ], [ -0.38318006361217, 50.860554160715829 ], [ -0.383180507013228, 50.860553391039247 ], [ -0.383180728708525, 50.860552586377743 ], [ -0.38318072869807, 50.860551746731346 ], [ -0.383180894967084, 50.860550942069942 ], [ -0.383181227515559, 50.860550172393538 ], [ -0.383181726343488, 50.860549437702105 ], [ -0.383182391450862, 50.860548737995671 ], [ -0.383183222837677, 50.860548073274217 ], [ -0.383184220503928, 50.860547443537733 ], [ -0.383185384449609, 50.860546848786235 ], [ -0.383186714674719, 50.860546289019695 ], [ -0.383187878616904, 50.860545414385875 ], [ -0.38318887627615, 50.860544224884762 ], [ -0.383189707652447, 50.860542720516385 ], [ -0.383190372745798, 50.860540901280714 ], [ -0.383190871556204, 50.860538767177758 ], [ -0.383191204083677, 50.860536318207544 ], [ -0.383191370328238, 50.860533554370058 ], [ -0.383191370289908, 50.860530475665279 ], [ -0.383191093121495, 50.860527536902012 ], [ -0.38319053882305, 50.860524738080244 ], [ -0.383189707394617, 50.860522079199967 ], [ -0.383188598836238, 50.860519560261181 ], [ -0.383187213147946, 50.860517181263866 ], [ -0.383185550329773, 50.86051494220802 ], [ -0.383183610381744, 50.860512843093645 ], [ -0.38318139330388, 50.860510883920711 ], [ -0.383179287081871, 50.860509169644637 ], [ -0.383177291715673, 50.860507700265465 ], [ -0.383175407205244, 50.860506475783168 ], [ -0.383173633550546, 50.86050549619776 ], [ -0.383171970751545, 50.86050476150924 ], [ -0.383170418808211, 50.860504271717623 ], [ -0.383168977720513, 50.86050402682293 ], [ -0.383167647488429, 50.860504026825126 ], [ -0.38316648353448, 50.860503956856441 ], [ -0.383165485858669, 50.860503816916861 ], [ -0.383164654461, 50.860503607006386 ], [ -0.383163989341475, 50.860503327125038 ], [ -0.383163490500092, 50.860502977272795 ], [ -0.38316315793685, 50.860502557449685 ], [ -0.383162991651746, 50.860502067655702 ], [ -0.383162991644776, 50.860501507890831 ], [ -0.383162659079742, 50.860500948126543 ], [ -0.383161993956656, 50.860500388362816 ], [ -0.383160996275532, 50.860499828599664 ], [ -0.38315966603638, 50.86049926883706 ], [ -0.383158003239213, 50.860498709075003 ], [ -0.383156007884043, 50.860498149313486 ], [ -0.383153679970882, 50.860497589552473 ], [ -0.383151019499744, 50.860497029791951 ], [ -0.383148137325096, 50.860496609973097 ], [ -0.38314503344692, 50.860496330095906 ], [ -0.383141707865192, 50.860496190160326 ], [ -0.383138160579885, 50.860496190166366 ], [ -0.383134391590969, 50.860496330113996 ], [ -0.383130400898405, 50.860496610003196 ], [ -0.383126188502158, 50.86049702983393 ], [ -0.383121754402185, 50.860497589606197 ], [ -0.383117874565512, 50.860498149377399 ], [ -0.38311454899216, 50.860498709147592 ], [ -0.383111777682148, 50.860499268916826 ], [ -0.383109560635495, 50.860499828685121 ], [ -0.383107897852218, 50.860500388452543 ], [ -0.38310678933234, 50.860500948219098 ], [ -0.383106235075877, 50.8605015079848 ], [ -0.383106235082849, 50.860502067749664 ], [ -0.383106013384055, 50.86050259252962 ], [ -0.38310556997949, 50.86050308232462 ], [ -0.383104904869145, 50.860503537134711 ], [ -0.383104018053017, 50.860503956959853 ], [ -0.383102909531101, 50.860504341800066 ], [ -0.383101579303394, 50.860504691655336 ], [ -0.383100027369897, 50.860505006525649 ], [ -0.383098253730606, 50.860505286410991 ], [ -0.383096701797528, 50.860505636266552 ], [ -0.383095371570661, 50.860506056092319 ], [ -0.383094263050003, 50.860506545888313 ], [ -0.383093376235558, 50.860507105654534 ], [ -0.383092711127329, 50.860507735390968 ], [ -0.383092267725319, 50.860508435097664 ], [ -0.383092046029541, 50.860509204774573 ], [ -0.383092046040001, 50.860510044421737 ], [ -0.383091935196486, 50.860510779113184 ], [ -0.383091713498989, 50.860511408848929 ], [ -0.383091380947509, 50.86051193362897 ], [ -0.383090937542045, 50.860512353453288 ], [ -0.383090383282595, 50.86051266832191 ], [ -0.383089718169163, 50.860512878234807 ], [ -0.383088942201749, 50.860512983191995 ], [ -0.383088055380362, 50.860512983193459 ], [ -0.383087168562075, 50.860513228091968 ], [ -0.383086281746874, 50.860513717887486 ], [ -0.383085394934747, 50.860514452580048 ], [ -0.383084508125677, 50.860515432169635 ], [ -0.383083621319653, 50.860516656656252 ], [ -0.383082734516658, 50.860518126039899 ], [ -0.383081847716679, 50.860519840320585 ], [ -0.3830809609197, 50.860521799498301 ], [ -0.38308024040166, 50.86052375867564 ], [ -0.383079686162577, 50.860525717852624 ], [ -0.383079298202473, 50.860527677029246 ], [ -0.383079076521369, 50.860529636205513 ], [ -0.383079021119285, 50.860531595381424 ], [ -0.383079131996243, 50.86053355455698 ], [ -0.383079409152263, 50.860535513732181 ], [ -0.383079852587366, 50.860537472907033 ], [ -0.383080462300131, 50.860539327125743 ], [ -0.383081238290572, 50.86054107638833 ], [ -0.383082180558706, 50.86054272069476 ], [ -0.383083289104542, 50.860544260045046 ], [ -0.38308456392809, 50.860545694439203 ], [ -0.383086005029358, 50.860547023877182 ], [ -0.383087612408351, 50.860548248359024 ], [ -0.38308938606507, 50.86054936788468 ], [ -0.383090993442821, 50.860550487410578 ], [ -0.383092434541592, 50.860551606936717 ], [ -0.38309370936137, 50.860552726463098 ], [ -0.383094817902145, 50.860553845989706 ], [ -0.383095760163904, 50.860554965516592 ], [ -0.383096536146636, 50.860556085043712 ], [ -0.383097145850326, 50.860557204571109 ], [ -0.383097589274966, 50.860558324098768 ], [ -0.383098420683447, 50.860559408640562 ], [ -0.383099640075797, 50.860560458196481 ], [ -0.383101247452039, 50.860561472766491 ], [ -0.383103242812194, 50.860562452350614 ], [ -0.383105626156283, 50.860563396948812 ], [ -0.383108397484323, 50.860564306561066 ], [ -0.383111556796335, 50.860565181187347 ], [ -0.38311510409233, 50.860566020827626 ], [ -0.383118817665302, 50.860566685541393 ], [ -0.383122697515216, 50.860567175328661 ], [ -0.383126743642033, 50.860567490189396 ], [ -0.383130956045715, 50.860567630123583 ], [ -0.383135334726212, 50.860567595131222 ], [ -0.38313987968348, 50.860567385212271 ], [ -0.383144590917463, 50.860567000366714 ] ] ] } },
{ "type": "Feature", "properties": { "fid": 135, "pit_id": 135, "mon_name": "Flint Mine Pit Group 12", "site": "Cissbury Ring", "mon_type": "Flint mine pit group", "nhle_id": null, "mon_uid": "MNA188969", "src_shot": "142723", "full_label": "Flint Mine Pit Group 12, Cissbury Ring", "area_m2": 136.59, "perim_m": 41.74, "diam_m": 13.19 }, "geometry": { "type": "Polygon", "coordinates": [ [ [ -0.384172855300251, 50.860161727719834 ], [ -0.384178619632523, 50.860161167941428 ], [ -0.384183663422309, 50.860160608163959 ], [ -0.384187986669637, 50.860160048387542 ], [ -0.384191589374527, 50.86015948861224 ], [ -0.384194471537005, 50.860158928838104 ], [ -0.384196633157096, 50.860158369065225 ], [ -0.384198074234822, 50.860157809293618 ], [ -0.384198794770213, 50.860157249523319 ], [ -0.384198794763289, 50.860156689754326 ], [ -0.384199293592247, 50.860156025027884 ], [ -0.384200291257061, 50.860155255343955 ], [ -0.384201787757699, 50.860154380702561 ], [ -0.384203783094123, 50.860153401103645 ], [ -0.384206277266291, 50.860152316547214 ], [ -0.384209270274151, 50.860151127033205 ], [ -0.384212762117645, 50.860149832561611 ], [ -0.384216752796709, 50.860148433132359 ], [ -0.384220521769531, 50.860146963732205 ], [ -0.384224069036112, 50.86014542436115 ], [ -0.384227394596457, 50.860143815019249 ], [ -0.384230498450573, 50.860142135706504 ], [ -0.384233380598472, 50.860140386422913 ], [ -0.384236041040164, 50.860138567168519 ], [ -0.384238479775662, 50.860136677943316 ], [ -0.38424069680498, 50.860134718747346 ], [ -0.384242747554789, 50.86013272456595 ], [ -0.384244632025104, 50.860130695399114 ], [ -0.384246350215942, 50.860128631246866 ], [ -0.384247902127321, 50.86012653210922 ], [ -0.38424928775926, 50.860124397986176 ], [ -0.384250507111778, 50.860122228877728 ], [ -0.384251560184894, 50.860120024783903 ], [ -0.384252446978631, 50.860117785704688 ], [ -0.384253167492403, 50.860115476654414 ], [ -0.384253721726231, 50.860113097633075 ], [ -0.384254109680138, 50.860110648640671 ], [ -0.384254331354146, 50.860108129677229 ], [ -0.384254386748284, 50.860105540742722 ], [ -0.384254275862576, 50.860102881837143 ], [ -0.384253998697052, 50.860100152960534 ], [ -0.384253555251743, 50.860097354112852 ], [ -0.384252945527756, 50.860094590250924 ], [ -0.384252169525116, 50.860091861374741 ], [ -0.384251227243856, 50.860089167484297 ], [ -0.384250118684, 50.860086508579577 ], [ -0.384248843845575, 50.860083884660625 ], [ -0.384247402728606, 50.860081295727376 ], [ -0.384245795333117, 50.860078741779851 ], [ -0.384244021659134, 50.860076222818051 ], [ -0.384242081707853, 50.860073843798979 ], [ -0.384239975479285, 50.860071604722634 ], [ -0.384237702973434, 50.860069505588989 ], [ -0.384235264190304, 50.860067546398064 ], [ -0.384232659129894, 50.860065727149816 ], [ -0.384229887792201, 50.860064047844261 ], [ -0.384226950177219, 50.860062508481384 ], [ -0.384223846284939, 50.860061109061157 ], [ -0.38422107495168, 50.860059779611575 ], [ -0.3842186361774, 50.860058520132654 ], [ -0.384216529962061, 50.860057330624407 ], [ -0.384214756305628, 50.860056211086864 ], [ -0.384213315208071, 50.860055161520037 ], [ -0.38421220666936, 50.860054181923921 ], [ -0.384211430689469, 50.860053272298558 ], [ -0.384210987268373, 50.86005243264394 ], [ -0.384210155862832, 50.860051592990004 ], [ -0.384208936472864, 50.860050753336729 ], [ -0.384207329098491, 50.860049913684101 ], [ -0.384205333739736, 50.860049074032133 ], [ -0.384202950396618, 50.860048234380756 ], [ -0.384200179069158, 50.860047394730003 ], [ -0.384197019757379, 50.860046555079812 ], [ -0.384193472461303, 50.860045715430161 ], [ -0.38418975888758, 50.860044980737769 ], [ -0.384185879036197, 50.860044351002628 ], [ -0.384181832907132, 50.860043826224732 ], [ -0.384177620500366, 50.86004340640406 ], [ -0.384173241815876, 50.860043091540561 ], [ -0.384168696853633, 50.860042881634257 ], [ -0.384163985613614, 50.86004277668512 ], [ -0.384159108095786, 50.860042776693113 ], [ -0.3841543414325, 50.860042916643451 ], [ -0.384149685623715, 50.860043196536161 ], [ -0.384145140669392, 50.86004361637125 ], [ -0.38414070656949, 50.860044176148726 ], [ -0.384136383323977, 50.860044875868596 ], [ -0.384132170932815, 50.860045715530887 ], [ -0.384128069395973, 50.860046695135601 ], [ -0.384124078713421, 50.860047814682751 ], [ -0.384120032607349, 50.860049144143765 ], [ -0.384115931077696, 50.860050683518615 ], [ -0.3841117741244, 50.860052432807322 ], [ -0.384107561747401, 50.860054392009872 ], [ -0.384103293946633, 50.860056561126257 ], [ -0.384098970722033, 50.860058940156456 ], [ -0.38409459207353, 50.860061529100491 ], [ -0.384090158001061, 50.860064327958334 ], [ -0.384086111916324, 50.860067406700075 ], [ -0.384082453819324, 50.860070765325716 ], [ -0.384079183710075, 50.860074403835327 ], [ -0.384076301588607, 50.860078322228944 ], [ -0.384073807454965, 50.860082520506573 ], [ -0.384071701309205, 50.860086998668244 ], [ -0.384069983151396, 50.860091756713999 ], [ -0.384068652981625, 50.86009679464383 ], [ -0.384067655364797, 50.860101447731267 ], [ -0.384066990301039, 50.860105715976289 ], [ -0.384066657790459, 50.860109599378944 ], [ -0.384066657833152, 50.860113097939205 ], [ -0.384066990429192, 50.860116211657086 ], [ -0.38406765557864, 50.860118940532587 ], [ -0.384068653281538, 50.860121284565722 ], [ -0.384069983537915, 50.860123243756448 ], [ -0.384071480072403, 50.860125132975689 ], [ -0.384073142885016, 50.860126952223467 ], [ -0.384074971975766, 50.860128701499761 ], [ -0.384076967344666, 50.860130380804556 ], [ -0.384079128991722, 50.860131990137845 ], [ -0.384081456916942, 50.860133529499635 ], [ -0.384083951120335, 50.860134998889905 ], [ -0.384086611601904, 50.860136398308633 ], [ -0.384089105804931, 50.860137832713129 ], [ -0.384091433729403, 50.860139302103399 ], [ -0.384093595375314, 50.86014080647945 ], [ -0.384095590742648, 50.860142345841304 ], [ -0.384097419831396, 50.860143920188946 ], [ -0.384099082641542, 50.860145529522406 ], [ -0.384100579173076, 50.860147173841675 ], [ -0.38410190942598, 50.860148853146782 ], [ -0.384103793941263, 50.860150462479936 ], [ -0.384106232718975, 50.860152001841129 ], [ -0.384109225759159, 50.860153471230333 ], [ -0.384112773061854, 50.860154870647513 ], [ -0.384116874627098, 50.860156200092582 ], [ -0.384121530454919, 50.860157459565521 ], [ -0.384126740545342, 50.860158649066257 ], [ -0.38413250489839, 50.860159768594684 ], [ -0.384138269249111, 50.860160678209773 ], [ -0.384144033597427, 50.86016137791151 ], [ -0.384149797943263, 50.86016186769988 ], [ -0.38415556228654, 50.860162147574911 ], [ -0.384161326627183, 50.860162217536569 ], [ -0.384167090965113, 50.860162077584889 ], [ -0.384172855300251, 50.860161727719834 ] ] ] } },
{ "type": "Feature", "properties": { "fid": 136, "pit_id": 136, "mon_name": "Lane Fox's Pit", "site": "Cissbury Ring", "mon_type": "Flint mine pit", "nhle_id": "130703", "mon_uid": "MNA147454", "src_shot": "142445", "full_label": "Lane Fox's Pit, Cissbury Ring", "area_m2": 301.99, "perim_m": 62.48, "diam_m": 19.61 }, "geometry": { "type": "Polygon", "coordinates": [ [ [ -0.386007025441638, 50.860220919597985 ], [ -0.386015893660265, 50.860220639694461 ], [ -0.386023653350668, 50.860220324807301 ], [ -0.38603030451285, 50.860219974936726 ], [ -0.386035847146815, 50.860219590082941 ], [ -0.386040281252573, 50.86021917024609 ], [ -0.386043606830142, 50.860218715426321 ], [ -0.386045823879543, 50.860218225623704 ], [ -0.386046932400807, 50.860217700838319 ], [ -0.386046932393968, 50.860217141070187 ], [ -0.386047375798692, 50.860216616286642 ], [ -0.386048262614964, 50.860216126487678 ], [ -0.386049592842776, 50.860215671673274 ], [ -0.386051366482117, 50.860215251843435 ], [ -0.386053583532978, 50.86021486699812 ], [ -0.386056243995356, 50.860214517137329 ], [ -0.386059347869245, 50.860214202260998 ], [ -0.386062895154646, 50.860213922369134 ], [ -0.386066054454475, 50.860213572506986 ], [ -0.386068825768725, 50.860213152674611 ], [ -0.386071209097393, 50.860212662872044 ], [ -0.38607320444048, 50.860212103099293 ], [ -0.386074811797992, 50.860211473356372 ], [ -0.386076031169935, 50.860210773643317 ], [ -0.386076862556321, 50.860210003960127 ], [ -0.386077305957166, 50.860209164306823 ], [ -0.386077860212062, 50.860208429609813 ], [ -0.386078525321012, 50.860207799869102 ], [ -0.38607930128401, 50.860207275084704 ], [ -0.386080188101062, 50.860206855256628 ], [ -0.38608118577217, 50.860206540384823 ], [ -0.386082294297339, 50.860206330469325 ], [ -0.386083513676573, 50.860206225510112 ], [ -0.386084843909882, 50.860206225507198 ], [ -0.386086063289149, 50.860206120547943 ], [ -0.386087171814365, 50.860205910632388 ], [ -0.386088169485527, 50.860205595760505 ], [ -0.38608905630263, 50.860205175932322 ], [ -0.386089832265669, 50.860204651147797 ], [ -0.386090497374644, 50.860204021407 ], [ -0.386091051629553, 50.860203286709883 ], [ -0.386091495030399, 50.860202447056444 ], [ -0.386092049285297, 50.860201712359334 ], [ -0.386092714394246, 50.860201082618552 ], [ -0.386093490357247, 50.860200557834084 ], [ -0.386094377174299, 50.860200138005929 ], [ -0.386095374845408, 50.860199823134096 ], [ -0.386096483370577, 50.860199613218555 ], [ -0.386097702749813, 50.860199508259335 ], [ -0.386099032983121, 50.860199508256414 ], [ -0.386100307788364, 50.860199368311513 ], [ -0.386101527165532, 50.860199088424629 ], [ -0.386102691114614, 50.860198668595764 ], [ -0.386103799635598, 50.860198108824925 ], [ -0.38610485272848, 50.860197409112111 ], [ -0.386105850393252, 50.860196569457322 ], [ -0.386106792629906, 50.860195589860552 ], [ -0.386107679438436, 50.860194470321808 ], [ -0.38610856624865, 50.860193490725166 ], [ -0.386109453060552, 50.860192651070626 ], [ -0.386110339874152, 50.860191951358189 ], [ -0.386111226689455, 50.860191391587854 ], [ -0.386112113506474, 50.8601909717596 ], [ -0.386113000325214, 50.860190691873463 ], [ -0.386113887145684, 50.860190551929428 ], [ -0.386114773967891, 50.860190551927488 ], [ -0.386115660787157, 50.860190307026791 ], [ -0.386116547603466, 50.860189817227386 ], [ -0.386117434416806, 50.860189082529232 ], [ -0.386118321227163, 50.860188102932334 ], [ -0.386119208034521, 50.8601868784367 ], [ -0.386120094838868, 50.860185409042337 ], [ -0.386120981640188, 50.860183694749232 ], [ -0.386121868438467, 50.86018173555739 ], [ -0.386122755239687, 50.860180021264284 ], [ -0.386123642043862, 50.860178551869915 ], [ -0.386124528851006, 50.860177327374281 ], [ -0.386125415661137, 50.860176347777383 ], [ -0.386126302474264, 50.860175613079228 ], [ -0.386127189290404, 50.860175123279809 ], [ -0.386128076109571, 50.860174878379127 ], [ -0.386128962931781, 50.860174878377187 ], [ -0.386129905177454, 50.860174633476305 ], [ -0.386130902846575, 50.860174143676495 ], [ -0.386131955939128, 50.860173408977744 ], [ -0.386133064455096, 50.860172429380043 ], [ -0.386134228394452, 50.860171204883422 ], [ -0.386135447757178, 50.860169735487851 ], [ -0.386136722543248, 50.860168021193324 ], [ -0.386138052752634, 50.860166061999863 ], [ -0.386139216676847, 50.860163613008616 ], [ -0.386140214315876, 50.8601606742196 ], [ -0.386141045669715, 50.860157245632827 ], [ -0.386141710738376, 50.860153327248277 ], [ -0.386142209521876, 50.860148919065956 ], [ -0.386142542020241, 50.86014402108588 ], [ -0.386142708233511, 50.86013863330804 ], [ -0.386142708161734, 50.860132755732444 ], [ -0.386142430962045, 50.860127228012828 ], [ -0.386141876634535, 50.860122050149272 ], [ -0.38614104517929, 50.86011722214171 ], [ -0.386139936596379, 50.860112743990129 ], [ -0.386138550885856, 50.8601086156946 ], [ -0.386136888047771, 50.86010483725503 ], [ -0.386134948082151, 50.860101408671426 ], [ -0.386132730989018, 50.860098329943803 ], [ -0.386130569325844, 50.860095531100782 ], [ -0.386128463092582, 50.860093012142372 ], [ -0.386126412289187, 50.860090773068549 ], [ -0.386124416915613, 50.860088813879344 ], [ -0.386122476971821, 50.860087134574769 ], [ -0.386120592457768, 50.860085735154797 ], [ -0.386118763373418, 50.860084615619449 ], [ -0.386116989718735, 50.860083775968711 ], [ -0.386115437769646, 50.860082936317475 ], [ -0.386114107526141, 50.8600820966657 ], [ -0.386112998988208, 50.860081257013434 ], [ -0.386112112155834, 50.860080417360678 ], [ -0.386111447029008, 50.860079577707417 ], [ -0.386111003607716, 50.860078738053687 ], [ -0.386110781891948, 50.860077898399453 ], [ -0.386110781881692, 50.860077058744736 ], [ -0.386110560166277, 50.860076254076127 ], [ -0.386110116745716, 50.860075484393612 ], [ -0.386109451620017, 50.860074749697183 ], [ -0.386108564789191, 50.860074049986864 ], [ -0.386107456253244, 50.860073385262631 ], [ -0.386106126012184, 50.860072755524477 ], [ -0.386104574066018, 50.860072160772383 ], [ -0.38610280041475, 50.860071601006368 ], [ -0.386101193042235, 50.86007100625433 ], [ -0.386099751948471, 50.860070376516305 ], [ -0.386098477133453, 50.860069711792249 ], [ -0.386097368597177, 50.860069012082235 ], [ -0.386096426339639, 50.860068277386226 ], [ -0.386095650360831, 50.860067507704237 ], [ -0.386095040660749, 50.860066703036267 ], [ -0.386094597239385, 50.860065863382317 ], [ -0.386093932113306, 50.860065093700108 ], [ -0.386093045282521, 50.860064393989646 ], [ -0.386091936747037, 50.86006376425091 ], [ -0.386090606506857, 50.8600632044839 ], [ -0.386089054561985, 50.860062714688617 ], [ -0.386087280912418, 50.860062294865045 ], [ -0.386085285558158, 50.860061945013165 ], [ -0.386083068499201, 50.860061665132974 ], [ -0.386080962291707, 50.860061280295646 ], [ -0.386078966935692, 50.860060790501151 ], [ -0.386077082431162, 50.860060195749526 ], [ -0.386075308778127, 50.860059496040776 ], [ -0.386073645976595, 50.860058691374896 ], [ -0.386072094026568, 50.860057781751884 ], [ -0.386070652928053, 50.860056767171763 ], [ -0.38606932268105, 50.86005564763451 ], [ -0.386067715302935, 50.860054598069169 ], [ -0.38606583079372, 50.86005361847571 ], [ -0.386063669153414, 50.860052708854141 ], [ -0.386061230382024, 50.860051869204419 ], [ -0.386058514479553, 50.860051099526558 ], [ -0.386055521446006, 50.860050399820516 ], [ -0.38605225128138, 50.860049770086277 ], [ -0.386048703985675, 50.860049210323837 ], [ -0.386044491574187, 50.860048720534415 ], [ -0.386039614046923, 50.86004830071797 ], [ -0.38603407140388, 50.86004795087441 ], [ -0.386027863645049, 50.860047671003656 ], [ -0.386020990770419, 50.860047461105573 ], [ -0.386013452779971, 50.860047321180062 ], [ -0.386005249673678, 50.860047251226995 ], [ -0.385996381451511, 50.860047251246222 ], [ -0.385987956642842, 50.860047426192359 ], [ -0.385979975247578, 50.860047776065485 ], [ -0.385972437265641, 50.860048300865721 ], [ -0.385965342696957, 50.860049000593087 ], [ -0.385958691541464, 50.860049875247739 ], [ -0.385952483799113, 50.860050924829714 ], [ -0.385946719469859, 50.860052149339083 ], [ -0.385941398553673, 50.860053548775923 ], [ -0.385936133066664, 50.860055158126265 ], [ -0.385930923008766, 50.86005697739013 ], [ -0.385925768379915, 50.860059006567511 ], [ -0.38592066918005, 50.860061245658414 ], [ -0.385915625409107, 50.860063694662855 ], [ -0.385910637067028, 50.860066353580827 ], [ -0.385905704153753, 50.860069222412378 ], [ -0.385900826669226, 50.860072301157452 ], [ -0.38589628174506, 50.860075554829429 ], [ -0.385892069381272, 50.860078983428359 ], [ -0.385888189577887, 50.86008258695427 ], [ -0.385884642334936, 50.860086365407156 ], [ -0.385881427652458, 50.860090318787108 ], [ -0.385878545530499, 50.860094447094113 ], [ -0.385875995969113, 50.860098750328206 ], [ -0.385873778968363, 50.860103228489407 ], [ -0.385871839098411, 50.860107636678414 ], [ -0.385870176359343, 50.860111974895283 ], [ -0.385868790751246, 50.860116243139963 ], [ -0.385867682274203, 50.860120441412512 ], [ -0.38586685092829, 50.860124569712902 ], [ -0.385866296713586, 50.860128628041181 ], [ -0.385866019630166, 50.860132616397316 ], [ -0.385866019678103, 50.860136534781319 ], [ -0.38586618600085, 50.860140103309192 ], [ -0.385866518598444, 50.860143321980935 ], [ -0.385867017470915, 50.860146190796549 ], [ -0.385867682618281, 50.860148709756018 ], [ -0.385868514040557, 50.860150878859343 ], [ -0.38586951173775, 50.860152698106546 ], [ -0.385870675709855, 50.860154167497583 ], [ -0.385872005956864, 50.860155287032484 ], [ -0.385873225352394, 50.860156511524224 ], [ -0.385874333896444, 50.860157840972811 ], [ -0.385875331589012, 50.860159275378201 ], [ -0.385876218430095, 50.860160814740475 ], [ -0.385876994419685, 50.86016245905958 ], [ -0.385877659557777, 50.860164208335547 ], [ -0.385878213844363, 50.860166062568354 ], [ -0.385878657279434, 50.860168021758028 ], [ -0.385879654980928, 50.860170225845167 ], [ -0.385881206948942, 50.860172674829762 ], [ -0.385883313183586, 50.860175368711793 ], [ -0.385885973684988, 50.860178307491218 ], [ -0.385889188453292, 50.860181491168028 ], [ -0.385892957488664, 50.860184919742146 ], [ -0.385897280791281, 50.860188593213536 ], [ -0.385902158361344, 50.860192511582135 ], [ -0.385907313060456, 50.860196185051414 ], [ -0.385912744888606, 50.860199613621376 ], [ -0.385918453845769, 50.860202797291961 ], [ -0.385924439931916, 50.860205736063122 ], [ -0.385930703147007, 50.860208429934822 ], [ -0.385937243490992, 50.860210878907026 ], [ -0.385944060963816, 50.860213082979683 ], [ -0.385951155565414, 50.860215042152745 ], [ -0.385958471869565, 50.86021672144139 ], [ -0.385966009876164, 50.860218120845559 ], [ -0.385973769585099, 50.86021924036524 ], [ -0.385981750996247, 50.860220080000367 ], [ -0.385989954109479, 50.860220639750892 ], [ -0.385998378924659, 50.860220919616786 ], [ -0.386007025441638, 50.860220919597985 ] ] ] } },
{ "type": "Feature", "properties": { "fid": 137, "pit_id": 137, "mon_name": "Potential Flint Mine Pit Group", "site": "Cissbury Ring", "mon_type": "Flint mine pit group (potential)", "nhle_id": null, "mon_uid": "MNA205057", "src_shot": "142622", "full_label": "Potential Flint Mine Pit Group, Cissbury Ring", "area_m2": 163.26, "perim_m": 51.19, "diam_m": 14.42 }, "geometry": { "type": "Polygon", "coordinates": [ [ [ -0.386900040017824, 50.85895512503415 ], [ -0.386903587293387, 50.858954005460681 ], [ -0.386906691158529, 50.858952955860886 ], [ -0.386909351613295, 50.85895197623482 ], [ -0.386911568657725, 50.858951066582485 ], [ -0.386913342291852, 50.858950226903943 ], [ -0.386914672515711, 50.858949457199181 ], [ -0.386915559329325, 50.858948757468241 ], [ -0.38691600273272, 50.858948127711123 ], [ -0.386916002725917, 50.858947567927835 ], [ -0.386916168999148, 50.858947078117133 ], [ -0.38691650155241, 50.85894665827901 ], [ -0.386917000385701, 50.858946308413493 ], [ -0.386917665499018, 50.858946028520542 ], [ -0.386918496892362, 50.858945818600169 ], [ -0.386919494565735, 50.858945678652397 ], [ -0.386920658519139, 50.858945608677182 ], [ -0.386921988752579, 50.858945608674532 ], [ -0.386923263557957, 50.858945468726148 ], [ -0.386924482935261, 50.858945188832045 ], [ -0.386925646884481, 50.858944768992188 ], [ -0.386926755405609, 50.858944209206598 ], [ -0.386927808498637, 50.858943509475282 ], [ -0.386928806163556, 50.858942669798246 ], [ -0.386929748400363, 50.858941690175449 ], [ -0.38693063520905, 50.858940570606954 ], [ -0.386931577445806, 50.858939590984193 ], [ -0.386932575110637, 50.858938751307157 ], [ -0.386933628203548, 50.858938051575862 ], [ -0.386934736724548, 50.8589374917903 ], [ -0.386935900673643, 50.858937071950471 ], [ -0.386937120050842, 50.858936792056369 ], [ -0.386938394856157, 50.858936652107992 ], [ -0.386939725089599, 50.858936652105363 ], [ -0.386941221598559, 50.858936337224172 ], [ -0.386942884383004, 50.85893570746444 ], [ -0.386944713442895, 50.858934762826138 ], [ -0.386946708778184, 50.858933503309274 ], [ -0.386948870388818, 50.85893192891384 ], [ -0.386951198274735, 50.858930039639816 ], [ -0.386953692435867, 50.858927835487201 ], [ -0.386956352872141, 50.858925316455966 ], [ -0.38695884702585, 50.85892251753291 ], [ -0.386961174896979, 50.858919438718019 ], [ -0.386963336485518, 50.858916080011284 ], [ -0.386965331791461, 50.858912441412755 ], [ -0.386967160814809, 50.858908522922427 ], [ -0.386968823556545, 50.858904324541612 ], [ -0.386970320016073, 50.858899846269509 ], [ -0.386971650193127, 50.858895088105733 ], [ -0.38697298037502, 50.858890749779611 ], [ -0.386974310561792, 50.858886831291137 ], [ -0.386975640753481, 50.858883332640325 ], [ -0.386976970950126, 50.858880253827174 ], [ -0.386978301151763, 50.858877594851663 ], [ -0.386979631358435, 50.858875355713806 ], [ -0.386980961570174, 50.858873536413618 ], [ -0.386982291787018, 50.858872136951092 ], [ -0.386983566579487, 50.858870912421132 ], [ -0.386984785947597, 50.858869862823781 ], [ -0.386985949891366, 50.858868988159024 ], [ -0.386987058410811, 50.858868288426869 ], [ -0.386988111505948, 50.858867763627309 ], [ -0.386989109176789, 50.858867413760336 ], [ -0.386990051423349, 50.858867238825972 ], [ -0.386990938245636, 50.858867238824232 ], [ -0.386991880491078, 50.8588669589303 ], [ -0.386992878159652, 50.858866399144198 ], [ -0.386993931251342, 50.858865559465919 ], [ -0.386995039766123, 50.858864439895463 ], [ -0.38699620370397, 50.858863040432844 ], [ -0.386997423064859, 50.858861361078034 ], [ -0.386998697848758, 50.858859401831047 ], [ -0.387000028055638, 50.858857162691876 ], [ -0.387001358264941, 50.858855133471735 ], [ -0.387002688476687, 50.858853314170609 ], [ -0.387004018690894, 50.858851704788542 ], [ -0.38700534890758, 50.858850305325497 ], [ -0.387006679126763, 50.858849115781481 ], [ -0.387008009348463, 50.858848136156524 ], [ -0.387009339572697, 50.858847366450576 ], [ -0.387010669799485, 50.858846806663678 ], [ -0.387011889168559, 50.858845827038593 ], [ -0.387012997679896, 50.858844427575328 ], [ -0.387013995333474, 50.858842608273903 ], [ -0.387014882129275, 50.858840369134292 ], [ -0.387015658067291, 50.858837710156521 ], [ -0.38701632314752, 50.858834631340592 ], [ -0.387016877369962, 50.85883113268649 ], [ -0.387017320734626, 50.858827214194221 ], [ -0.387017542397316, 50.858823610581084 ], [ -0.387017542358091, 50.85882032184707 ], [ -0.387017320616999, 50.858817347992215 ], [ -0.387016877174082, 50.858814689016484 ], [ -0.387016212029366, 50.858812344919905 ], [ -0.387015325182877, 50.858810315702435 ], [ -0.387014216634624, 50.858808601364117 ], [ -0.387012886384611, 50.858807201904909 ], [ -0.387011112725104, 50.858805942392856 ], [ -0.387008895656123, 50.858804822827963 ], [ -0.38700623517768, 50.858803843210183 ], [ -0.387003131289782, 50.858803003539485 ], [ -0.386999583992425, 50.858802303815864 ], [ -0.386995593285596, 50.858801744039233 ], [ -0.38699115916928, 50.858801324209587 ], [ -0.386986281643449, 50.85880104432686 ], [ -0.386981847530947, 50.85880093937584 ], [ -0.386977856831721, 50.858801009356611 ], [ -0.386974309545726, 50.858801254269196 ], [ -0.386971205672927, 50.858801674113664 ], [ -0.386968545213304, 50.858802268890003 ], [ -0.386966328166838, 50.858803038598282 ], [ -0.386964554533529, 50.858803983238502 ], [ -0.386963224313381, 50.858805102810692 ], [ -0.386961672386849, 50.858806152410267 ], [ -0.38695989875392, 50.858807132037207 ], [ -0.386957903414593, 50.858808041691496 ], [ -0.386955686368863, 50.858808881373115 ], [ -0.386953247616727, 50.858809651082069 ], [ -0.386950587158188, 50.858810350818345 ], [ -0.386947704993245, 50.858810980581907 ], [ -0.386944601121906, 50.85881154037277 ], [ -0.386941885235265, 50.858812100162773 ], [ -0.386939557333335, 50.858812659951973 ], [ -0.386937617416132, 50.85881321974037 ], [ -0.386936065483667, 50.858813779527999 ], [ -0.386934901535955, 50.858814339314854 ], [ -0.38693412557301, 50.85881489910097 ], [ -0.386933737594845, 50.858815458886355 ], [ -0.386933737601474, 50.858816018671007 ], [ -0.386932629082254, 50.858816718404292 ], [ -0.386930412037126, 50.858817558086216 ], [ -0.38692708646601, 50.858818537716701 ], [ -0.386922652368808, 50.858819657295633 ], [ -0.386917109745401, 50.858820916822914 ], [ -0.386910458595652, 50.858822316298358 ], [ -0.386902698919404, 50.858823855721795 ], [ -0.38689383071648, 50.858825535092983 ], [ -0.386885516781855, 50.858827564327761 ], [ -0.386877757115409, 50.858829943426244 ], [ -0.386870551717047, 50.858832672388523 ], [ -0.386863900586699, 50.85883575121472 ], [ -0.386857803724324, 50.858839179904919 ], [ -0.3868522611299, 50.858842958459213 ], [ -0.386847272803434, 50.858847086877674 ], [ -0.38684283874496, 50.858851565160371 ], [ -0.386838958945199, 50.858855658590073 ], [ -0.386835633404395, 50.858859367166836 ], [ -0.386832862122768, 50.858862690890703 ], [ -0.386830645100505, 50.858865629761738 ], [ -0.38682898233777, 50.858868183779947 ], [ -0.386827873834697, 50.85887035294536 ], [ -0.386827319591391, 50.858872137258011 ], [ -0.386827319607931, 50.858873536717915 ], [ -0.386826987072233, 50.858875425989069 ], [ -0.386826321984243, 50.858877805071508 ], [ -0.386825324343889, 50.85888067396521 ], [ -0.386823994151073, 50.858884032670147 ], [ -0.38682233140568, 50.858887881186341 ], [ -0.386820336107571, 50.858892219513749 ], [ -0.386818008256586, 50.858897047652349 ], [ -0.386815347852546, 50.858902365602134 ], [ -0.386813075428622, 50.858907333686112 ], [ -0.386811190986516, 50.858911951906236 ], [ -0.386809694524831, 50.858916220260539 ], [ -0.386808586043629, 50.85892013874895 ], [ -0.38680786554303, 50.858923707371467 ], [ -0.386807533023145, 50.858926926128113 ], [ -0.386807588484058, 50.858929795018874 ], [ -0.386808031925844, 50.85893231404377 ], [ -0.386808530791473, 50.8589346231497 ], [ -0.386809085080947, 50.858936722336686 ], [ -0.386809694794268, 50.8589386116047 ], [ -0.386810359931432, 50.858940290953797 ], [ -0.38681108049244, 50.858941760383914 ], [ -0.386811856477287, 50.858943019895079 ], [ -0.386812687885967, 50.858944069487286 ], [ -0.386813574718473, 50.858944909160549 ], [ -0.386814960389213, 50.858945818805793 ], [ -0.386816844898221, 50.85894679842302 ], [ -0.38681922824554, 50.858947848012221 ], [ -0.386822110431212, 50.858948967573333 ], [ -0.386825491455288, 50.858950157106335 ], [ -0.38682937131782, 50.858951416611184 ], [ -0.38683375001887, 50.858952746087823 ], [ -0.386838627558497, 50.85895414553621 ], [ -0.386843394243412, 50.858955370052513 ], [ -0.38684805007355, 50.858956419636741 ], [ -0.386852595048852, 50.858957294288913 ], [ -0.38685702916926, 50.858957994009039 ], [ -0.386861352434722, 50.858958518797131 ], [ -0.386865564845184, 50.858958868653197 ], [ -0.386869666400597, 50.858959043577251 ], [ -0.386873657100912, 50.858959043569321 ], [ -0.386877592373248, 50.85895890361568 ], [ -0.386881472217571, 50.858958623716333 ], [ -0.386885296633846, 50.858958203871268 ], [ -0.386889065622041, 50.858957644080519 ], [ -0.386892779182122, 50.858956944344079 ], [ -0.38689643731406, 50.858956104661956 ], [ -0.386900040017824, 50.85895512503415 ] ] ] } },
{ "type": "Feature", "properties": { "fid": 138, "pit_id": 138, "mon_name": "Potential Flint Mine Pit Group", "site": "Cissbury Ring", "mon_type": "Flint mine pit group (potential)", "nhle_id": null, "mon_uid": "MNA205057", "src_shot": "142622", "full_label": "Potential Flint Mine Pit Group, Cissbury Ring", "area_m2": 305.16, "perim_m": 68.69, "diam_m": 19.71 }, "geometry": { "type": "Polygon", "coordinates": [ [ [ -0.386456409100555, 50.859113824199909 ], [ -0.386463947083125, 50.859113264403398 ], [ -0.386471595915959, 50.859112459702317 ], [ -0.386479355598935, 50.859111410096645 ], [ -0.386487226131922, 50.859110115586368 ], [ -0.386495207514788, 50.859108576171451 ], [ -0.386503299747398, 50.859106791851907 ], [ -0.38651150282961, 50.859104762627688 ], [ -0.386519816761285, 50.859102488498763 ], [ -0.386528241542275, 50.859099969465106 ], [ -0.386535668650086, 50.859097660351004 ], [ -0.386542098084963, 50.859095561156657 ], [ -0.386547529847123, 50.859093671882192 ], [ -0.386551963936758, 50.859091992527773 ], [ -0.386555400354031, 50.859090523093514 ], [ -0.38655783909908, 50.859089263579499 ], [ -0.386559280172019, 50.859088213985792 ], [ -0.386559723572931, 50.859087374312416 ], [ -0.386560333253883, 50.859086604611456 ], [ -0.386561109214868, 50.859085904882853 ], [ -0.386562051455882, 50.859085275126638 ], [ -0.386563159976925, 50.859084715342782 ], [ -0.386564434777993, 50.859084225531305 ], [ -0.386565875859088, 50.85908380569218 ], [ -0.386567483220213, 50.85908345582542 ], [ -0.386569256861372, 50.859083175931005 ], [ -0.386570975074889, 50.859082791077618 ], [ -0.386572637860756, 50.859082301265246 ], [ -0.386574245218963, 50.859081706493889 ], [ -0.386575797149502, 50.859081006763574 ], [ -0.386577293652363, 50.859080202074267 ], [ -0.38657873472754, 50.859079292426003 ], [ -0.386580120375026, 50.859078277818767 ], [ -0.386581450594816, 50.859077158252575 ], [ -0.386582836239361, 50.859075898740748 ], [ -0.386584277308644, 50.859074499283302 ], [ -0.386585773802648, 50.859072959880223 ], [ -0.386587325721352, 50.859071280531516 ], [ -0.386588933064739, 50.859069461237169 ], [ -0.386590595832786, 50.859067501997181 ], [ -0.38659231402547, 50.859065402811581 ], [ -0.386594087642768, 50.859063163680311 ], [ -0.386595805829505, 50.85906057468506 ], [ -0.38659746858565, 50.859057635825849 ], [ -0.386599075911174, 50.859054347102628 ], [ -0.38660062780605, 50.859050708515433 ], [ -0.386602124270257, 50.859046720064235 ], [ -0.386603565303771, 50.85904238174907 ], [ -0.386604950906574, 50.859037693569924 ], [ -0.386606281078649, 50.859032655526825 ], [ -0.38660761125778, 50.859028212252333 ], [ -0.386608941444022, 50.859024363746521 ], [ -0.386610271637429, 50.859021110009344 ], [ -0.386611601838057, 50.859018451040818 ], [ -0.386612932045954, 50.859016386840942 ], [ -0.386614262261176, 50.859014917409709 ], [ -0.386615592483773, 50.85901404274712 ], [ -0.386616922713797, 50.859013762853216 ], [ -0.386618142089766, 50.85901337800027 ], [ -0.386619250611676, 50.859012888188296 ], [ -0.386620248279521, 50.859012293417294 ], [ -0.386621135093297, 50.859011593687271 ], [ -0.386621911053005, 50.859010788998241 ], [ -0.386622576158646, 50.859009879350204 ], [ -0.386623130410221, 50.859008864743132 ], [ -0.386623573807732, 50.85900774517706 ], [ -0.38662407263333, 50.859006765556529 ], [ -0.386624626887015, 50.859005925881519 ], [ -0.386625236568789, 50.859005226152071 ], [ -0.386625901678657, 50.859004666368158 ], [ -0.386626622216621, 50.859004246529786 ], [ -0.386627398182687, 50.859003966636948 ], [ -0.386628229576861, 50.859003826689644 ], [ -0.38662911639915, 50.859003826687875 ], [ -0.38663011406761, 50.859003266903031 ], [ -0.386631222582198, 50.859002147335126 ], [ -0.386632441942867, 50.859000467984146 ], [ -0.386633772149561, 50.858998228850083 ], [ -0.386635213202213, 50.858995429932939 ], [ -0.38663676510075, 50.85899207123272 ], [ -0.38663842784509, 50.858988152749383 ], [ -0.386640201435145, 50.858983674482964 ], [ -0.386642030455736, 50.858979546080612 ], [ -0.386643914906894, 50.85897576754234 ], [ -0.38664585478865, 50.858972338868142 ], [ -0.386647850101037, 50.858969260058004 ], [ -0.386649900844088, 50.858966531111946 ], [ -0.386652007017844, 50.858964152029941 ], [ -0.386654168622342, 50.858962122812009 ], [ -0.386656385657628, 50.858960443458116 ], [ -0.386658325556631, 50.85895841424 ], [ -0.386659988319346, 50.858956035157647 ], [ -0.386661373945775, 50.858953306211077 ], [ -0.386662482435934, 50.858950227400264 ], [ -0.386663313789851, 50.858946798725256 ], [ -0.386663868007565, 50.858943020186047 ], [ -0.386664145089132, 50.858938891782643 ], [ -0.386664145034613, 50.858934413515044 ], [ -0.386663757002049, 50.8589304950317 ], [ -0.386662980991527, 50.858927136332603 ], [ -0.386661817003104, 50.858924337417761 ], [ -0.386660265036808, 50.858922098287167 ], [ -0.386658325092647, 50.858920418940777 ], [ -0.386655997170593, 50.858919299378599 ], [ -0.386653281270591, 50.85891873960059 ], [ -0.386650177392559, 50.858918739606736 ], [ -0.386647239794592, 50.858918809585482 ], [ -0.38664446847668, 50.858918949536822 ], [ -0.38664186343881, 50.858919159460768 ], [ -0.386639424680973, 50.858919439357344 ], [ -0.38663715220316, 50.85891978922654 ], [ -0.386635046005364, 50.85892020906838 ], [ -0.386633106087582, 50.858920698882883 ], [ -0.386631332449808, 50.858921258670037 ], [ -0.386628616562488, 50.858921748486495 ], [ -0.386624958425604, 50.858922168332192 ], [ -0.38662035803915, 50.858922518207038 ], [ -0.386614815403128, 50.858922798110918 ], [ -0.386608330517548, 50.858923008043696 ], [ -0.386600903382433, 50.858923148005239 ], [ -0.38659253399781, 50.858923217995326 ], [ -0.386583222363715, 50.858923218013793 ], [ -0.386574686700067, 50.858923288003176 ], [ -0.386566927006823, 50.858923427963653 ], [ -0.386559943283955, 50.858923637895373 ], [ -0.386553735531437, 50.858923917798499 ], [ -0.386548303749253, 50.858924267673117 ], [ -0.386543647937393, 50.858924687519362 ], [ -0.386539768095855, 50.858925177337326 ], [ -0.386536664224646, 50.85892573712708 ], [ -0.386533615780719, 50.858926366889634 ], [ -0.386530622764063, 50.858927066625 ], [ -0.386527685174669, 50.858927836333194 ], [ -0.386524803012526, 50.858928676014195 ], [ -0.386521976277622, 50.858929585668015 ], [ -0.386519204969948, 50.858930565294663 ], [ -0.386516489089496, 50.858931614894146 ], [ -0.386513828636256, 50.85893273446645 ], [ -0.386511279034009, 50.858933714092636 ], [ -0.386508840282783, 50.85893455377272 ], [ -0.386506512382604, 50.858935253506687 ], [ -0.3865042953335, 50.858935813294551 ], [ -0.386502189135494, 50.858936233136319 ], [ -0.38650019378861, 50.858936513032013 ], [ -0.386498309292865, 50.858936652981612 ], [ -0.386496535648278, 50.858936652985108 ], [ -0.386494983710124, 50.858936722961111 ], [ -0.386493653478398, 50.858936862909573 ], [ -0.386492544953095, 50.858937072830528 ], [ -0.386491658134214, 50.858937352723963 ], [ -0.386490993021753, 50.858937702589898 ], [ -0.386490549615716, 50.858938122428334 ], [ -0.386490327916106, 50.858938612239271 ], [ -0.386490327922928, 50.858939172022708 ], [ -0.386489995371875, 50.858939766793284 ], [ -0.386489330262929, 50.858940396551013 ], [ -0.38648833259608, 50.85894106129588 ], [ -0.38648700237131, 50.85894176102785 ], [ -0.386485339588601, 50.858942495746952 ], [ -0.386483344247933, 50.858943265453156 ], [ -0.386481016349289, 50.858944070146435 ], [ -0.386478355892645, 50.858944909826775 ], [ -0.386475695434658, 50.858945644547724 ], [ -0.386473034975347, 50.858946274309304 ], [ -0.38647037451473, 50.858946799111507 ], [ -0.386467714052823, 50.858947218954334 ], [ -0.386465053589648, 50.858947533837764 ], [ -0.386462393125221, 50.85894774376181 ], [ -0.386459732659559, 50.858947848726473 ], [ -0.38645707219268, 50.858947848731766 ], [ -0.386453691190388, 50.858948408521918 ], [ -0.386449589652537, 50.858949528096893 ], [ -0.38644476757893, 50.858951207456585 ], [ -0.386439224969317, 50.858953446600935 ], [ -0.386432961823396, 50.858956245529832 ], [ -0.386425978140817, 50.85895960424314 ], [ -0.386418273921173, 50.858963522740744 ], [ -0.386409849164008, 50.858968001022504 ], [ -0.38640236664876, 50.858972024478071 ], [ -0.386395826375887, 50.858975593107623 ], [ -0.386390228345793, 50.858978706911337 ], [ -0.386385572558827, 50.858981365889342 ], [ -0.386381859015284, 50.858983570041751 ], [ -0.386379087715405, 50.858985319368657 ], [ -0.386377258659376, 50.858986613870123 ], [ -0.386376371847328, 50.858987453546192 ], [ -0.386375540466839, 50.858988713059084 ], [ -0.386374764517891, 50.858990392408785 ], [ -0.386374044000469, 50.858992491595316 ], [ -0.38637337891456, 50.858995010618663 ], [ -0.386372769260152, 50.858997949478805 ], [ -0.386372215037238, 50.859001308175799 ], [ -0.386371716245814, 50.859005086709601 ], [ -0.386371272885875, 50.859009285080205 ], [ -0.386371106655552, 50.859013308518001 ], [ -0.386371217554918, 50.859017157022961 ], [ -0.38637160558404, 50.859020830595092 ], [ -0.386372270742982, 50.859024329234394 ], [ -0.386373213031797, 50.859027652940874 ], [ -0.386374432450537, 50.859030801714496 ], [ -0.386375928999243, 50.859033775555282 ], [ -0.386377702677952, 50.859036574463211 ], [ -0.386379365500181, 50.859039058493799 ], [ -0.386380917465877, 50.85904122764704 ], [ -0.386382358574997, 50.859043081922941 ], [ -0.386383688827498, 50.859044621321516 ], [ -0.386384908223343, 50.859045845842765 ], [ -0.386386016762501, 50.859046755486695 ], [ -0.386387014444941, 50.859047350253306 ], [ -0.38638790127064, 50.859047630142605 ], [ -0.38638873267629, 50.859048434827542 ], [ -0.386389508661915, 50.859049764308111 ], [ -0.386390229227534, 50.859051618584331 ], [ -0.386390894373164, 50.859053997656211 ], [ -0.386391504098819, 50.859056901523708 ], [ -0.386392058404503, 50.859060330186871 ], [ -0.386392557290223, 50.859064283645665 ], [ -0.386393000755978, 50.859068761900112 ], [ -0.386393555072312, 50.85907306522224 ], [ -0.386394220239253, 50.859077193612052 ], [ -0.386394996256822, 50.85908114706956 ], [ -0.386395883125039, 50.859084925594722 ], [ -0.386396880843925, 50.859088529187567 ], [ -0.386397989413491, 50.859091957848094 ], [ -0.386399208833754, 50.859095211576303 ], [ -0.386400539104721, 50.859098290372167 ], [ -0.386402091077855, 50.859101089276813 ], [ -0.38640386475317, 50.859103608290226 ], [ -0.38640586013067, 50.859105847412401 ], [ -0.386408077210352, 50.859107806643344 ], [ -0.386410515992205, 50.859109485983012 ], [ -0.386413176476212, 50.859110885431399 ], [ -0.386416058662344, 50.859112004988503 ], [ -0.386419162550567, 50.859112844654291 ], [ -0.386422820700724, 50.859113509387541 ], [ -0.386427033112802, 50.859113999188168 ], [ -0.38643179978677, 50.85911431405615 ], [ -0.386437120722589, 50.859114453991381 ], [ -0.386442995920204, 50.859114418993819 ], [ -0.386449425379552, 50.859114209063357 ], [ -0.386456409100555, 50.859113824199909 ] ] ] } },
{ "type": "Feature", "properties": { "fid": 139, "pit_id": 139, "mon_name": "Potential Flint Mine Pit Group", "site": "Cissbury Ring", "mon_type": "Flint mine pit group (potential)", "nhle_id": null, "mon_uid": "MNA205057", "src_shot": "142622", "full_label": "Potential Flint Mine Pit Group, Cissbury Ring", "area_m2": 118.44, "perim_m": 39.89, "diam_m": 12.28 }, "geometry": { "type": "Polygon", "coordinates": [ [ [ -0.386768348623868, 50.859096190454231 ], [ -0.386772782721662, 50.859095070882255 ], [ -0.386777161391086, 50.859093776378536 ], [ -0.386781484632093, 50.859092306943097 ], [ -0.386785752444642, 50.859090662575937 ], [ -0.386789964828689, 50.859088843277043 ], [ -0.386794121784192, 50.859086849046463 ], [ -0.386798223311113, 50.859084679884177 ], [ -0.386802269409412, 50.859082335790184 ], [ -0.38680626007905, 50.859079816764499 ], [ -0.386809918190967, 50.859077367712018 ], [ -0.386813243745229, 50.859074988632749 ], [ -0.386816236741903, 50.859072679526747 ], [ -0.386818897181048, 50.859070440394042 ], [ -0.386821225062727, 50.859068271234626 ], [ -0.386823220386993, 50.859066172048557 ], [ -0.386824883153902, 50.85906414283582 ], [ -0.386826213363503, 50.859062183596443 ], [ -0.386827432716074, 50.859059874493248 ], [ -0.3868285412116, 50.859057215526214 ], [ -0.386829538850077, 50.859054206695369 ], [ -0.386830425631501, 50.859050848000713 ], [ -0.386831201555873, 50.859047139442225 ], [ -0.386831866623201, 50.859043081019948 ], [ -0.386832420833498, 50.859038672733838 ], [ -0.386832864186779, 50.859033914583925 ], [ -0.386833085838568, 50.859029506298214 ], [ -0.386833085788937, 50.859025447876697 ], [ -0.386832864037944, 50.859021739319402 ], [ -0.386832420585639, 50.859018380626296 ], [ -0.386831755432061, 50.859015371797419 ], [ -0.38683086857724, 50.859012712832715 ], [ -0.386829760021195, 50.859010403732221 ], [ -0.386828429763934, 50.85900844449592 ], [ -0.386826988655602, 50.85900662520546 ], [ -0.386825436696198, 50.859004945860853 ], [ -0.386823773885722, 50.859003406462087 ], [ -0.386822000224168, 50.859002007009153 ], [ -0.386820115711533, 50.859000747502073 ], [ -0.386818120347807, 50.858999627940811 ], [ -0.386816014132982, 50.858998648325368 ], [ -0.386813797067046, 50.858997808655744 ], [ -0.386810748607458, 50.85899714392022 ], [ -0.386806868754222, 50.858996654118741 ], [ -0.386802157507323, 50.858996339251213 ], [ -0.386796614866726, 50.858996199317573 ], [ -0.386790240832381, 50.858996234317644 ], [ -0.386783035404215, 50.858996444251325 ], [ -0.386774998582143, 50.85899682911846 ], [ -0.386766130366057, 50.858997388918873 ], [ -0.386758204398097, 50.85899791373047 ], [ -0.386751220678307, 50.858998403553436 ], [ -0.386745179206729, 50.858998858387956 ], [ -0.386740079983401, 50.858999278234165 ], [ -0.386735923008356, 50.858999663092192 ], [ -0.386732708281625, 50.859000012962142 ], [ -0.386730435803234, 50.859000327844079 ], [ -0.386729105573204, 50.859000607738075 ], [ -0.386727941622774, 50.859000922618129 ], [ -0.386726943951943, 50.859001272484271 ], [ -0.386726112560709, 50.859001657336478 ], [ -0.386725447449078, 50.859002077174779 ], [ -0.386724948617052, 50.85900253199916 ], [ -0.386724616064633, 50.859003021809613 ], [ -0.386724449791828, 50.859003546606168 ], [ -0.38672444979864, 50.859004106388802 ], [ -0.386724006393916, 50.859004631185961 ], [ -0.386723119577639, 50.859005120997629 ], [ -0.386721789349803, 50.859005575823822 ], [ -0.386720015710394, 50.859005995664482 ], [ -0.386717798659407, 50.859006380519631 ], [ -0.386715138196833, 50.859006730389225 ], [ -0.386712034322674, 50.859007045273216 ], [ -0.386708487036924, 50.859007325171596 ], [ -0.386705383162727, 50.85900764005541 ], [ -0.386702722700081, 50.859007989924706 ], [ -0.386700505648993, 50.859008374779492 ], [ -0.386698732009465, 50.85900879461979 ], [ -0.386697401781506, 50.859009249445648 ], [ -0.386696514965126, 50.859009739257061 ], [ -0.386696071560336, 50.859010264054049 ], [ -0.386696071567149, 50.859010823836606 ], [ -0.386695849867981, 50.859011348633203 ], [ -0.386695406462826, 50.859011838443863 ], [ -0.386694741351677, 50.859012293268549 ], [ -0.386693854534529, 50.859012713107269 ], [ -0.386692746011378, 50.859013097960023 ], [ -0.386691415782223, 50.859013447826797 ], [ -0.38668986384706, 50.859013762707612 ], [ -0.386688090205891, 50.859014042602404 ], [ -0.38668631656692, 50.859014497429214 ], [ -0.38668454293013, 50.859015127188016 ], [ -0.3866827692955, 50.859015931878837 ], [ -0.386680995663008, 50.859016911501655 ], [ -0.386679222032637, 50.859018066056478 ], [ -0.386677448404366, 50.859019395543292 ], [ -0.386675674778174, 50.859020899962125 ], [ -0.386673901154042, 50.859022579312963 ], [ -0.386672182953657, 50.859024048745269 ], [ -0.386670520177049, 50.859025308259042 ], [ -0.386668912824245, 50.85902635785429 ], [ -0.38666736089527, 50.85902719753102 ], [ -0.38666586439015, 50.859027827289225 ], [ -0.386664423308905, 50.859028247128911 ], [ -0.386663037651558, 50.859028457050087 ], [ -0.386661707418126, 50.859028457052744 ], [ -0.386660377187751, 50.859028701960128 ], [ -0.38665904696041, 50.859029191772272 ], [ -0.386657716736082, 50.859029926489143 ], [ -0.386656386514748, 50.859030906110753 ], [ -0.386655056296385, 50.859032130637097 ], [ -0.386653726080972, 50.85903360006818 ], [ -0.386652395868488, 50.859035314404004 ], [ -0.386651065658912, 50.859037273644546 ], [ -0.386649957156942, 50.859039407816411 ], [ -0.386649070362595, 50.859041716919599 ], [ -0.386648405275895, 50.859044200954088 ], [ -0.386647961896868, 50.859046859919893 ], [ -0.386647740225547, 50.859049693817035 ], [ -0.386647740261966, 50.859052702645528 ], [ -0.386647962006171, 50.859055886405294 ], [ -0.386648405458206, 50.859059245096418 ], [ -0.386649015186803, 50.859062393868861 ], [ -0.386649791191988, 50.859065332722643 ], [ -0.386650733473782, 50.859068061657773 ], [ -0.386651842032204, 50.859070580674214 ], [ -0.386653116867265, 50.85907288977198 ], [ -0.386654557978974, 50.859074988951079 ], [ -0.386656165367336, 50.859076878211482 ], [ -0.38665793903235, 50.859078557553197 ], [ -0.386660045255592, 50.859080236894251 ], [ -0.386662484037098, 50.859081916234651 ], [ -0.386665255376905, 50.859083595574361 ], [ -0.386668359275049, 50.859085274913362 ], [ -0.386671795731568, 50.85908695425163 ], [ -0.386675564746496, 50.859088633589138 ], [ -0.386679666319869, 50.859090312925829 ], [ -0.386684100451726, 50.859091992261696 ], [ -0.386688811713547, 50.859093496665388 ], [ -0.386693800105307, 50.859094826136854 ], [ -0.386699065626976, 50.859095980676081 ], [ -0.386704608278514, 50.859096960283011 ], [ -0.386710428059881, 50.859097764957625 ], [ -0.386716524971025, 50.859098394699856 ], [ -0.38672289901189, 50.859098849509678 ], [ -0.386729550182416, 50.859099129387047 ], [ -0.386735924219067, 50.859099234333094 ], [ -0.386742021121767, 50.859099164347874 ], [ -0.386747840890451, 50.859098919431439 ], [ -0.386753383525055, 50.859098499583823 ], [ -0.386758649025525, 50.859097904805047 ], [ -0.38676363739181, 50.859097135095183 ], [ -0.386768348623868, 50.859096190454231 ] ] ] } },
{ "type": "Feature", "properties": { "fid": 140, "pit_id": 140, "mon_name": "Potential Flint Mine Pit Group", "site": "Cissbury Ring", "mon_type": "Flint mine pit group (potential)", "nhle_id": null, "mon_uid": "MNA205057", "src_shot": "142622", "full_label": "Potential Flint Mine Pit Group, Cissbury Ring", "area_m2": 43.86, "perim_m": 24.93, "diam_m": 7.47 }, "geometry": { "type": "Polygon", "coordinates": [ [ [ -0.386731324723949, 50.8591726006443 ], [ -0.386735315403763, 50.859170921294364 ], [ -0.386738862669372, 50.859168997040982 ], [ -0.386741966520771, 50.859166827884202 ], [ -0.386744626957972, 50.859164413824075 ], [ -0.386746843981001, 50.859161754860601 ], [ -0.386748617589897, 50.85915885099385 ], [ -0.386749947784712, 50.859155702223802 ], [ -0.386750834565514, 50.859152308550463 ], [ -0.386751277932385, 50.859148669973884 ], [ -0.386751222465765, 50.859145381261357 ], [ -0.386750668165764, 50.859142442412882 ], [ -0.386749615032462, 50.859139853428466 ], [ -0.386748063065922, 50.859137614308104 ], [ -0.386746012266179, 50.859135725051736 ], [ -0.386743462633253, 50.859134185659364 ], [ -0.386740414167135, 50.85913299613096 ], [ -0.386736866867796, 50.859132156466487 ], [ -0.386733762980117, 50.859131351787333 ], [ -0.386731102504064, 50.859130582093535 ], [ -0.38672888543961, 50.859129847385134 ], [ -0.386727111786729, 50.859129147662159 ], [ -0.386725781545397, 50.859128482924611 ], [ -0.38672489471559, 50.859127853172517 ], [ -0.38672445129729, 50.859127258405891 ], [ -0.386724451290477, 50.859126698624735 ], [ -0.386724063299757, 50.859126208817038 ], [ -0.386723287325136, 50.859125788982816 ], [ -0.386722123366623, 50.859125439122046 ], [ -0.386720571424223, 50.859125159234701 ], [ -0.386718631497934, 50.859124949320815 ], [ -0.386716303587756, 50.859124809380326 ], [ -0.38671358769368, 50.859124739413225 ], [ -0.386710483815697, 50.859124739419478 ], [ -0.386707657068804, 50.85912466945247 ], [ -0.386705107453012, 50.859124529512222 ], [ -0.38670283496833, 50.859124319598727 ], [ -0.386700839614761, 50.859124039712029 ], [ -0.386699121392314, 50.85912368985214 ], [ -0.386697680300985, 50.859123270019047 ], [ -0.386696516340776, 50.859122780212786 ], [ -0.386695629511682, 50.859122220433356 ], [ -0.386694022140323, 50.859121730628239 ], [ -0.386691694226713, 50.859121310797377 ], [ -0.386688645770866, 50.859120960940757 ], [ -0.386684876772785, 50.8591206810583 ], [ -0.386680387232465, 50.859120471149943 ], [ -0.386675177149899, 50.859120331215621 ], [ -0.386669246525073, 50.859120261255214 ], [ -0.386662595357964, 50.859120261268615 ], [ -0.386656498456597, 50.859120401225944 ], [ -0.386650955820916, 50.859120681127301 ], [ -0.386645967450883, 50.85912110097275 ], [ -0.386641533346465, 50.859121660762383 ], [ -0.386637653507642, 50.859122360496251 ], [ -0.3866343279344, 50.859123200174402 ], [ -0.38663155662674, 50.859124179796879 ], [ -0.386629339584671, 50.85912529936374 ], [ -0.386627510529379, 50.859126593861305 ], [ -0.386626069460879, 50.859128063289596 ], [ -0.386625016379185, 50.859129707648634 ], [ -0.386624351284331, 50.85913152693842 ], [ -0.386624074176349, 50.859133521158945 ], [ -0.38662418505529, 50.859135690310261 ], [ -0.386624683921205, 50.859138034392302 ], [ -0.386625570774158, 50.859140553405105 ], [ -0.386626457623336, 50.859142757541079 ], [ -0.386627344468724, 50.859144646800246 ], [ -0.386628231310303, 50.859146221182577 ], [ -0.386629118148057, 50.85914748068808 ], [ -0.386630004981969, 50.859148425316754 ], [ -0.38663089181202, 50.85914905506862 ], [ -0.386631778638195, 50.859149369943658 ], [ -0.386632665460474, 50.859149369941861 ], [ -0.386633441431242, 50.859149474899205 ], [ -0.386634106550501, 50.859149684815669 ], [ -0.386634660818257, 50.859149999691283 ], [ -0.386635104234508, 50.85915041952601 ], [ -0.386635436799257, 50.859150944319886 ], [ -0.386635658512501, 50.859151574072904 ], [ -0.386635769374238, 50.859152308785042 ], [ -0.386635769384461, 50.859153148456343 ], [ -0.386635880246186, 50.859153883168496 ], [ -0.386636101959417, 50.859154512921528 ], [ -0.386636434524157, 50.859155037715411 ], [ -0.386636877940408, 50.859155457550166 ], [ -0.386637432208168, 50.859155772425794 ], [ -0.386638097327439, 50.859155982342287 ], [ -0.386638873298215, 50.859156087299624 ], [ -0.386639760120494, 50.859156087297826 ], [ -0.386640646944448, 50.859156227241236 ], [ -0.386641533770088, 50.859156507129818 ], [ -0.386642420597419, 50.8591569269636 ], [ -0.386643307426451, 50.859157486742561 ], [ -0.38664419425719, 50.859158186466729 ], [ -0.386645081089644, 50.859159026136084 ], [ -0.386645967923823, 50.859160005750624 ], [ -0.386646854759731, 50.859161125310358 ], [ -0.386648185007461, 50.859162314841832 ], [ -0.386649958667054, 50.859163574345018 ], [ -0.386652175738553, 50.859164903819917 ], [ -0.386654836222006, 50.859166303266484 ], [ -0.386657940117466, 50.859167772684678 ], [ -0.386661487424985, 50.859169312074506 ], [ -0.38666547814463, 50.85917092143589 ], [ -0.38666991227646, 50.859172600768808 ], [ -0.386674290979556, 50.859174070184082 ], [ -0.386678614253853, 50.85917532968169 ], [ -0.386682882099289, 50.859176379261697 ], [ -0.386687094515803, 50.85917721892406 ], [ -0.386691251503336, 50.859177848668814 ], [ -0.38669535306183, 50.859178268495938 ], [ -0.386699399191228, 50.859178478405454 ], [ -0.386703389891474, 50.859178478397382 ], [ -0.386707380589355, 50.85917826847156 ], [ -0.386711371284817, 50.859177848628015 ], [ -0.386715361977806, 50.859177218866733 ], [ -0.386719352668266, 50.859176379187737 ], [ -0.386723343356147, 50.85917532959099 ], [ -0.386727334041393, 50.859174070076513 ], [ -0.386731324723949, 50.8591726006443 ] ] ] } },
{ "type": "Feature", "properties": { "fid": 141, "pit_id": 141, "mon_name": "Potential Flint Mine Pit Group", "site": "Cissbury Ring", "mon_type": "Flint mine pit group (potential)", "nhle_id": null, "mon_uid": "MNA205057", "src_shot": "142622", "full_label": "Potential Flint Mine Pit Group, Cissbury Ring", "area_m2": 102.67, "perim_m": 40.66, "diam_m": 11.43 }, "geometry": { "type": "Polygon", "coordinates": [ [ [ -0.38688607460003, 50.859122499943048 ], [ -0.386892725767136, 50.859122499929654 ], [ -0.386898767242728, 50.85912239495822 ], [ -0.386904199026762, 50.859122185028873 ], [ -0.38690902111921, 50.859121870141685 ], [ -0.386913233520052, 50.859121450296747 ], [ -0.38691683622927, 50.859120925494111 ], [ -0.386919829246863, 50.859120295733838 ], [ -0.386922212572832, 50.859119561015945 ], [ -0.386923986207189, 50.859118721340529 ], [ -0.386926036965607, 50.859117181937563 ], [ -0.386928364847966, 50.859114942807061 ], [ -0.386930969854119, 50.859112003948994 ], [ -0.386933851983896, 50.859108365363348 ], [ -0.386937011237099, 50.859104027050094 ], [ -0.386940447613506, 50.859098989009212 ], [ -0.386944161112871, 50.859093251240658 ], [ -0.386948151734919, 50.859086813744426 ], [ -0.386952197786955, 50.859080691124809 ], [ -0.386956299269042, 50.859074883381815 ], [ -0.386960456181243, 50.859069390515423 ], [ -0.386964668523628, 50.859064212525645 ], [ -0.386968936296261, 50.859059349412455 ], [ -0.38697325949922, 50.859054801175859 ], [ -0.386977638132574, 50.859050567815849 ], [ -0.386982072196398, 50.85904664933242 ], [ -0.386986062849105, 50.859042765835859 ], [ -0.386989610090813, 50.859038917326167 ], [ -0.386992713921636, 50.859035103803436 ], [ -0.386995374341691, 50.859031325267679 ], [ -0.386997591351092, 50.859027581718912 ], [ -0.386999364949945, 50.859023873157184 ], [ -0.387000695138362, 50.859020199582496 ], [ -0.387001581916451, 50.859016560994874 ], [ -0.387002246992637, 50.859013237285261 ], [ -0.387002690366985, 50.859010228453656 ], [ -0.387002912039548, 50.859007534500037 ], [ -0.387002912010369, 50.859005155424455 ], [ -0.387002690279482, 50.859003091226874 ], [ -0.387002246846914, 50.859001341907287 ], [ -0.387001581712681, 50.858999907465723 ], [ -0.387000694876792, 50.858998787902159 ], [ -0.38699953091109, 50.858997843271297 ], [ -0.38699808981558, 50.858997073573086 ], [ -0.386996371590262, 50.858996478807533 ], [ -0.386994376235127, 50.85899605897464 ], [ -0.386992103750158, 50.858995814074376 ], [ -0.386989554135336, 50.858995744106743 ], [ -0.386986727390635, 50.858995849071704 ], [ -0.386983623516021, 50.85899612896926 ], [ -0.386980852198445, 50.858996303906814 ], [ -0.386978413437928, 50.858996373884395 ], [ -0.38697630723449, 50.858996338902067 ], [ -0.386974533588141, 50.858996198959794 ], [ -0.386973092498891, 50.858995954057619 ], [ -0.386971983966745, 50.858995604195549 ], [ -0.3869712079917, 50.858995149373577 ], [ -0.386970764573754, 50.858994589591759 ], [ -0.386970210303875, 50.858994099782976 ], [ -0.386969545182063, 50.858993679947275 ], [ -0.38696876920832, 50.858993330084651 ], [ -0.386967882382645, 50.858993050195082 ], [ -0.386966884705036, 50.858992840278567 ], [ -0.386965776175487, 50.858992700335115 ], [ -0.386964556793999, 50.858992630364718 ], [ -0.386963226560564, 50.858992630367368 ], [ -0.386961452916895, 50.85899270034384 ], [ -0.386959235862981, 50.858992840294142 ], [ -0.386956575398812, 50.858993050218224 ], [ -0.386953471524366, 50.858993330116064 ], [ -0.386949924239625, 50.85899367998762 ], [ -0.386945933544565, 50.858994099832856 ], [ -0.386941499439156, 50.858994589651729 ], [ -0.386936621923363, 50.858995149444176 ], [ -0.386932298671438, 50.858995709235359 ], [ -0.386928529683396, 50.85899626902534 ], [ -0.386925314959257, 50.858996828814142 ], [ -0.386922654499039, 50.858997388601836 ], [ -0.386920548302761, 50.858997948388485 ], [ -0.386918996370443, 50.858998508174061 ], [ -0.386917998702103, 50.858999067958635 ], [ -0.386917555297761, 50.8589996277422 ], [ -0.386916945613388, 50.859000117553265 ], [ -0.386916169648981, 50.85900053739185 ], [ -0.386915227404539, 50.859000887257928 ], [ -0.386914118880061, 50.859001167151533 ], [ -0.386912844075552, 50.859001377072609 ], [ -0.386911402991013, 50.859001517021198 ], [ -0.386909795626453, 50.859001586997238 ], [ -0.386908021981874, 50.85900158700079 ], [ -0.386906470043726, 50.859001656976687 ], [ -0.386905139812002, 50.859001796924957 ], [ -0.386904031286698, 50.859002006845614 ], [ -0.386903144467812, 50.859002286738658 ], [ -0.386902479355344, 50.859002636604082 ], [ -0.386902035949295, 50.859003056441907 ], [ -0.386901814249671, 50.859003546252133 ], [ -0.386901814256473, 50.859004106034753 ], [ -0.386901537132224, 50.859004735790748 ], [ -0.386900982876908, 50.859005435520146 ], [ -0.386900151490511, 50.859006205222904 ], [ -0.386899042973014, 50.85900704489903 ], [ -0.3868976573244, 50.859007954548524 ], [ -0.386895994544646, 50.859008934171371 ], [ -0.386894054633727, 50.859009983767557 ], [ -0.386891837591613, 50.859011103337075 ], [ -0.386889509701226, 50.859012572770716 ], [ -0.386887070962501, 50.859014392068481 ], [ -0.386884521375371, 50.859016561230362 ], [ -0.386881860939757, 50.859019080256338 ], [ -0.386879089655588, 50.859021949146424 ], [ -0.386876207522778, 50.85902516790059 ], [ -0.386873214541236, 50.859028736518852 ], [ -0.386870110710871, 50.859032655001172 ], [ -0.386867228585444, 50.859036538496326 ], [ -0.386864568165018, 50.859040387004299 ], [ -0.386862129449653, 50.859044200525155 ], [ -0.38685991243941, 50.85904797905885 ], [ -0.386857917134345, 50.859051722605443 ], [ -0.386856143534517, 50.85905543116489 ], [ -0.386854591639982, 50.85905910473727 ], [ -0.386853261450797, 50.859062743322554 ], [ -0.386852152967428, 50.85906641689342 ], [ -0.386851266189924, 50.859070125449897 ], [ -0.386850601118339, 50.859073868991992 ], [ -0.38685015775272, 50.859077647519683 ], [ -0.386849936093122, 50.859081461033014 ], [ -0.386849936139599, 50.85908530953192 ], [ -0.386850157892202, 50.859089193016473 ], [ -0.38685060135099, 50.859093111486629 ], [ -0.386851155659544, 50.859096785052003 ], [ -0.386851820817882, 50.859100213712615 ], [ -0.386852596826021, 50.859103397468409 ], [ -0.386853483683972, 50.859106336319449 ], [ -0.386854481391743, 50.859109030265671 ], [ -0.386855589949339, 50.859111479307124 ], [ -0.38685680935676, 50.859113683443766 ], [ -0.386858139614004, 50.859115642675626 ], [ -0.386860134984974, 50.859117357002006 ], [ -0.386862795469716, 50.859118826422929 ], [ -0.386866121068248, 50.859120050938294 ], [ -0.386870111780576, 50.85912103054806 ], [ -0.386874767606678, 50.859121765252169 ], [ -0.386880088546516, 50.859122255050529 ], [ -0.38688607460003, 50.859122499943048 ] ] ] } },
{ "type": "Feature", "properties": { "fid": 142, "pit_id": 142, "mon_name": "Tindall's Pit", "site": "Cissbury Ring", "mon_type": "Flint mine pit", "nhle_id": "130704", "mon_uid": "MNA147455", "src_shot": "142609", "full_label": "Tindall's Pit, Cissbury Ring", "area_m2": 138.43, "perim_m": 42.25, "diam_m": 13.28 }, "geometry": { "type": "Polygon", "coordinates": [ [ [ -0.387382247086456, 50.858742126149131 ], [ -0.387382690490904, 50.858741566362717 ], [ -0.387383411027744, 50.858741041562375 ], [ -0.38738440869697, 50.858740551748085 ], [ -0.387385683498574, 50.858740096919888 ], [ -0.38738723543255, 50.858739677077722 ], [ -0.387389064498898, 50.858739292221607 ], [ -0.387391170697612, 50.858738942351522 ], [ -0.387393554028693, 50.858738627467446 ], [ -0.38739621449214, 50.858738347569378 ], [ -0.387399096657689, 50.858737752791448 ], [ -0.38740220052527, 50.858736843133649 ], [ -0.387405526094809, 50.858735618595972 ], [ -0.387409073366221, 50.858734079178376 ], [ -0.387412842339408, 50.858732224880853 ], [ -0.38741683301427, 50.858730055703376 ], [ -0.38742104539069, 50.858727571645936 ], [ -0.387425479468546, 50.858724772708477 ], [ -0.387429470136608, 50.858722113718137 ], [ -0.387433017394984, 50.858719594674938 ], [ -0.387436121243782, 50.858717215578935 ], [ -0.387438781683096, 50.858714976430164 ], [ -0.387440998713014, 50.858712877228641 ], [ -0.387442772333616, 50.858710917974413 ], [ -0.387444102544976, 50.858709098667497 ], [ -0.387444989347158, 50.858707419307898 ], [ -0.387445876151394, 50.858705914881405 ], [ -0.387446762957697, 50.858704585387997 ], [ -0.387447649766074, 50.858703430827717 ], [ -0.387448536576536, 50.858702451200529 ], [ -0.387449423389095, 50.858701646506432 ], [ -0.38745031020376, 50.858701016745449 ], [ -0.387451197020544, 50.85870056191758 ], [ -0.387452083839453, 50.858700282022795 ], [ -0.387452859801411, 50.858699652261841 ], [ -0.387453524906402, 50.858698672634745 ], [ -0.387454079154419, 50.858697343141444 ], [ -0.387454522545458, 50.858695663781994 ], [ -0.38745485507952, 50.858693634556388 ], [ -0.387455076756612, 50.85869125546462 ], [ -0.387455187576743, 50.858688526506683 ], [ -0.387455187539929, 50.858685447682582 ], [ -0.38745502122468, 50.858682438831949 ], [ -0.387454688631026, 50.858679499954768 ], [ -0.387454189758999, 50.858676631051054 ], [ -0.387453524608626, 50.8586738321208 ], [ -0.387452693179937, 50.858671103163985 ], [ -0.387451695472956, 50.858668444180644 ], [ -0.38745053148771, 50.858665855170742 ], [ -0.387449201224218, 50.858663336134285 ], [ -0.387447482975773, 50.858660817098546 ], [ -0.387445376742438, 50.858658298063524 ], [ -0.387442882524278, 50.858655779029164 ], [ -0.387440000321356, 50.858653259995478 ], [ -0.387436730133735, 50.85865074096241 ], [ -0.38743307196148, 50.858648221929947 ], [ -0.387429025804654, 50.858645702898059 ], [ -0.387424591663325, 50.858643183866697 ], [ -0.387420711789203, 50.858640909740735 ], [ -0.387417386182149, 50.858638880520282 ], [ -0.387414614842033, 50.858637096205356 ], [ -0.38741239776875, 50.858635556795996 ], [ -0.387410734962207, 50.858634262292227 ], [ -0.387409626422331, 50.858633212694095 ], [ -0.38740907214907, 50.858632408001597 ], [ -0.387409072142381, 50.858631848214749 ], [ -0.387408795003708, 50.858631288428455 ], [ -0.387408240733058, 50.85863072864273 ], [ -0.387407409330442, 50.858630168857545 ], [ -0.38740630079587, 50.858629609072942 ], [ -0.387404915129353, 50.858629049288865 ], [ -0.387403252330901, 50.858628489505335 ], [ -0.387401312400525, 50.858627929722331 ], [ -0.387399095338233, 50.858627369939825 ], [ -0.387396157733713, 50.858626880132405 ], [ -0.387392499586974, 50.858626460300023 ], [ -0.387388120898019, 50.858626110442586 ], [ -0.387383021666851, 50.85862583056003 ], [ -0.387377201893458, 50.858625620652269 ], [ -0.387370661577828, 50.858625480719191 ], [ -0.387363400719939, 50.858625410760652 ], [ -0.387355419319768, 50.85862541077654 ], [ -0.38734793675894, 50.85862555073787 ], [ -0.387340953037391, 50.858625830644719 ], [ -0.387334468155065, 50.85862625049721 ], [ -0.387328482111913, 50.858626810295391 ], [ -0.3873229949079, 50.858627510039362 ], [ -0.387318006542994, 50.85862834972918 ], [ -0.387313517017178, 50.858629329364909 ], [ -0.38730952633044, 50.858630448946613 ], [ -0.387305646499115, 50.858631778448036 ], [ -0.387301877523159, 50.858633317869156 ], [ -0.387298219402532, 50.858635067210017 ], [ -0.387294672137195, 50.85863702647061 ], [ -0.387291235727113, 50.858639195650959 ], [ -0.387287910172254, 50.858641574751054 ], [ -0.387284695472589, 50.858644163770919 ], [ -0.387281591628092, 50.858646962710566 ], [ -0.387278820345138, 50.858650041542397 ], [ -0.387276381623738, 50.858653400266469 ], [ -0.387274275463921, 50.858657038882761 ], [ -0.387272501865726, 50.858660957391329 ], [ -0.3872710608292, 50.858665155792181 ], [ -0.387269952354408, 50.858669634085317 ], [ -0.387269176441424, 50.858674392270743 ], [ -0.387268733090332, 50.858679430348474 ], [ -0.387268456012026, 50.858683943626161 ], [ -0.38726834520657, 50.85868793210377 ], [ -0.387268400674009, 50.858691395781328 ], [ -0.387268622414382, 50.858694334658843 ], [ -0.387269010427719, 50.858696748736314 ], [ -0.387269564714031, 50.858698638013706 ], [ -0.387270285273323, 50.858700002491048 ], [ -0.387271172105585, 50.858700842168332 ], [ -0.387271948085917, 50.858701751819062 ], [ -0.387272613214316, 50.858702731443231 ], [ -0.387273167490778, 50.858703781040816 ], [ -0.387273610915297, 50.858704900611876 ], [ -0.387273943487867, 50.85870609015636 ], [ -0.387274165208483, 50.858707349674283 ], [ -0.387274276077133, 50.858708679165666 ], [ -0.387274276093812, 50.85871007863048 ], [ -0.387274386961178, 50.858711303161968 ], [ -0.387274608679239, 50.858712352760151 ], [ -0.387274941248002, 50.858713227425014 ], [ -0.387275384667468, 50.85871392715655 ], [ -0.38727593893764, 50.858714451954761 ], [ -0.387276604058511, 50.858714801819659 ], [ -0.387277380030081, 50.858714976751216 ], [ -0.387278266852341, 50.858714976749454 ], [ -0.38727959709001, 50.858715361599579 ], [ -0.387281370743131, 50.858716131301577 ], [ -0.387283587811775, 50.858717285855398 ], [ -0.387286248296028, 50.858718825261057 ], [ -0.387289352195999, 50.858720749518518 ], [ -0.387292899511824, 50.858723058627717 ], [ -0.387296890243655, 50.858725752588654 ], [ -0.387301324391668, 50.858728831401265 ], [ -0.387305536830738, 50.85873159533476 ], [ -0.387309527560741, 50.858734044389159 ], [ -0.38731329658156, 50.858736178564484 ], [ -0.387316843893087, 50.858737997860764 ], [ -0.387320169495224, 50.858739502278006 ], [ -0.387323273387883, 50.858740691816244 ], [ -0.387326155570983, 50.858741566475466 ], [ -0.387328816044454, 50.858742126255713 ], [ -0.387331809075466, 50.85874261606223 ], [ -0.387335134664021, 50.858743035894975 ], [ -0.387338792810111, 50.858743385753918 ], [ -0.387342783513729, 50.858743665639032 ], [ -0.387347106774863, 50.858743875550282 ], [ -0.3873517625935, 50.858744015487638 ], [ -0.387356750969621, 50.858744085451065 ], [ -0.387362071903208, 50.858744085440492 ], [ -0.387366783145683, 50.858744015457745 ], [ -0.387370884697026, 50.858743875502903 ], [ -0.387374376557223, 50.858743665576021 ], [ -0.387377258726264, 50.858743385677172 ], [ -0.387379531204148, 50.858743035806384 ], [ -0.387381193990876, 50.858742615963699 ], [ -0.387382247086456, 50.858742126149131 ] ] ] } }
]
}
